ProteinDefinition,ProteinId,ProteinName,ProteinDescription
mitochondrial 39S ribosomal protein L9,NP_001007697,gi|56090208|ref|NP_001007697.1|,mitochondrial ribosomal protein L9 [Rattus norvegicus]
fibrinogen alpha chain isoform 1,NP_001008724,gi|56797757|ref|NP_001008724.1|,fibrinogen alpha chain isoform 1 [Rattus norvegicus]
endoglin,NP_001010968,IPI:IPI00454534.1|TREMBL:Q6Q3E8|REFSEQ:NP_001010968,Tax_Id=10116 Gene_Symbol=Eng endoglin
"spectrin alpha chain, erythrocyte",NP_001011908,IPI:IPI00560498.2|ENSEMBL:ENSRNOP00000049978|REFSEQ:NP_001011908,"Tax_Id=10116 Gene_Symbol=Spta1 spectrin, alpha, erythrocytic 1"
antithrombin-III,NP_001012027,gi|58865630|ref|NP_001012027.1|,"serine (or cysteine) peptidase inhibitor, clade C (antithrombin), member 1 [Rattus norvegicus]"
antithrombin-III,NP_001012027,IPI:IPI00372372.2|TREMBL:Q5M7T5|ENSEMBL:ENSRNOP00000003748|REFSEQ:NP_001012027,
immunoglobulin heavy chain (gamma polypeptide),NP_001013967,gi|62078619|ref|NP_001013967.1|,Immunoglobulin heavy chain (gamma polypeptide) [Rattus norvegicus]
alpha-1-inhibitor 3,NP_001033064,gi|83816939|ref|NP_001033064.1|,alpha-1-inhibitor III [Rattus norvegicus]
"protein phosphatase 1K, mitochondrial",NP_001101333,IPI:IPI00189308.2|ENSEMBL:ENSRNOP00000009202|REFSEQ:NP_001101333,Tax_Id=10116 Gene_Symbol=Ppm1k protein phosphatase 1K
interleukin-1 receptor-like 1 Fit-1M,NP_001121161,IPI:IPI00201315.2|SWISS-PROT:Q62611-1|ENSEMBL:ENSRNOP00000020108|REFSEQ:NP_001121161,Tax_Id=10116 Gene_Symbol=Il1rl1 Isoform A of Interleukin-1 receptor-like 1
alpha-2-macroglobulin,NP_036620,gi|6978425|ref|NP_036620.1|,alpha-2-macroglobulin [Rattus norvegicus]
fructose-bisphosphate aldolase C,NP_036629,IPI:IPI00231736.9|SWISS-PROT:P09117|ENSEMBL:ENSRNOP00000015535|REFSEQ:NP_036629,Tax_Id=10116 Gene_Symbol=Aldoc Fructose-bisphosphate aldolase C
ceruloplasmin,NP_036664,gi|6978695|ref|NP_036664.1|,ceruloplasmin [Rattus norvegicus]
fibrinogen gamma chain,NP_036691,gi|61098186|ref|NP_036691.2|,fibrinogen gamma chain [Rattus norvegicus]
haptoglobin,NP_036714,gi|60097941|ref|NP_036714.2|,haptoglobin [Rattus norvegicus]
atrial natriuretic peptide receptor 1,NP_036745,IPI:IPI00196307.1|SWISS-PROT:P18910|ENSEMBL:ENSRNOP00000020307|REFSEQ:NP_036745,Tax_Id=10116 Gene_Symbol=Npr1 Atrial natriuretic peptide receptor A
renin,NP_036774,IPI:IPI00211210.1|SWISS-PROT:P08424|TREMBL:Q9JIE2;Q9R258|ENSEMBL:ENSRNOP00000003951|REFSEQ:NP_036774,Tax_Id=10116 Gene_Symbol=Ren Renin
serine protease inhibitor A3K,NP_036789,gi|6981576|ref|NP_036789.1|,serine protease inhibitor 2b [Rattus norvegicus]
T-kininogen 1,NP_036828,gi|80861401|ref|NP_036828.2|,kininogen 1 [Rattus norvegicus]
apolipoprotein A-IV,NP_036869,gi|8392909|ref|NP_036869.1|,apolipoprotein A-IV [Rattus norvegicus]
apolipoprotein A-I,NP_036870,IPI:IPI00197703.2|SWISS-PROT:P04639|REFSEQ:NP_036870,Tax_Id=10116 Gene_Symbol=Apoa1 Apolipoprotein A-I
neuropeptide Y receptor type 5,NP_037001,IPI:IPI00211025.2|SWISS-PROT:Q63634|ENSEMBL:ENSRNOP00000018976;ENSRNOP00000046065|REFSEQ:NP_037001,Tax_Id=10116 Gene_Symbol=Npy5r Neuropeptide Y receptor type 5
alpha-2-HS-glycoprotein,NP_037030,IPI:IPI00327469.1|SWISS-PROT:P24090|ENSEMBL:ENSRNOP00000055223|REFSEQ:NP_037030,Tax_Id=10116 Gene_Symbol=Ahsg Alpha-2-HS-glycoprotein
apolipoprotein A-II,NP_037244,IPI:IPI00197700.1|SWISS-PROT:P04638|ENSEMBL:ENSRNOP00000004662|REFSEQ:NP_037244,Tax_Id=10116 Gene_Symbol=Apoa2 Apolipoprotein A-II
complement C3,NP_058690,gi|8393024|ref|NP_058690.1|,complement component 3 [Rattus norvegicus]
interleukin-6 receptor subunit alpha,NP_058716,IPI:IPI00205182.1|SWISS-PROT:P22273|ENSEMBL:ENSRNOP00000028234|REFSEQ:NP_058716,Tax_Id=10116 Gene_Symbol=Il6ra Interleukin-6 receptor subunit alpha
fibronectin,NP_062016,gi|9506703|ref|NP_062016.1|,fibronectin 1 [Rattus norvegicus]
regulator of G-protein signaling 12,NP_062212,IPI:IPI00389102.1|SWISS-PROT:O08774-1|ENSEMBL:ENSRNOP00000045065|REFSEQ:NP_062212,Tax_Id=10116 Gene_Symbol=Rgs12 Isoform 1 of Regulator of G-protein signaling 12
inter-alpha-inhibitor H4 heavy chain,NP_062242,gi|9506819|ref|NP_062242.1|,inter-alpha-inhibitor H4 heavy chain [Rattus norvegicus]
prothrombin,NP_075213,gi|12621076|ref|NP_075213.1|,coagulation factor II [Rattus norvegicus]
"apoptosis-inducing factor 1, mitochondrial",NP_112646,IPI:IPI00204118.1|SWISS-PROT:Q9JM53|ENSEMBL:ENSRNOP00000008503|REFSEQ:NP_112646,"Tax_Id=10116 Gene_Symbol=Aifm1 Apoptosis-inducing factor 1, mitochondrial"
complement C4,NP_113692,gi|29789265|ref|NP_113692.1|,complement component 4a [Rattus norvegicus]
phospholipase D2,NP_150641,IPI:IPI00188899.3|SWISS-PROT:P70498|TREMBL:Q8K4D5|ENSEMBL:ENSRNOP00000026640|REFSEQ:NP_150641,Tax_Id=10116 Gene_Symbol=Pld2 Phospholipase D2
clusterin,NP_444180,IPI:IPI00198667.7|SWISS-PROT:P05371|TREMBL:O35510;Q6LD37;Q6P7S6|ENSEMBL:ENSRNOP00000022095|REFSEQ:NP_444180,Tax_Id=10116 Gene_Symbol=Clu Clusterin
hemopexin,NP_445770,gi|16758014|ref|NP_445770.1|,hemopexin [Rattus norvegicus]
atrial natriuretic peptide receptor 2,NP_446290,IPI:IPI00209211.1|SWISS-PROT:P16067|ENSEMBL:ENSRNOP00000021802|REFSEQ:NP_446290,Tax_Id=10116 Gene_Symbol=Npr2 Atrial natriuretic peptide receptor B
complement component C9,NP_476487,gi|16924006|ref|NP_476487.1|,complement component 9 [Rattus norvegicus]
angiotensinogen,NP_602308,IPI:IPI00209744.1|SWISS-PROT:P01015|ENSEMBL:ENSRNOP00000024917|REFSEQ:NP_602308,Tax_Id=10116 Gene_Symbol=Agt Angiotensinogen
apolipoprotein E,NP_620183,gi|20301954|ref|NP_620183.1|,apolipoprotein E [Rattus norvegicus]
alpha-1-macroglobulin,NP_665722,gi|21955142|ref|NP_665722.1|,pregnancy-zone protein [Rattus norvegicus]
afamin,NP_758823,gi|27229290|ref|NP_758823.1|,afamin [Rattus norvegicus]
atrial natriuretic peptide-converting enzyme,NP_872279,IPI:IPI00331922.1|TREMBL:Q80YN4|ENSEMBL:ENSRNOP00000003142|REFSEQ:NP_872279,Tax_Id=10116 Gene_Symbol=Corin Corin
serine protease inhibitor,NP_872280,gi|32563565|ref|NP_872280.1|,serine protease inhibitor 2a [Rattus norvegicus]
PREDICTED: hypothetical protein,XP_001053003,gi|109479920|ref|XP_001053003.1|,PREDICTED: hypothetical protein [Rattus norvegicus]
PREDICTED: similar to histidine-rich glycoprotein-like,XP_001057320,gi|109494630|ref|XP_001057320.1|,PREDICTED: similar to histidine-rich glycoprotein [Rattus norvegicus]
PREDICTED: similar to C1 domain-containing phosphatase and tensin-like protein isoform 3,XP_001066264,gi|109482955|ref|XP_001066264.1|,PREDICTED: similar to C1 domain-containing phosphatase and tensin-like protein isoform 3 [Rattus norvegicus]
"PREDICTED: similar to protein tyrosine phosphatase, receptor type, D",XP_001067936,gi|109476670|ref|XP_001067936.1|,PREDICTED: similar to Receptor-type tyrosine-protein phosphatase delta precursor (Protein-tyrosine phosphatase delta) (R-PTP-delta) [Rattus norvegicus]
PREDICTED: similar to cardiomyopathy associated 5,XP_001068814,gi|109464256|ref|XP_001068814.1|,PREDICTED: similar to cardiomyopathy associated 5 [Rattus norvegicus]
"PREDICTED: similar to serine (or cysteine) proteinase inhibitor, clade A, member 3M",XP_216782,gi|34867677|ref|XP_216782.2|,PREDICTED: similar to Serine protease inhibitor A3M precursor (Serine protease inhibitor 2.4) (SPI-2.4) [Rattus norvegicus]
