﻿<?xml version="1.0" encoding="utf-8"?>
<MethodInfo>
  <!--If this version is updated, ensure version number for m_AutomationMethodVersion in MethodDAQualRW -->
  <Version>3.0</Version>
  <!--Information for Data Analysis method information-->
  <AutomationOption>
  </AutomationOption>
  <MethodOption>Copy</MethodOption>
  <ChangeToMethod>
  </ChangeToMethod>
  <MethodMessage>D:\MassHunter\Data\Linfeng\MRM Proteomics\Kits Info\Biomarker Assessment Kit for 76 proteins-Lot3015\Methods\Acquisition\BAK-76_A6495_101peptides_top3_SIS_NAT.m</MethodMessage>
  <MethodCopiedAt>
  </MethodCopiedAt>
</MethodInfo>