<DeviceConfigInformation>
  <Device>
    <DeviceID>TCC_1</DeviceID>
    <DisplayName>Column Comp.</DisplayName>
  </Device>
  <Device>
    <DeviceID>HiP-ALS_1</DeviceID>
    <DisplayName>Multisampler</DisplayName>
  </Device>
  <Parameter>
    <DeviceID>TCC_1</DeviceID>
    <ResourceName>ExtendedRunInformation</ResourceName>
    <ResourceID>RunStart_ValvePosition_Description</ResourceID>
    <Value>Position 2 (Port 1 -&gt; 2)</Value>
    <Units />
    <DisplayName>Run Start Valve Pos. Desc.</DisplayName>
  </Parameter>
  <Parameter>
    <DeviceID>TCC_1</DeviceID>
    <ResourceName>ExtendedRunInformation</ResourceName>
    <ResourceID>RunStart_ValvePosition_Number</ResourceID>
    <Value>1</Value>
    <Units />
    <DisplayName>Run Start Valve Pos. No.</DisplayName>
  </Parameter>
  <Parameter>
    <DeviceID>HiP-ALS_1</DeviceID>
    <ResourceName>method</ResourceName>
    <ResourceID>Thermostat_Temperature</ResourceID>
    <Value />
    <Units>°C</Units>
    <DisplayName>Thermostat Temp.</DisplayName>
  </Parameter>
  <Parameter>
    <DeviceID>TCC_1</DeviceID>
    <ResourceName>ExtendedRunInformation</ResourceName>
    <ResourceID>RunStop_ValvePosition_Description</ResourceID>
    <Value>Position 2 (Port 1 -&gt; 2)</Value>
    <Units />
    <DisplayName>Run Stop Valve Pos. Desc.</DisplayName>
  </Parameter>
  <Parameter>
    <DeviceID>TCC_1</DeviceID>
    <ResourceName>ExtendedRunInformation</ResourceName>
    <ResourceID>RunStop_ValvePosition_Number</ResourceID>
    <Value>1</Value>
    <Units />
    <DisplayName>Run Stop Valve Pos. No.</DisplayName>
  </Parameter>
</DeviceConfigInformation>