﻿<?xml version="1.0" encoding="utf-8"?>
<Devices>
  <Version>1</Version>
  <Device DeviceID="1">
    <Name>TandemQuadrupole</Name>
    <DriverVersion>3.1.488</DriverVersion>
    <FirmwareVersion>9.4.43</FirmwareVersion>
    <ModelNumber>G6495D</ModelNumber>
    <OrdinalNumber>1</OrdinalNumber>
    <SerialNumber>SCS-RD-Ada-BB5-0829</SerialNumber>
    <Type>5</Type>
    <StoredDataType>8</StoredDataType>
    <Delay>0</Delay>
    <Vendor>1</Vendor>
  </Device>
  <Device DeviceID="1011">
    <Name>HiP-ALS</Name>
    <ModelNumber>G7137A</ModelNumber>
    <OrdinalNumber>1</OrdinalNumber>
    <SerialNumber>DEBBS00154</SerialNumber>
    <Type>21</Type>
    <StoredDataType>2</StoredDataType>
    <Delay>0</Delay>
    <Vendor>1</Vendor>
  </Device>
  <Device DeviceID="1012">
    <Name>BinPump</Name>
    <ModelNumber>G7132A</ModelNumber>
    <OrdinalNumber>1</OrdinalNumber>
    <SerialNumber>DEBBW00177</SerialNumber>
    <Type>31</Type>
    <StoredDataType>2</StoredDataType>
    <Delay>0</Delay>
    <Vendor>1</Vendor>
  </Device>
  <Device DeviceID="1013">
    <Name>TCC</Name>
    <ModelNumber>G7116B</ModelNumber>
    <OrdinalNumber>1</OrdinalNumber>
    <SerialNumber>DEBA408068</SerialNumber>
    <Type>40</Type>
    <StoredDataType>2</StoredDataType>
    <Delay>0</Delay>
    <Vendor>1</Vendor>
  </Device>
</Devices>