<SampleInfo>
  <Version>1.0</Version>
  <Field>
    <Name>OriginalOrder</Name>
    <DisplayName>Original Order</DisplayName>
    <Value>2</Value>
    <DisplayValue>2</DisplayValue>
    <DataType>1</DataType>
    <Units>
    </Units>
    <FieldType>CustomParam</FieldType>
    <Overridden>False</Overridden>
  </Field>
  <Field>
    <Name>RandomizedOrder</Name>
    <DisplayName>Randomized Order</DisplayName>
    <Value>2</Value>
    <DisplayValue>2</DisplayValue>
    <DataType>1</DataType>
    <Units>
    </Units>
    <FieldType>CustomParam</FieldType>
    <Overridden>False</Overridden>
  </Field>
  <Field>
    <Name>Sample ID</Name>
    <DisplayName>Sample ID</DisplayName>
    <Value>
    </Value>
    <DisplayValue>
    </DisplayValue>
    <DataType>8</DataType>
    <Units>
    </Units>
    <FieldType>SystemDefined</FieldType>
    <Overridden>False</Overridden>
  </Field>
  <Field>
    <Name>Sample Name</Name>
    <DisplayName>Sample Name</DisplayName>
    <Value>Standard</Value>
    <DisplayValue>Standard</DisplayValue>
    <DataType>8</DataType>
    <Units>
    </Units>
    <FieldType>SystemDefined</FieldType>
    <Overridden>False</Overridden>
  </Field>
  <Field>
    <Name>Sample Position</Name>
    <DisplayName>Sample Position</DisplayName>
    <Value>P2-A3</Value>
    <DisplayValue>P2-A3</DisplayValue>
    <DataType>8</DataType>
    <Units>
    </Units>
    <FieldType>SystemDefined</FieldType>
    <Overridden>False</Overridden>
  </Field>
  <Field>
    <Name>Method</Name>
    <DisplayName>Method</DisplayName>
    <Value>D:\Projects\LWu\Data\Skyline\HSA7_2023817_091607.s\.System\methods\Step-B\MethodB_0002.m</Value>
    <DisplayValue>D:\Projects\LWu\Data\Skyline\HSA7_2023817_091607.s\.System\methods\Step-B\MethodB_0002.m</DisplayValue>
    <DataType>8</DataType>
    <Units>
    </Units>
    <FieldType>SystemDefined</FieldType>
    <Overridden>False</Overridden>
  </Field>
  <Field>
    <Name>Override DA Method</Name>
    <DisplayName>Override DA Method</DisplayName>
    <Value>
    </Value>
    <DisplayValue>
    </DisplayValue>
    <DataType>8</DataType>
    <Units>
    </Units>
    <FieldType>SystemDefined</FieldType>
    <Overridden>False</Overridden>
  </Field>
  <Field>
    <Name>Data File</Name>
    <DisplayName>Data File</DisplayName>
    <Value>D:\Projects\LWu\Data\Skyline\HSA7_2023817_091607.s\Step-B_MethodB_0002.d</Value>
    <DisplayValue>D:\Projects\LWu\Data\Skyline\HSA7_2023817_091607.s\Step-B_MethodB_0002.d</DisplayValue>
    <DataType>8</DataType>
    <Units>
    </Units>
    <FieldType>SystemDefined</FieldType>
    <Overridden>False</Overridden>
  </Field>
  <Field>
    <Name>Sample Type</Name>
    <DisplayName>Sample Type</DisplayName>
    <Value>Sample</Value>
    <DisplayValue>Sample</DisplayValue>
    <DataType>8</DataType>
    <Units>
    </Units>
    <FieldType>SystemDefined</FieldType>
    <Overridden>False</Overridden>
  </Field>
  <Field>
    <Name>Level Name</Name>
    <DisplayName>Level Name</DisplayName>
    <Value>
    </Value>
    <DisplayValue>
    </DisplayValue>
    <DataType>8</DataType>
    <Units>
    </Units>
    <FieldType>SystemDefined</FieldType>
    <Overridden>False</Overridden>
  </Field>
  <Field>
    <Name>Method Type</Name>
    <DisplayName>Method Type</DisplayName>
    <Value>Method No Override</Value>
    <DisplayValue>Method No Override</DisplayValue>
    <DataType>8</DataType>
    <Units>
    </Units>
    <FieldType>SystemDefined</FieldType>
    <Overridden>False</Overridden>
  </Field>
  <Field>
    <Name>Balance Override</Name>
    <DisplayName>Balance Override</DisplayName>
    <Value>No Override</Value>
    <DisplayValue>No Override</DisplayValue>
    <DataType>8</DataType>
    <Units>
    </Units>
    <FieldType>SystemDefined</FieldType>
    <Overridden>False</Overridden>
  </Field>
  <Field>
    <Name>Inj Vol (µl)</Name>
    <DisplayName>Inj Vol (µl)</DisplayName>
    <Value>20</Value>
    <DisplayValue>20</DisplayValue>
    <DataType>5</DataType>
    <Units>
    </Units>
    <FieldType>SystemDefined</FieldType>
    <Overridden>False</Overridden>
  </Field>
  <Field>
    <Name>Equilib Time (min)</Name>
    <DisplayName>Equilib Time (min)</DisplayName>
    <Value>0</Value>
    <DisplayValue>0</DisplayValue>
    <DataType>5</DataType>
    <Units>
    </Units>
    <FieldType>SystemDefined</FieldType>
    <Overridden>False</Overridden>
  </Field>
  <Field>
    <Name>Dilution</Name>
    <DisplayName>Dilution</DisplayName>
    <Value>1</Value>
    <DisplayValue>1</DisplayValue>
    <DataType>5</DataType>
    <Units>
    </Units>
    <FieldType>SystemDefined</FieldType>
    <Overridden>False</Overridden>
  </Field>
  <Field>
    <Name>Wt/Vol</Name>
    <DisplayName>Wt/Vol</DisplayName>
    <Value>0</Value>
    <DisplayValue>0</DisplayValue>
    <DataType>5</DataType>
    <Units>
    </Units>
    <FieldType>SystemDefined</FieldType>
    <Overridden>False</Overridden>
  </Field>
  <Field>
    <Name>Comment</Name>
    <DisplayName>Comment</DisplayName>
    <Value>
    </Value>
    <DisplayValue>
    </DisplayValue>
    <DataType>8</DataType>
    <Units>
    </Units>
    <FieldType>SystemDefined</FieldType>
    <Overridden>False</Overridden>
  </Field>
  <Field>
    <Name>Barcode</Name>
    <DisplayName>Barcode</DisplayName>
    <Value>
    </Value>
    <DisplayValue>
    </DisplayValue>
    <DataType>8</DataType>
    <Units>
    </Units>
    <FieldType>SystemDefined</FieldType>
    <Overridden>False</Overridden>
  </Field>
  <Field>
    <Name>SampleGroup</Name>
    <DisplayName>Sample Group</DisplayName>
    <Value>
    </Value>
    <DisplayValue>
    </DisplayValue>
    <DataType>8</DataType>
    <Units>
    </Units>
    <FieldType>SystemDefined</FieldType>
    <Overridden>False</Overridden>
  </Field>
  <Field>
    <Name>SampleInformation</Name>
    <DisplayName>Info.</DisplayName>
    <Value>
    </Value>
    <DisplayValue>
    </DisplayValue>
    <DataType>8</DataType>
    <Units>
    </Units>
    <FieldType>SystemDefined</FieldType>
    <Overridden>False</Overridden>
  </Field>
  <Field>
    <Name>SampleAmount</Name>
    <DisplayName>Sample Amount</DisplayName>
    <Value>
    </Value>
    <DisplayValue>
    </DisplayValue>
    <DataType>8</DataType>
    <Units>
    </Units>
    <FieldType>SystemDefined</FieldType>
    <Overridden>False</Overridden>
  </Field>
  <Field>
    <Name>TotalSampleAmount</Name>
    <DisplayName>Total Sample Amount</DisplayName>
    <Value>
    </Value>
    <DisplayValue>
    </DisplayValue>
    <DataType>8</DataType>
    <Units>
    </Units>
    <FieldType>SystemDefined</FieldType>
    <Overridden>False</Overridden>
  </Field>
  <Field>
    <Name>StreamInfo</Name>
    <DisplayName>Stream Name</DisplayName>
    <Value>LC 1</Value>
    <DisplayValue>LC 1</DisplayValue>
    <DataType>8</DataType>
    <Units>
    </Units>
    <FieldType>SystemDefined</FieldType>
    <Overridden>False</Overridden>
  </Field>
  <Field>
    <Name>AcqTime</Name>
    <DisplayName>Acquisition Time</DisplayName>
    <Value>2023-08-17T10:22:39.8886133-07:00</Value>
    <DisplayValue>2023-08-17T10:22:39.8886133-07:00</DisplayValue>
    <DataType>8</DataType>
    <Units>
    </Units>
    <FieldType>SystemDefined</FieldType>
    <Overridden>False</Overridden>
  </Field>
  <Field>
    <Name>SampleLockedRunMode</Name>
    <DisplayName>Locked Run</DisplayName>
    <Value>0</Value>
    <DisplayValue>0</DisplayValue>
    <DataType>11</DataType>
    <Units>
    </Units>
    <FieldType>SystemDefined</FieldType>
    <Overridden>False</Overridden>
  </Field>
  <Field>
    <Name>RunCompletedFlag</Name>
    <DisplayName>Run Completed</DisplayName>
    <Value>-1</Value>
    <DisplayValue>-1</DisplayValue>
    <DataType>11</DataType>
    <Units>
    </Units>
    <FieldType>SystemDefined</FieldType>
    <Overridden>False</Overridden>
  </Field>
  <Field>
    <Name>OperatorName</Name>
    <DisplayName>Operator Name</DisplayName>
    <Value>SYSTEM (SYSTEM)</Value>
    <DisplayValue>SYSTEM (SYSTEM)</DisplayValue>
    <DataType>8</DataType>
    <Units>
    </Units>
    <FieldType>SystemDefined</FieldType>
    <Overridden>False</Overridden>
  </Field>
  <Field>
    <Name>InstrumentName</Name>
    <DisplayName>Instrument Name</DisplayName>
    <Value>ADA-LP5</Value>
    <DisplayValue>ADA-LP5</DisplayValue>
    <DataType>8</DataType>
    <Units>
    </Units>
    <FieldType>SystemDefined</FieldType>
    <Overridden>False</Overridden>
  </Field>
  <Field>
    <Name>CombinedExportOutputFile</Name>
    <DisplayName>Combined Export Output File</DisplayName>
    <Value>
    </Value>
    <DisplayValue>
    </DisplayValue>
    <DataType>8</DataType>
    <Units>
    </Units>
    <FieldType>SystemDefined</FieldType>
    <Overridden>False</Overridden>
  </Field>
  <Field>
    <Name>TuneDateStamp</Name>
    <DisplayName>TuneDateStamp</DisplayName>
    <Value>2023-08-08T14:10:57-07:00</Value>
    <DisplayValue>2023-08-08T14:10:57-07:00</DisplayValue>
    <DataType>8</DataType>
    <Units>
    </Units>
    <FieldType>SYSTEM</FieldType>
    <Overridden>False</Overridden>
  </Field>
  <Field>
    <Name>MethodVersion</Name>
    <DisplayName>Method Version</DisplayName>
    <Value>NA</Value>
    <DisplayValue>NA</DisplayValue>
    <DataType>8</DataType>
    <Units>
    </Units>
    <FieldType>SystemDefined</FieldType>
    <Overridden>False</Overridden>
  </Field>
  <Field>
    <Name>OverrideDAMethodVersion</Name>
    <DisplayName>Override DA Method Version</DisplayName>
    <Value>
    </Value>
    <DisplayValue>
    </DisplayValue>
    <DataType>8</DataType>
    <Units>
    </Units>
    <FieldType>SystemDefined</FieldType>
    <Overridden>False</Overridden>
  </Field>
  <Field>
    <Name>DataFileVersion</Name>
    <DisplayName>Data File Version</DisplayName>
    <Value>NA</Value>
    <DisplayValue>NA</DisplayValue>
    <DataType>8</DataType>
    <Units>
    </Units>
    <FieldType>SystemDefined</FieldType>
    <Overridden>False</Overridden>
  </Field>
  <Field>
    <Name>AcqWorkstationName</Name>
    <DisplayName>Acquisition Workstation</DisplayName>
    <Value>ADA-LP5</Value>
    <DisplayValue>ADA-LP5</DisplayValue>
    <DataType>8</DataType>
    <Units>
    </Units>
    <FieldType>SystemDefined</FieldType>
    <Overridden>False</Overridden>
  </Field>
  <Field>
    <Name>DAWorkstationName</Name>
    <DisplayName>DA Workstation</DisplayName>
    <Value>ADA-LP5</Value>
    <DisplayValue>ADA-LP5</DisplayValue>
    <DataType>8</DataType>
    <Units>
    </Units>
    <FieldType>SystemDefined</FieldType>
    <Overridden>False</Overridden>
  </Field>
</SampleInfo>