500.782359,703.388585,20,Library Peptides.A[+56]GLQFPVGR.+2y6.light,67.6,26.9
500.782359,575.330007,20,Library Peptides.A[+56]GLQFPVGR.+2y5.light,67.6,26.9
500.782359,428.261593,20,Library Peptides.A[+56]GLQFPVGR.+2y4.light,67.6,26.9
505.786493,713.396854,20,Library Peptides.A[+56]GLQFPVGR.+2y6.heavy,67.6,26.9
505.786493,585.338276,20,Library Peptides.A[+56]GLQFPVGR.+2y5.heavy,67.6,26.9
505.786493,438.269862,20,Library Peptides.A[+56]GLQFPVGR.+2y4.heavy,67.6,26.9
536.317097,760.431178,20,Library Peptides.A[+56]R[2Me]TK[+56]QTAR.+2y6.light,70.2,28.2
536.317097,659.3835,20,Library Peptides.A[+56]R[2Me]TK[+56]QTAR.+2y5.light,70.2,28.2
536.317097,175.118952,20,Library Peptides.A[+56]R[2Me]TK[+56]QTAR.+2y1.light,70.2,28.2
541.321232,770.439447,20,Library Peptides.A[+56]R[2Me]TK[+56]QTAR.+2y6.heavy,70.2,28.2
541.321232,669.391769,20,Library Peptides.A[+56]R[2Me]TK[+56]QTAR.+2y5.heavy,70.2,28.2
541.321232,185.127221,20,Library Peptides.A[+56]R[2Me]TK[+56]QTAR.+2y1.heavy,70.2,28.2
701.851698,243.097548,20,Library Peptides.D[+56]AVTYTEHAK[+56]R.+2b2.light,82.3,34.1
701.851698,1061.537434,20,Library Peptides.D[+56]AVTYTEHAK[+56]R.+2y8.light,82.3,34.1
701.851698,797.426427,20,Library Peptides.D[+56]AVTYTEHAK[+56]R.+2y6.light,82.3,34.1
706.855833,243.097548,20,Library Peptides.D[+56]AVTYTEHAK[+56]R.+2b2.heavy,82.3,34.1
706.855833,1071.545703,20,Library Peptides.D[+56]AVTYTEHAK[+56]R.+2y8.heavy,82.3,34.1
706.855833,807.434696,20,Library Peptides.D[+56]AVTYTEHAK[+56]R.+2y6.heavy,82.3,34.1
781.396469,299.160148,20,Library Peptides.E[+56]IAQDFK[+170_1]TDLR.+2b2.light,88.1,37
781.396469,1064.537099,20,Library Peptides.E[+56]IAQDFK[+170_1]TDLR.+2y7.light,88.1,37
781.396469,288.203016,20,Library Peptides.E[+56]IAQDFK[+170_1]TDLR.+2y2.light,88.1,37
786.400604,299.160148,20,Library Peptides.E[+56]IAQDFK[+170_1]TDLR.+2b2.heavy,88.1,37
786.400604,1074.545368,20,Library Peptides.E[+56]IAQDFK[+170_1]TDLR.+2y7.heavy,88.1,37
786.400604,298.211285,20,Library Peptides.E[+56]IAQDFK[+170_1]TDLR.+2y2.heavy,88.1,37
710.377548,186.076084,20,Library Peptides.E[+56]IAQDFK[+28]TDLR.+2b1.light,82.9,34.4
710.377548,185.602269,20,Library Peptides.E[+56]IAQDFK[+28]TDLR.+2b3+2.light,82.9,34.4
710.377548,288.203016,20,Library Peptides.E[+56]IAQDFK[+28]TDLR.+2y2.light,82.9,34.4
715.381683,186.076084,20,Library Peptides.E[+56]IAQDFK[+28]TDLR.+2b1.heavy,82.9,34.4
715.381683,185.602269,20,Library Peptides.E[+56]IAQDFK[+28]TDLR.+2b3+2.heavy,82.9,34.4
715.381683,298.211285,20,Library Peptides.E[+56]IAQDFK[+28]TDLR.+2y2.heavy,82.9,34.4
717.367181,299.160148,20,Library Peptides.E[+56]IAQDFK[+42]TDLR.+2b2.light,83.4,34.7
717.367181,936.478522,20,Library Peptides.E[+56]IAQDFK[+42]TDLR.+2y7.light,83.4,34.7
717.367181,288.203016,20,Library Peptides.E[+56]IAQDFK[+42]TDLR.+2y2.light,83.4,34.7
722.371315,299.160148,20,Library Peptides.E[+56]IAQDFK[+42]TDLR.+2b2.heavy,83.4,34.7
722.371315,946.486791,20,Library Peptides.E[+56]IAQDFK[+42]TDLR.+2y7.heavy,83.4,34.7
722.371315,298.211285,20,Library Peptides.E[+56]IAQDFK[+42]TDLR.+2y2.heavy,83.4,34.7
717.385373,1146.567731,20,Library Peptides.E[+56]IAQDFK[3Me]TDLR.+2b9.light,83.4,34.7
717.385373,185.602269,20,Library Peptides.E[+56]IAQDFK[3Me]TDLR.+2b3+2.light,83.4,34.7
717.385373,288.203016,20,Library Peptides.E[+56]IAQDFK[3Me]TDLR.+2y2.light,83.4,34.7
722.389508,1146.567731,20,Library Peptides.E[+56]IAQDFK[3Me]TDLR.+2b9.heavy,83.4,34.7
722.389508,185.602269,20,Library Peptides.E[+56]IAQDFK[3Me]TDLR.+2b3+2.heavy,83.4,34.7
722.389508,298.211285,20,Library Peptides.E[+56]IAQDFK[3Me]TDLR.+2y2.heavy,83.4,34.7
724.375006,299.160148,20,Library Peptides.E[+56]IAQDFK[+56]TDLR.+2b2.light,83.9,34.9
724.375006,950.494172,20,Library Peptides.E[+56]IAQDFK[+56]TDLR.+2y7.light,83.9,34.9
724.375006,288.203016,20,Library Peptides.E[+56]IAQDFK[+56]TDLR.+2y2.light,83.9,34.9
729.37914,299.160148,20,Library Peptides.E[+56]IAQDFK[+56]TDLR.+2b2.heavy,83.9,34.9
729.37914,960.502441,20,Library Peptides.E[+56]IAQDFK[+56]TDLR.+2y7.heavy,83.9,34.9
729.37914,298.211285,20,Library Peptides.E[+56]IAQDFK[+56]TDLR.+2y2.heavy,83.9,34.9
731.382831,299.160148,20,Library Peptides.E[+56]IAQDFK[+70]TDLR.+2b2.light,84.4,35.2
731.382831,964.509822,20,Library Peptides.E[+56]IAQDFK[+70]TDLR.+2y7.light,84.4,35.2
731.382831,288.203016,20,Library Peptides.E[+56]IAQDFK[+70]TDLR.+2y2.light,84.4,35.2
736.386965,299.160148,20,Library Peptides.E[+56]IAQDFK[+70]TDLR.+2b2.heavy,84.4,35.2
736.386965,974.518091,20,Library Peptides.E[+56]IAQDFK[+70]TDLR.+2y7.heavy,84.4,35.2
736.386965,298.211285,20,Library Peptides.E[+56]IAQDFK[+70]TDLR.+2y2.heavy,84.4,35.2
747.995759,540.386794,20,Library Peptides.G[+56]K[3Me]GGK[3Me]GLGK[3Me]GGAK[3Me]R.+2a5.light,85.6,35.8
747.995759,767.513785,20,Library Peptides.G[+56]K[3Me]GGK[3Me]GLGK[3Me]GGAK[3Me]R.+2a8.light,85.6,35.8
747.995759,937.655698,20,Library Peptides.G[+56]K[3Me]GGK[3Me]GLGK[3Me]GGAK[3Me]R.+2a9.light,85.6,35.8
752.999894,540.386794,20,Library Peptides.G[+56]K[3Me]GGK[3Me]GLGK[3Me]GGAK[3Me]R.+2a5.heavy,85.6,35.8
752.999894,767.513785,20,Library Peptides.G[+56]K[3Me]GGK[3Me]GLGK[3Me]GGAK[3Me]R.+2a8.heavy,85.6,35.8
752.999894,937.655698,20,Library Peptides.G[+56]K[3Me]GGK[3Me]GLGK[3Me]GGAK[3Me]R.+2a9.heavy,85.6,35.8
754.985392,941.589076,20,Library Peptides.G[+56]K[3Me]GGK[3Me]GLGK[3Me]GGAK[+56]R.+2y9.light,86.2,36
754.985392,771.483548,20,Library Peptides.G[+56]K[3Me]GGK[3Me]GLGK[3Me]GGAK[+56]R.+2y7.light,86.2,36
754.985392,544.320171,20,Library Peptides.G[+56]K[3Me]GGK[3Me]GLGK[3Me]GGAK[+56]R.+2y5.light,86.2,36
759.989526,951.597345,20,Library Peptides.G[+56]K[3Me]GGK[3Me]GLGK[3Me]GGAK[+56]R.+2y9.heavy,86.2,36
759.989526,781.491817,20,Library Peptides.G[+56]K[3Me]GGK[3Me]GLGK[3Me]GGAK[+56]R.+2y7.heavy,86.2,36
759.989526,554.32844,20,Library Peptides.G[+56]K[3Me]GGK[3Me]GLGK[3Me]GGAK[+56]R.+2y5.heavy,86.2,36
754.985392,540.386794,20,Library Peptides.G[+56]K[3Me]GGK[3Me]GLGK[+56]GGAK[3Me]R.+2a5.light,86.2,36
754.985392,951.634963,20,Library Peptides.G[+56]K[3Me]GGK[3Me]GLGK[+56]GGAK[3Me]R.+2a9.light,86.2,36
754.985392,771.483548,20,Library Peptides.G[+56]K[3Me]GGK[3Me]GLGK[+56]GGAK[3Me]R.+2y7.light,86.2,36
759.989526,540.386794,20,Library Peptides.G[+56]K[3Me]GGK[3Me]GLGK[+56]GGAK[3Me]R.+2a5.heavy,86.2,36
759.989526,951.634963,20,Library Peptides.G[+56]K[3Me]GGK[3Me]GLGK[+56]GGAK[3Me]R.+2a9.heavy,86.2,36
759.989526,781.491817,20,Library Peptides.G[+56]K[3Me]GGK[3Me]GLGK[+56]GGAK[3Me]R.+2y7.heavy,86.2,36
761.975024,795.5087,20,Library Peptides.G[+56]K[3Me]GGK[3Me]GLGK[+56]GGAK[+56]R.+2b8.light,86.7,36.3
761.975024,955.568341,20,Library Peptides.G[+56]K[3Me]GGK[3Me]GLGK[+56]GGAK[+56]R.+2y9.light,86.7,36.3
761.975024,544.320171,20,Library Peptides.G[+56]K[3Me]GGK[3Me]GLGK[+56]GGAK[+56]R.+2y5.light,86.7,36.3
766.979159,795.5087,20,Library Peptides.G[+56]K[3Me]GGK[3Me]GLGK[+56]GGAK[+56]R.+2b8.heavy,86.7,36.3
766.979159,965.57661,20,Library Peptides.G[+56]K[3Me]GGK[3Me]GLGK[+56]GGAK[+56]R.+2y9.heavy,86.7,36.3
766.979159,554.32844,20,Library Peptides.G[+56]K[3Me]GGK[3Me]GLGK[+56]GGAK[+56]R.+2y5.heavy,86.7,36.3
761.975024,781.49305,20,Library Peptides.G[+56]K[3Me]GGK[+56]GLGK[+56]GGAK[3Me]R.+2a8.light,86.7,36.3
761.975024,540.332216,20,Library Peptides.G[+56]K[3Me]GGK[+56]GLGK[+56]GGAK[3Me]R.+2a11+2.light,86.7,36.3
761.975024,941.589076,20,Library Peptides.G[+56]K[3Me]GGK[+56]GLGK[+56]GGAK[3Me]R.+2y9.light,86.7,36.3
766.979159,781.49305,20,Library Peptides.G[+56]K[3Me]GGK[+56]GLGK[+56]GGAK[3Me]R.+2a8.heavy,86.7,36.3
766.979159,540.332216,20,Library Peptides.G[+56]K[3Me]GGK[+56]GLGK[+56]GGAK[3Me]R.+2a11+2.heavy,86.7,36.3
766.979159,951.597345,20,Library Peptides.G[+56]K[3Me]GGK[+56]GLGK[+56]GGAK[3Me]R.+2y9.heavy,86.7,36.3
768.964657,554.366059,20,Library Peptides.G[+56]K[3Me]GGK[+56]GLGK[+56]GGAK[+56]R.+2a5.light,87.2,36.5
768.964657,965.614228,20,Library Peptides.G[+56]K[3Me]GGK[+56]GLGK[+56]GGAK[+56]R.+2a9.light,87.2,36.5
768.964657,785.462813,20,Library Peptides.G[+56]K[3Me]GGK[+56]GLGK[+56]GGAK[+56]R.+2y7.light,87.2,36.5
773.968791,554.366059,20,Library Peptides.G[+56]K[3Me]GGK[+56]GLGK[+56]GGAK[+56]R.+2a5.heavy,87.2,36.5
773.968791,965.614228,20,Library Peptides.G[+56]K[3Me]GGK[+56]GLGK[+56]GGAK[+56]R.+2a9.heavy,87.2,36.5
773.968791,795.471082,20,Library Peptides.G[+56]K[3Me]GGK[+56]GLGK[+56]GGAK[+56]R.+2y7.heavy,87.2,36.5
754.985392,927.609811,20,Library Peptides.G[+56]K[+56]GGK[3Me]GLGK[3Me]GGAK[3Me]R.+2y9.light,86.2,36
754.985392,757.504283,20,Library Peptides.G[+56]K[+56]GGK[3Me]GLGK[3Me]GGAK[3Me]R.+2y7.light,86.2,36
754.985392,530.340906,20,Library Peptides.G[+56]K[+56]GGK[3Me]GLGK[3Me]GGAK[3Me]R.+2y5.light,86.2,36
759.989526,937.61808,20,Library Peptides.G[+56]K[+56]GGK[3Me]GLGK[3Me]GGAK[3Me]R.+2y9.heavy,86.2,36
759.989526,767.512552,20,Library Peptides.G[+56]K[+56]GGK[3Me]GLGK[3Me]GGAK[3Me]R.+2y7.heavy,86.2,36
759.989526,540.349175,20,Library Peptides.G[+56]K[+56]GGK[3Me]GLGK[3Me]GGAK[3Me]R.+2y5.heavy,86.2,36
761.975024,554.366059,20,Library Peptides.G[+56]K[+56]GGK[3Me]GLGK[3Me]GGAK[+56]R.+2a5.light,86.7,36.3
761.975024,781.49305,20,Library Peptides.G[+56]K[+56]GGK[3Me]GLGK[3Me]GGAK[+56]R.+2a8.light,86.7,36.3
761.975024,951.634963,20,Library Peptides.G[+56]K[+56]GGK[3Me]GLGK[3Me]GGAK[+56]R.+2a9.light,86.7,36.3
766.979159,554.366059,20,Library Peptides.G[+56]K[+56]GGK[3Me]GLGK[3Me]GGAK[+56]R.+2a5.heavy,86.7,36.3
766.979159,781.49305,20,Library Peptides.G[+56]K[+56]GGK[3Me]GLGK[3Me]GGAK[+56]R.+2a8.heavy,86.7,36.3
766.979159,951.634963,20,Library Peptides.G[+56]K[+56]GGK[3Me]GLGK[3Me]GGAK[+56]R.+2a9.heavy,86.7,36.3
761.975024,781.49305,20,Library Peptides.G[+56]K[+56]GGK[3Me]GLGK[+56]GGAK[3Me]R.+2a8.light,86.7,36.3
761.975024,540.332216,20,Library Peptides.G[+56]K[+56]GGK[3Me]GLGK[+56]GGAK[3Me]R.+2a11+2.light,86.7,36.3
761.975024,941.589076,20,Library Peptides.G[+56]K[+56]GGK[3Me]GLGK[+56]GGAK[3Me]R.+2y9.light,86.7,36.3
766.979159,781.49305,20,Library Peptides.G[+56]K[+56]GGK[3Me]GLGK[+56]GGAK[3Me]R.+2a8.heavy,86.7,36.3
766.979159,540.332216,20,Library Peptides.G[+56]K[+56]GGK[3Me]GLGK[+56]GGAK[3Me]R.+2a11+2.heavy,86.7,36.3
766.979159,951.597345,20,Library Peptides.G[+56]K[+56]GGK[3Me]GLGK[+56]GGAK[3Me]R.+2y9.heavy,86.7,36.3
768.964657,554.366059,20,Library Peptides.G[+56]K[+56]GGK[3Me]GLGK[+56]GGAK[+56]R.+2a5.light,87.2,36.5
768.964657,965.614228,20,Library Peptides.G[+56]K[+56]GGK[3Me]GLGK[+56]GGAK[+56]R.+2a9.light,87.2,36.5
768.964657,785.462813,20,Library Peptides.G[+56]K[+56]GGK[3Me]GLGK[+56]GGAK[+56]R.+2y7.light,87.2,36.5
773.968791,554.366059,20,Library Peptides.G[+56]K[+56]GGK[3Me]GLGK[+56]GGAK[+56]R.+2a5.heavy,87.2,36.5
773.968791,965.614228,20,Library Peptides.G[+56]K[+56]GGK[3Me]GLGK[+56]GGAK[+56]R.+2a9.heavy,87.2,36.5
773.968791,795.471082,20,Library Peptides.G[+56]K[+56]GGK[3Me]GLGK[+56]GGAK[+56]R.+2y7.heavy,87.2,36.5
761.975024,540.332216,20,Library Peptides.G[+56]K[+56]GGK[+56]GLGK[3Me]GGAK[3Me]R.+2a11+2.light,86.7,36.3
761.975024,927.609811,20,Library Peptides.G[+56]K[+56]GGK[+56]GLGK[3Me]GGAK[3Me]R.+2y9.light,86.7,36.3
761.975024,757.504283,20,Library Peptides.G[+56]K[+56]GGK[+56]GLGK[3Me]GGAK[3Me]R.+2y7.light,86.7,36.3
766.979159,540.332216,20,Library Peptides.G[+56]K[+56]GGK[+56]GLGK[3Me]GGAK[3Me]R.+2a11+2.heavy,86.7,36.3
766.979159,937.61808,20,Library Peptides.G[+56]K[+56]GGK[+56]GLGK[3Me]GGAK[3Me]R.+2y9.heavy,86.7,36.3
766.979159,767.512552,20,Library Peptides.G[+56]K[+56]GGK[+56]GLGK[3Me]GGAK[3Me]R.+2y7.heavy,86.7,36.3
768.964657,554.329673,20,Library Peptides.G[+56]K[+56]GGK[+56]GLGK[3Me]GGAK[+56]R.+2b11+2.light,87.2,36.5
768.964657,941.589076,20,Library Peptides.G[+56]K[+56]GGK[+56]GLGK[3Me]GGAK[+56]R.+2y9.light,87.2,36.5
768.964657,771.483548,20,Library Peptides.G[+56]K[+56]GGK[+56]GLGK[3Me]GGAK[+56]R.+2y7.light,87.2,36.5
773.968791,554.329673,20,Library Peptides.G[+56]K[+56]GGK[+56]GLGK[3Me]GGAK[+56]R.+2b11+2.heavy,87.2,36.5
773.968791,951.597345,20,Library Peptides.G[+56]K[+56]GGK[+56]GLGK[3Me]GGAK[+56]R.+2y9.heavy,87.2,36.5
773.968791,781.491817,20,Library Peptides.G[+56]K[+56]GGK[+56]GLGK[3Me]GGAK[+56]R.+2y7.heavy,87.2,36.5
768.964657,941.589076,20,Library Peptides.G[+56]K[+56]GGK[+56]GLGK[+56]GGAK[3Me]R.+2y9.light,87.2,36.5
768.964657,771.483548,20,Library Peptides.G[+56]K[+56]GGK[+56]GLGK[+56]GGAK[3Me]R.+2y7.light,87.2,36.5
768.964657,530.340906,20,Library Peptides.G[+56]K[+56]GGK[+56]GLGK[+56]GGAK[3Me]R.+2y5.light,87.2,36.5
773.968791,951.597345,20,Library Peptides.G[+56]K[+56]GGK[+56]GLGK[+56]GGAK[3Me]R.+2y9.heavy,87.2,36.5
773.968791,781.491817,20,Library Peptides.G[+56]K[+56]GGK[+56]GLGK[+56]GGAK[3Me]R.+2y7.heavy,87.2,36.5
773.968791,540.349175,20,Library Peptides.G[+56]K[+56]GGK[+56]GLGK[+56]GGAK[3Me]R.+2y5.heavy,87.2,36.5
775.954289,795.472315,20,Library Peptides.G[+56]K[+56]GGK[+56]GLGK[+56]GGAK[+56]R.+2a8.light,87.7,36.8
775.954289,955.568341,20,Library Peptides.G[+56]K[+56]GGK[+56]GLGK[+56]GGAK[+56]R.+2y9.light,87.7,36.8
775.954289,544.320171,20,Library Peptides.G[+56]K[+56]GGK[+56]GLGK[+56]GGAK[+56]R.+2y5.light,87.7,36.8
780.958424,795.472315,20,Library Peptides.G[+56]K[+56]GGK[+56]GLGK[+56]GGAK[+56]R.+2a8.heavy,87.7,36.8
780.958424,965.57661,20,Library Peptides.G[+56]K[+56]GGK[+56]GLGK[+56]GGAK[+56]R.+2y9.heavy,87.7,36.8
780.958424,554.32844,20,Library Peptides.G[+56]K[+56]GGK[+56]GLGK[+56]GGAK[+56]R.+2y5.heavy,87.7,36.8
782.962114,568.345324,20,Library Peptides.G[+56]K[+56]GGK[+56]GLGK[+56]GGAK[+70]R.+2a5.light,88.2,37
782.962114,979.593493,20,Library Peptides.G[+56]K[+56]GGK[+56]GLGK[+56]GGAK[+70]R.+2a9.light,88.2,37
782.962114,799.478463,20,Library Peptides.G[+56]K[+56]GGK[+56]GLGK[+56]GGAK[+70]R.+2y7.light,88.2,37
787.966249,568.345324,20,Library Peptides.G[+56]K[+56]GGK[+56]GLGK[+56]GGAK[+70]R.+2a5.heavy,88.2,37
787.966249,979.593493,20,Library Peptides.G[+56]K[+56]GGK[+56]GLGK[+56]GGAK[+70]R.+2a9.heavy,88.2,37
787.966249,809.486732,20,Library Peptides.G[+56]K[+56]GGK[+56]GLGK[+56]GGAK[+70]R.+2y7.heavy,88.2,37
634.869694,241.154669,20,Library Peptides.K[+112_1]QLATK[+170_1]AAR.+2b1.light,77.4,31.7
634.869694,1028.584718,20,Library Peptides.K[+112_1]QLATK[+170_1]AAR.+2y8.light,77.4,31.7
634.869694,787.442077,20,Library Peptides.K[+112_1]QLATK[+170_1]AAR.+2y6.light,77.4,31.7
639.873828,241.154669,20,Library Peptides.K[+112_1]QLATK[+170_1]AAR.+2b1.heavy,77.4,31.7
639.873828,1038.592987,20,Library Peptides.K[+112_1]QLATK[+170_1]AAR.+2y8.heavy,77.4,31.7
639.873828,797.450346,20,Library Peptides.K[+112_1]QLATK[+170_1]AAR.+2y6.heavy,77.4,31.7
570.840405,241.154669,20,Library Peptides.K[+112_1]QLATK[+42]AAR.+2b1.light,72.7,29.4
570.840405,900.526141,20,Library Peptides.K[+112_1]QLATK[+42]AAR.+2y8.light,72.7,29.4
570.840405,659.3835,20,Library Peptides.K[+112_1]QLATK[+42]AAR.+2y6.light,72.7,29.4
575.84454,241.154669,20,Library Peptides.K[+112_1]QLATK[+42]AAR.+2b1.heavy,72.7,29.4
575.84454,910.53441,20,Library Peptides.K[+112_1]QLATK[+42]AAR.+2y8.heavy,72.7,29.4
575.84454,669.391769,20,Library Peptides.K[+112_1]QLATK[+42]AAR.+2y6.heavy,72.7,29.4
577.84823,241.154669,20,Library Peptides.K[+112_1]QLATK[+56]AAR.+2b1.light,73.2,29.7
577.84823,914.541791,20,Library Peptides.K[+112_1]QLATK[+56]AAR.+2y8.light,73.2,29.7
577.84823,673.39915,20,Library Peptides.K[+112_1]QLATK[+56]AAR.+2y6.light,73.2,29.7
582.852365,241.154669,20,Library Peptides.K[+112_1]QLATK[+56]AAR.+2b1.heavy,73.2,29.7
582.852365,924.55006,20,Library Peptides.K[+112_1]QLATK[+56]AAR.+2y8.heavy,73.2,29.7
582.852365,683.407419,20,Library Peptides.K[+112_1]QLATK[+56]AAR.+2y6.heavy,73.2,29.7
634.869694,924.551293,20,Library Peptides.K[+226_1]QLATK[+56]AAR.+2a6.light,77.4,31.7
634.869694,355.197596,20,Library Peptides.K[+226_1]QLATK[+56]AAR.+2b1.light,77.4,31.7
634.869694,673.39915,20,Library Peptides.K[+226_1]QLATK[+56]AAR.+2y6.light,77.4,31.7
639.873828,924.551293,20,Library Peptides.K[+226_1]QLATK[+56]AAR.+2a6.heavy,77.4,31.7
639.873828,355.197596,20,Library Peptides.K[+226_1]QLATK[+56]AAR.+2b1.heavy,77.4,31.7
639.873828,683.407419,20,Library Peptides.K[+226_1]QLATK[+56]AAR.+2y6.heavy,77.4,31.7
563.83258,227.139018,20,Library Peptides.K[+98]QLATK[+42]AAR.+2b1.light,72.2,29.2
563.83258,900.526141,20,Library Peptides.K[+98]QLATK[+42]AAR.+2y8.light,72.2,29.2
563.83258,659.3835,20,Library Peptides.K[+98]QLATK[+42]AAR.+2y6.light,72.2,29.2
568.836714,227.139018,20,Library Peptides.K[+98]QLATK[+42]AAR.+2b1.heavy,72.2,29.2
568.836714,910.53441,20,Library Peptides.K[+98]QLATK[+42]AAR.+2y8.heavy,72.2,29.2
568.836714,669.391769,20,Library Peptides.K[+98]QLATK[+42]AAR.+2y6.heavy,72.2,29.2
570.840405,227.139018,20,Library Peptides.K[+98]QLATK[+56]AAR.+2b1.light,72.7,29.4
570.840405,914.541791,20,Library Peptides.K[+98]QLATK[+56]AAR.+2y8.light,72.7,29.4
570.840405,673.39915,20,Library Peptides.K[+98]QLATK[+56]AAR.+2y6.light,72.7,29.4
575.844539,227.139018,20,Library Peptides.K[+98]QLATK[+56]AAR.+2b1.heavy,72.7,29.4
575.844539,924.55006,20,Library Peptides.K[+98]QLATK[+56]AAR.+2y8.heavy,72.7,29.4
575.844539,683.407419,20,Library Peptides.K[+98]QLATK[+56]AAR.+2y6.heavy,72.7,29.4
543.986018,695.401692,20,Library Peptides.K[+112_1]SAPATGGVK[+28]K[+56]PHR.+3y13+2.light,70.8,27.2
543.986018,616.367121,20,Library Peptides.K[+112_1]SAPATGGVK[+28]K[+56]PHR.+3y11+2.light,70.8,27.2
543.986018,137.081726,20,Library Peptides.K[+112_1]SAPATGGVK[+28]K[+56]PHR.+3y3+3.light,70.8,27.2
547.322107,700.405827,20,Library Peptides.K[+112_1]SAPATGGVK[+28]K[+56]PHR.+3y13+2.heavy,70.8,27.2
547.322107,621.371256,20,Library Peptides.K[+112_1]SAPATGGVK[+28]K[+56]PHR.+3y11+2.heavy,70.8,27.2
547.322107,140.417816,20,Library Peptides.K[+112_1]SAPATGGVK[+28]K[+56]PHR.+3y3+3.heavy,70.8,27.2
548.657901,702.409517,20,Library Peptides.K[+112_1]SAPATGGVK[3Me]K[+56]PHR.+3y13+2.light,71.1,27.4
548.657901,623.374946,20,Library Peptides.K[+112_1]SAPATGGVK[3Me]K[+56]PHR.+3y11+2.light,71.1,27.4
548.657901,137.081726,20,Library Peptides.K[+112_1]SAPATGGVK[3Me]K[+56]PHR.+3y3+3.light,71.1,27.4
551.993991,707.413652,20,Library Peptides.K[+112_1]SAPATGGVK[3Me]K[+56]PHR.+3y13+2.heavy,71.1,27.4
551.993991,628.379081,20,Library Peptides.K[+112_1]SAPATGGVK[3Me]K[+56]PHR.+3y11+2.heavy,71.1,27.4
551.993991,140.417816,20,Library Peptides.K[+112_1]SAPATGGVK[3Me]K[+56]PHR.+3y3+3.heavy,71.1,27.4
553.317656,241.154669,20,Library Peptides.K[+112_1]SAPATGGVK[+56]K[+56]PHR.+3b1.light,71.5,27.7
553.317656,630.364579,20,Library Peptides.K[+112_1]SAPATGGVK[+56]K[+56]PHR.+3y11+2.light,71.5,27.7
553.317656,137.081726,20,Library Peptides.K[+112_1]SAPATGGVK[+56]K[+56]PHR.+3y3+3.light,71.5,27.7
556.653746,241.154669,20,Library Peptides.K[+112_1]SAPATGGVK[+56]K[+56]PHR.+3b1.heavy,71.5,27.7
556.653746,635.368713,20,Library Peptides.K[+112_1]SAPATGGVK[+56]K[+56]PHR.+3y11+2.heavy,71.5,27.7
556.653746,140.417816,20,Library Peptides.K[+112_1]SAPATGGVK[+56]K[+56]PHR.+3y3+3.heavy,71.5,27.7
557.989539,241.154669,20,Library Peptides.K[+112_1]SAPATGGVK[+70]K[+56]PHR.+3b1.light,71.8,27.9
557.989539,637.372404,20,Library Peptides.K[+112_1]SAPATGGVK[+70]K[+56]PHR.+3y11+2.light,71.8,27.9
557.989539,137.081726,20,Library Peptides.K[+112_1]SAPATGGVK[+70]K[+56]PHR.+3y3+3.light,71.8,27.9
561.325629,241.154669,20,Library Peptides.K[+112_1]SAPATGGVK[+70]K[+56]PHR.+3b1.heavy,71.8,27.9
561.325629,642.376538,20,Library Peptides.K[+112_1]SAPATGGVK[+70]K[+56]PHR.+3y11+2.heavy,71.8,27.9
561.325629,140.417816,20,Library Peptides.K[+112_1]SAPATGGVK[+70]K[+56]PHR.+3y3+3.heavy,71.8,27.9
548.657901,255.170319,20,Library Peptides.K[+126_1]SAPATGGVK[+28]K[+56]PHR.+3b1.light,71.1,27.4
548.657901,695.401692,20,Library Peptides.K[+126_1]SAPATGGVK[+28]K[+56]PHR.+3y13+2.light,71.1,27.4
548.657901,616.367121,20,Library Peptides.K[+126_1]SAPATGGVK[+28]K[+56]PHR.+3y11+2.light,71.1,27.4
551.993991,255.170319,20,Library Peptides.K[+126_1]SAPATGGVK[+28]K[+56]PHR.+3b1.heavy,71.1,27.4
551.993991,700.405827,20,Library Peptides.K[+126_1]SAPATGGVK[+28]K[+56]PHR.+3y13+2.heavy,71.1,27.4
551.993991,621.371256,20,Library Peptides.K[+126_1]SAPATGGVK[+28]K[+56]PHR.+3y11+2.heavy,71.1,27.4
553.329784,185.116325,20,Library Peptides.K[+126_1]SAPATGGVK[3Me]K[+56]PHR.+3a5+3.light,71.5,27.7
553.329784,255.170319,20,Library Peptides.K[+126_1]SAPATGGVK[3Me]K[+56]PHR.+3b1.light,71.5,27.7
553.329784,702.409517,20,Library Peptides.K[+126_1]SAPATGGVK[3Me]K[+56]PHR.+3y13+2.light,71.5,27.7
556.665874,185.116325,20,Library Peptides.K[+126_1]SAPATGGVK[3Me]K[+56]PHR.+3a5+3.heavy,71.5,27.7
556.665874,255.170319,20,Library Peptides.K[+126_1]SAPATGGVK[3Me]K[+56]PHR.+3b1.heavy,71.5,27.7
556.665874,707.413652,20,Library Peptides.K[+126_1]SAPATGGVK[3Me]K[+56]PHR.+3y13+2.heavy,71.5,27.7
557.989539,255.170319,20,Library Peptides.K[+126_1]SAPATGGVK[+56]K[+56]PHR.+3b1.light,71.8,27.9
557.989539,409.230627,20,Library Peptides.K[+126_1]SAPATGGVK[+56]K[+56]PHR.+3y3.light,71.8,27.9
557.989539,630.364579,20,Library Peptides.K[+126_1]SAPATGGVK[+56]K[+56]PHR.+3y11+2.light,71.8,27.9
561.325629,255.170319,20,Library Peptides.K[+126_1]SAPATGGVK[+56]K[+56]PHR.+3b1.heavy,71.8,27.9
561.325629,419.238896,20,Library Peptides.K[+126_1]SAPATGGVK[+56]K[+56]PHR.+3y3.heavy,71.8,27.9
561.325629,635.368713,20,Library Peptides.K[+126_1]SAPATGGVK[+56]K[+56]PHR.+3y11+2.heavy,71.8,27.9
562.661423,255.170319,20,Library Peptides.K[+126_1]SAPATGGVK[+70]K[+56]PHR.+3b1.light,72.1,28.2
562.661423,409.230627,20,Library Peptides.K[+126_1]SAPATGGVK[+70]K[+56]PHR.+3y3.light,72.1,28.2
562.661423,637.372404,20,Library Peptides.K[+126_1]SAPATGGVK[+70]K[+56]PHR.+3y11+2.light,72.1,28.2
565.997512,255.170319,20,Library Peptides.K[+126_1]SAPATGGVK[+70]K[+56]PHR.+3b1.heavy,72.1,28.2
565.997512,419.238896,20,Library Peptides.K[+126_1]SAPATGGVK[+70]K[+56]PHR.+3y3.heavy,72.1,28.2
565.997512,642.376538,20,Library Peptides.K[+126_1]SAPATGGVK[+70]K[+56]PHR.+3y11+2.heavy,72.1,28.2
543.986018,777.472984,20,Library Peptides.K[+84_1]SAPATGGVK[+56]K[+56]PHR.+3y5.light,70.8,27.2
543.986018,409.230627,20,Library Peptides.K[+84_1]SAPATGGVK[+56]K[+56]PHR.+3y3.light,70.8,27.2
543.986018,137.081726,20,Library Peptides.K[+84_1]SAPATGGVK[+56]K[+56]PHR.+3y3+3.light,70.8,27.2
547.322107,787.481253,20,Library Peptides.K[+84_1]SAPATGGVK[+56]K[+56]PHR.+3y5.heavy,70.8,27.2
547.322107,419.238896,20,Library Peptides.K[+84_1]SAPATGGVK[+56]K[+56]PHR.+3y3.heavy,70.8,27.2
547.322107,140.417816,20,Library Peptides.K[+84_1]SAPATGGVK[+56]K[+56]PHR.+3y3+3.heavy,70.8,27.2
548.657901,185.164839,20,Library Peptides.K[+84_1]SAPATGGVK[+70]K[+56]PHR.+3a1.light,71.1,27.4
548.657901,371.228896,20,Library Peptides.K[+84_1]SAPATGGVK[+70]K[+56]PHR.+3b3.light,71.1,27.4
548.657901,409.230627,20,Library Peptides.K[+84_1]SAPATGGVK[+70]K[+56]PHR.+3y3.light,71.1,27.4
551.993991,185.164839,20,Library Peptides.K[+84_1]SAPATGGVK[+70]K[+56]PHR.+3a1.heavy,71.1,27.4
551.993991,371.228896,20,Library Peptides.K[+84_1]SAPATGGVK[+70]K[+56]PHR.+3b3.heavy,71.1,27.4
551.993991,419.238896,20,Library Peptides.K[+84_1]SAPATGGVK[+70]K[+56]PHR.+3y3.heavy,71.1,27.4
539.314134,227.636643,20,Library Peptides.K[+98]SAPATGGVK[+28]K[+56]PHR.+3a4+2.light,70.4,26.9
539.314134,185.104197,20,Library Peptides.K[+98]SAPATGGVK[+28]K[+56]PHR.+3b5+3.light,70.4,26.9
539.314134,616.367121,20,Library Peptides.K[+98]SAPATGGVK[+28]K[+56]PHR.+3y11+2.light,70.4,26.9
542.650224,227.636643,20,Library Peptides.K[+98]SAPATGGVK[+28]K[+56]PHR.+3a4+2.heavy,70.4,26.9
542.650224,185.104197,20,Library Peptides.K[+98]SAPATGGVK[+28]K[+56]PHR.+3b5+3.heavy,70.4,26.9
542.650224,621.371256,20,Library Peptides.K[+98]SAPATGGVK[+28]K[+56]PHR.+3y11+2.heavy,70.4,26.9
543.986017,227.636643,20,Library Peptides.K[+98]SAPATGGVK[3Me]K[+56]PHR.+3a4+2.light,70.8,27.2
543.986017,702.409517,20,Library Peptides.K[+98]SAPATGGVK[3Me]K[+56]PHR.+3y13+2.light,70.8,27.2
543.986017,623.374946,20,Library Peptides.K[+98]SAPATGGVK[3Me]K[+56]PHR.+3y11+2.light,70.8,27.2
547.322107,227.636643,20,Library Peptides.K[+98]SAPATGGVK[3Me]K[+56]PHR.+3a4+2.heavy,70.8,27.2
547.322107,707.413652,20,Library Peptides.K[+98]SAPATGGVK[3Me]K[+56]PHR.+3y13+2.heavy,70.8,27.2
547.322107,628.379081,20,Library Peptides.K[+98]SAPATGGVK[3Me]K[+56]PHR.+3y11+2.heavy,70.8,27.2
548.645772,227.636643,20,Library Peptides.K[+98]SAPATGGVK[+56]K[+56]PHR.+3a4+2.light,71.1,27.4
548.645772,409.230627,20,Library Peptides.K[+98]SAPATGGVK[+56]K[+56]PHR.+3y3.light,71.1,27.4
548.645772,630.364579,20,Library Peptides.K[+98]SAPATGGVK[+56]K[+56]PHR.+3y11+2.light,71.1,27.4
551.981862,227.636643,20,Library Peptides.K[+98]SAPATGGVK[+56]K[+56]PHR.+3a4+2.heavy,71.1,27.4
551.981862,419.238896,20,Library Peptides.K[+98]SAPATGGVK[+56]K[+56]PHR.+3y3.heavy,71.1,27.4
551.981862,635.368713,20,Library Peptides.K[+98]SAPATGGVK[+56]K[+56]PHR.+3y11+2.heavy,71.1,27.4
553.317656,227.636643,20,Library Peptides.K[+98]SAPATGGVK[+70]K[+56]PHR.+3a4+2.light,71.5,27.7
553.317656,409.230627,20,Library Peptides.K[+98]SAPATGGVK[+70]K[+56]PHR.+3y3.light,71.5,27.7
553.317656,637.372404,20,Library Peptides.K[+98]SAPATGGVK[+70]K[+56]PHR.+3y11+2.light,71.5,27.7
556.653745,227.636643,20,Library Peptides.K[+98]SAPATGGVK[+70]K[+56]PHR.+3a4+2.heavy,71.5,27.7
556.653745,419.238896,20,Library Peptides.K[+98]SAPATGGVK[+70]K[+56]PHR.+3y3.heavy,71.5,27.7
556.653745,642.376538,20,Library Peptides.K[+98]SAPATGGVK[+70]K[+56]PHR.+3y11+2.heavy,71.5,27.7
548.657901,385.244546,20,Library Peptides.K[+98_1]SAPATGGVK[+56]K[+56]PHR.+3b3.light,71.1,27.4
548.657901,409.230627,20,Library Peptides.K[+98_1]SAPATGGVK[+56]K[+56]PHR.+3y3.light,71.1,27.4
548.657901,137.081726,20,Library Peptides.K[+98_1]SAPATGGVK[+56]K[+56]PHR.+3y3+3.light,71.1,27.4
551.993991,385.244546,20,Library Peptides.K[+98_1]SAPATGGVK[+56]K[+56]PHR.+3b3.heavy,71.1,27.4
551.993991,419.238896,20,Library Peptides.K[+98_1]SAPATGGVK[+56]K[+56]PHR.+3y3.heavy,71.1,27.4
551.993991,140.417816,20,Library Peptides.K[+98_1]SAPATGGVK[+56]K[+56]PHR.+3y3+3.heavy,71.1,27.4
553.329784,385.244546,20,Library Peptides.K[+98_1]SAPATGGVK[+70]K[+56]PHR.+3b3.light,71.5,27.7
553.329784,185.116325,20,Library Peptides.K[+98_1]SAPATGGVK[+70]K[+56]PHR.+3b5+3.light,71.5,27.7
553.329784,409.230627,20,Library Peptides.K[+98_1]SAPATGGVK[+70]K[+56]PHR.+3y3.light,71.5,27.7
556.665874,385.244546,20,Library Peptides.K[+98_1]SAPATGGVK[+70]K[+56]PHR.+3b3.heavy,71.5,27.7
556.665874,185.116325,20,Library Peptides.K[+98_1]SAPATGGVK[+70]K[+56]PHR.+3b5+3.heavy,71.5,27.7
556.665874,419.238896,20,Library Peptides.K[+98_1]SAPATGGVK[+70]K[+56]PHR.+3y3.heavy,71.5,27.7
401.242604,185.164839,20,Library Peptides.K[+84_1]SAPATGGVK[+28]K[+56]PHR.+4a1.light,60.4,19.4
401.242604,343.233982,20,Library Peptides.K[+84_1]SAPATGGVK[+28]K[+56]PHR.+4a3.light,60.4,19.4
401.242604,371.228896,20,Library Peptides.K[+84_1]SAPATGGVK[+28]K[+56]PHR.+4b3.light,60.4,19.4
403.744671,185.164839,20,Library Peptides.K[+84_1]SAPATGGVK[+28]K[+56]PHR.+4a1.heavy,60.4,19.4
403.744671,343.233982,20,Library Peptides.K[+84_1]SAPATGGVK[+28]K[+56]PHR.+4a3.heavy,60.4,19.4
403.744671,371.228896,20,Library Peptides.K[+84_1]SAPATGGVK[+28]K[+56]PHR.+4b3.heavy,60.4,19.4
404.746516,185.164839,20,Library Peptides.K[+84_1]SAPATGGVK[3Me]K[+56]PHR.+4a1.light,60.6,19.6
404.746516,343.233982,20,Library Peptides.K[+84_1]SAPATGGVK[3Me]K[+56]PHR.+4a3.light,60.6,19.6
404.746516,371.228896,20,Library Peptides.K[+84_1]SAPATGGVK[3Me]K[+56]PHR.+4b3.light,60.6,19.6
407.248583,185.164839,20,Library Peptides.K[+84_1]SAPATGGVK[3Me]K[+56]PHR.+4a1.heavy,60.6,19.6
407.248583,343.233982,20,Library Peptides.K[+84_1]SAPATGGVK[3Me]K[+56]PHR.+4a3.heavy,60.6,19.6
407.248583,371.228896,20,Library Peptides.K[+84_1]SAPATGGVK[3Me]K[+56]PHR.+4b3.heavy,60.6,19.6
404.746516,357.249632,20,Library Peptides.K[+98_1]SAPATGGVK[+28]K[+56]PHR.+4a3.light,60.6,19.6
404.746516,385.244546,20,Library Peptides.K[+98_1]SAPATGGVK[+28]K[+56]PHR.+4b3.light,60.6,19.6
404.746516,185.116325,20,Library Peptides.K[+98_1]SAPATGGVK[+28]K[+56]PHR.+4b5+3.light,60.6,19.6
407.248583,357.249632,20,Library Peptides.K[+98_1]SAPATGGVK[+28]K[+56]PHR.+4a3.heavy,60.6,19.6
407.248583,385.244546,20,Library Peptides.K[+98_1]SAPATGGVK[+28]K[+56]PHR.+4b3.heavy,60.6,19.6
407.248583,185.116325,20,Library Peptides.K[+98_1]SAPATGGVK[+28]K[+56]PHR.+4b5+3.heavy,60.6,19.6
408.250429,357.249632,20,Library Peptides.K[+98_1]SAPATGGVK[3Me]K[+56]PHR.+4a3.light,60.9,19.8
408.250429,385.244546,20,Library Peptides.K[+98_1]SAPATGGVK[3Me]K[+56]PHR.+4b3.light,60.9,19.8
408.250429,185.116325,20,Library Peptides.K[+98_1]SAPATGGVK[3Me]K[+56]PHR.+4b5+3.light,60.9,19.8
410.752496,357.249632,20,Library Peptides.K[+98_1]SAPATGGVK[3Me]K[+56]PHR.+4a3.heavy,60.9,19.8
410.752496,385.244546,20,Library Peptides.K[+98_1]SAPATGGVK[3Me]K[+56]PHR.+4b3.heavy,60.9,19.8
410.752496,185.116325,20,Library Peptides.K[+98_1]SAPATGGVK[3Me]K[+56]PHR.+4b5+3.heavy,60.9,19.8
558.649294,241.154669,20,Library Peptides.K[+112_1]SAPSTGGVK[+56]K[+56]PHR.+3b1.light,71.8,28
558.649294,638.362036,20,Library Peptides.K[+112_1]SAPSTGGVK[+56]K[+56]PHR.+3y11+2.light,71.8,28
558.649294,137.081726,20,Library Peptides.K[+112_1]SAPSTGGVK[+56]K[+56]PHR.+3y3+3.light,71.8,28
561.985384,241.154669,20,Library Peptides.K[+112_1]SAPSTGGVK[+56]K[+56]PHR.+3b1.heavy,71.8,28
561.985384,643.36617,20,Library Peptides.K[+112_1]SAPSTGGVK[+56]K[+56]PHR.+3y11+2.heavy,71.8,28
561.985384,140.417816,20,Library Peptides.K[+112_1]SAPSTGGVK[+56]K[+56]PHR.+3y3+3.heavy,71.8,28
528.29583,241.154669,20,Library Peptides.K[+112_1]STGGK[+42]APR.+2b1.light,69.6,27.9
528.29583,815.436992,20,Library Peptides.K[+112_1]STGGK[+42]APR.+2y8.light,69.6,27.9
528.29583,627.357285,20,Library Peptides.K[+112_1]STGGK[+42]APR.+2y6.light,69.6,27.9
533.299965,241.154669,20,Library Peptides.K[+112_1]STGGK[+42]APR.+2b1.heavy,69.6,27.9
533.299965,825.445261,20,Library Peptides.K[+112_1]STGGK[+42]APR.+2y8.heavy,69.6,27.9
533.299965,637.365554,20,Library Peptides.K[+112_1]STGGK[+42]APR.+2y6.heavy,69.6,27.9
535.303655,241.154669,20,Library Peptides.K[+112_1]STGGK[+56]APR.+2b1.light,70.1,28.1
535.303655,829.452642,20,Library Peptides.K[+112_1]STGGK[+56]APR.+2y8.light,70.1,28.1
535.303655,641.372935,20,Library Peptides.K[+112_1]STGGK[+56]APR.+2y6.light,70.1,28.1
540.30779,241.154669,20,Library Peptides.K[+112_1]STGGK[+56]APR.+2b1.heavy,70.1,28.1
540.30779,839.460911,20,Library Peptides.K[+112_1]STGGK[+56]APR.+2y8.heavy,70.1,28.1
540.30779,651.381204,20,Library Peptides.K[+112_1]STGGK[+56]APR.+2y6.heavy,70.1,28.1
568.278996,241.106534,20,Library Peptides.K[+112_1]S[+80]TGGK[+42]APR.+2a3+2.light,72.5,29.3
568.278996,627.357285,20,Library Peptides.K[+112_1]S[+80]TGGK[+42]APR.+2y6.light,72.5,29.3
568.278996,272.171716,20,Library Peptides.K[+112_1]S[+80]TGGK[+42]APR.+2y2.light,72.5,29.3
573.28313,241.106534,20,Library Peptides.K[+112_1]S[+80]TGGK[+42]APR.+2a3+2.heavy,72.5,29.3
573.28313,637.365554,20,Library Peptides.K[+112_1]S[+80]TGGK[+42]APR.+2y6.heavy,72.5,29.3
573.28313,282.179985,20,Library Peptides.K[+112_1]S[+80]TGGK[+42]APR.+2y2.heavy,72.5,29.3
575.286821,241.106534,20,Library Peptides.K[+112_1]S[+80]TGGK[+56]APR.+2a3+2.light,73.1,29.6
575.286821,641.372935,20,Library Peptides.K[+112_1]S[+80]TGGK[+56]APR.+2y6.light,73.1,29.6
575.286821,272.171716,20,Library Peptides.K[+112_1]S[+80]TGGK[+56]APR.+2y2.light,73.1,29.6
580.290955,241.106534,20,Library Peptides.K[+112_1]S[+80]TGGK[+56]APR.+2a3+2.heavy,73.1,29.6
580.290955,651.381204,20,Library Peptides.K[+112_1]S[+80]TGGK[+56]APR.+2y6.heavy,73.1,29.6
580.290955,282.179985,20,Library Peptides.K[+112_1]S[+80]TGGK[+56]APR.+2y2.heavy,73.1,29.6
535.303655,227.175404,20,Library Peptides.K[+126_1]STGGK[+42]APR.+2a1.light,70.1,28.1
535.303655,255.170319,20,Library Peptides.K[+126_1]STGGK[+42]APR.+2b1.light,70.1,28.1
535.303655,815.436992,20,Library Peptides.K[+126_1]STGGK[+42]APR.+2y8.light,70.1,28.1
540.30779,227.175404,20,Library Peptides.K[+126_1]STGGK[+42]APR.+2a1.heavy,70.1,28.1
540.30779,255.170319,20,Library Peptides.K[+126_1]STGGK[+42]APR.+2b1.heavy,70.1,28.1
540.30779,825.445261,20,Library Peptides.K[+126_1]STGGK[+42]APR.+2y8.heavy,70.1,28.1
542.31148,227.175404,20,Library Peptides.K[+126_1]STGGK[+56]APR.+2a1.light,70.7,28.4
542.31148,255.170319,20,Library Peptides.K[+126_1]STGGK[+56]APR.+2b1.light,70.7,28.4
542.31148,829.452642,20,Library Peptides.K[+126_1]STGGK[+56]APR.+2y8.light,70.7,28.4
547.315615,227.175404,20,Library Peptides.K[+126_1]STGGK[+56]APR.+2a1.heavy,70.7,28.4
547.315615,255.170319,20,Library Peptides.K[+126_1]STGGK[+56]APR.+2b1.heavy,70.7,28.4
547.315615,839.460911,20,Library Peptides.K[+126_1]STGGK[+56]APR.+2y8.heavy,70.7,28.4
575.286821,255.170319,20,Library Peptides.K[+126_1]S[+80]TGGK[+42]APR.+2b1.light,73.1,29.6
575.286821,637.259284,20,Library Peptides.K[+126_1]S[+80]TGGK[+42]APR.+2b5.light,73.1,29.6
575.286821,807.364813,20,Library Peptides.K[+126_1]S[+80]TGGK[+42]APR.+2b6.light,73.1,29.6
580.290955,255.170319,20,Library Peptides.K[+126_1]S[+80]TGGK[+42]APR.+2b1.heavy,73.1,29.6
580.290955,637.259284,20,Library Peptides.K[+126_1]S[+80]TGGK[+42]APR.+2b5.heavy,73.1,29.6
580.290955,807.364813,20,Library Peptides.K[+126_1]S[+80]TGGK[+42]APR.+2b6.heavy,73.1,29.6
582.294646,255.170319,20,Library Peptides.K[+126_1]S[+80]TGGK[+56]APR.+2b1.light,73.6,29.8
582.294646,821.380463,20,Library Peptides.K[+126_1]S[+80]TGGK[+56]APR.+2b6.light,73.6,29.8
582.294646,909.418973,20,Library Peptides.K[+126_1]S[+80]TGGK[+56]APR.+2y8.light,73.6,29.8
587.29878,255.170319,20,Library Peptides.K[+126_1]S[+80]TGGK[+56]APR.+2b1.heavy,73.6,29.8
587.29878,821.380463,20,Library Peptides.K[+126_1]S[+80]TGGK[+56]APR.+2b6.heavy,73.6,29.8
587.29878,919.427242,20,Library Peptides.K[+126_1]S[+80]TGGK[+56]APR.+2y8.heavy,73.6,29.8
514.298373,185.164839,20,Library Peptides.K[+84_1]STGGK[+42]APR.+2a1.light,68.6,27.4
514.298373,825.48288,20,Library Peptides.K[+84_1]STGGK[+42]APR.+2a8.light,68.6,27.4
514.298373,213.159754,20,Library Peptides.K[+84_1]STGGK[+42]APR.+2b1.light,68.6,27.4
519.302507,185.164839,20,Library Peptides.K[+84_1]STGGK[+42]APR.+2a1.heavy,68.6,27.4
519.302507,825.48288,20,Library Peptides.K[+84_1]STGGK[+42]APR.+2a8.heavy,68.6,27.4
519.302507,213.159754,20,Library Peptides.K[+84_1]STGGK[+42]APR.+2b1.heavy,68.6,27.4
521.306198,185.164839,20,Library Peptides.K[+84_1]STGGK[+56]APR.+2a1.light,69.1,27.6
521.306198,839.49853,20,Library Peptides.K[+84_1]STGGK[+56]APR.+2a8.light,69.1,27.6
521.306198,213.159754,20,Library Peptides.K[+84_1]STGGK[+56]APR.+2b1.light,69.1,27.6
526.310332,185.164839,20,Library Peptides.K[+84_1]STGGK[+56]APR.+2a1.heavy,69.1,27.6
526.310332,839.49853,20,Library Peptides.K[+84_1]STGGK[+56]APR.+2a8.heavy,69.1,27.6
526.310332,213.159754,20,Library Peptides.K[+84_1]STGGK[+56]APR.+2b1.heavy,69.1,27.6
554.281538,510.232341,20,Library Peptides.K[+84_1]S[+80]TGGK[+42]APR.+2a4.light,71.5,28.8
554.281538,213.159754,20,Library Peptides.K[+84_1]S[+80]TGGK[+42]APR.+2b1.light,71.5,28.8
554.281538,272.171716,20,Library Peptides.K[+84_1]S[+80]TGGK[+42]APR.+2y2.light,71.5,28.8
559.285673,510.232341,20,Library Peptides.K[+84_1]S[+80]TGGK[+42]APR.+2a4.heavy,71.5,28.8
559.285673,213.159754,20,Library Peptides.K[+84_1]S[+80]TGGK[+42]APR.+2b1.heavy,71.5,28.8
559.285673,282.179985,20,Library Peptides.K[+84_1]S[+80]TGGK[+42]APR.+2y2.heavy,71.5,28.8
561.289363,185.164839,20,Library Peptides.K[+84_1]S[+80]TGGK[+56]APR.+2a1.light,72,29.1
561.289363,213.159754,20,Library Peptides.K[+84_1]S[+80]TGGK[+56]APR.+2b1.light,72,29.1
561.289363,272.171716,20,Library Peptides.K[+84_1]S[+80]TGGK[+56]APR.+2y2.light,72,29.1
566.293498,185.164839,20,Library Peptides.K[+84_1]S[+80]TGGK[+56]APR.+2a1.heavy,72,29.1
566.293498,213.159754,20,Library Peptides.K[+84_1]S[+80]TGGK[+56]APR.+2b1.heavy,72,29.1
566.293498,282.179985,20,Library Peptides.K[+84_1]S[+80]TGGK[+56]APR.+2y2.heavy,72,29.1
521.288005,227.139018,20,Library Peptides.K[+98]STGGK[+42]APR.+2b1.light,69.1,27.6
521.288005,815.436992,20,Library Peptides.K[+98]STGGK[+42]APR.+2y8.light,69.1,27.6
521.288005,627.357285,20,Library Peptides.K[+98]STGGK[+42]APR.+2y6.light,69.1,27.6
526.292139,227.139018,20,Library Peptides.K[+98]STGGK[+42]APR.+2b1.heavy,69.1,27.6
526.292139,825.445261,20,Library Peptides.K[+98]STGGK[+42]APR.+2y8.heavy,69.1,27.6
526.292139,637.365554,20,Library Peptides.K[+98]STGGK[+42]APR.+2y6.heavy,69.1,27.6
528.29583,227.139018,20,Library Peptides.K[+98]STGGK[+56]APR.+2b1.light,69.6,27.9
528.29583,829.452642,20,Library Peptides.K[+98]STGGK[+56]APR.+2y8.light,69.6,27.9
528.29583,641.372935,20,Library Peptides.K[+98]STGGK[+56]APR.+2y6.light,69.6,27.9
533.299964,227.139018,20,Library Peptides.K[+98]STGGK[+56]APR.+2b1.heavy,69.6,27.9
533.299964,839.460911,20,Library Peptides.K[+98]STGGK[+56]APR.+2y8.heavy,69.6,27.9
533.299964,651.381204,20,Library Peptides.K[+98]STGGK[+56]APR.+2y6.heavy,69.6,27.9
561.27117,227.139018,20,Library Peptides.K[+98]S[+80]TGGK[+42]APR.+2b1.light,72,29.1
561.27117,627.357285,20,Library Peptides.K[+98]S[+80]TGGK[+42]APR.+2y6.light,72,29.1
561.27117,272.171716,20,Library Peptides.K[+98]S[+80]TGGK[+42]APR.+2y2.light,72,29.1
566.275305,227.139018,20,Library Peptides.K[+98]S[+80]TGGK[+42]APR.+2b1.heavy,72,29.1
566.275305,637.365554,20,Library Peptides.K[+98]S[+80]TGGK[+42]APR.+2y6.heavy,72,29.1
566.275305,282.179985,20,Library Peptides.K[+98]S[+80]TGGK[+42]APR.+2y2.heavy,72,29.1
568.278995,227.139018,20,Library Peptides.K[+98]S[+80]TGGK[+56]APR.+2b1.light,72.5,29.3
568.278995,641.372935,20,Library Peptides.K[+98]S[+80]TGGK[+56]APR.+2y6.light,72.5,29.3
568.278995,272.171716,20,Library Peptides.K[+98]S[+80]TGGK[+56]APR.+2y2.light,72.5,29.3
573.28313,227.139018,20,Library Peptides.K[+98]S[+80]TGGK[+56]APR.+2b1.heavy,72.5,29.3
573.28313,651.381204,20,Library Peptides.K[+98]S[+80]TGGK[+56]APR.+2y6.heavy,72.5,29.3
573.28313,282.179985,20,Library Peptides.K[+98]S[+80]TGGK[+56]APR.+2y2.heavy,72.5,29.3
521.306198,671.408652,20,Library Peptides.K[+98_1]STGGK[+42]APR.+2a6.light,69.1,27.6
521.306198,742.445766,20,Library Peptides.K[+98_1]STGGK[+42]APR.+2a7.light,69.1,27.6
521.306198,627.357285,20,Library Peptides.K[+98_1]STGGK[+42]APR.+2y6.light,69.1,27.6
526.310332,671.408652,20,Library Peptides.K[+98_1]STGGK[+42]APR.+2a6.heavy,69.1,27.6
526.310332,742.445766,20,Library Peptides.K[+98_1]STGGK[+42]APR.+2a7.heavy,69.1,27.6
526.310332,637.365554,20,Library Peptides.K[+98_1]STGGK[+42]APR.+2y6.heavy,69.1,27.6
528.314023,756.461416,20,Library Peptides.K[+98_1]STGGK[+56]APR.+2a7.light,69.6,27.9
528.314023,784.45633,20,Library Peptides.K[+98_1]STGGK[+56]APR.+2b7.light,69.6,27.9
528.314023,641.372935,20,Library Peptides.K[+98_1]STGGK[+56]APR.+2y6.light,69.6,27.9
533.318157,756.461416,20,Library Peptides.K[+98_1]STGGK[+56]APR.+2a7.heavy,69.6,27.9
533.318157,784.45633,20,Library Peptides.K[+98_1]STGGK[+56]APR.+2b7.heavy,69.6,27.9
533.318157,651.381204,20,Library Peptides.K[+98_1]STGGK[+56]APR.+2y6.heavy,69.6,27.9
561.289363,627.357285,20,Library Peptides.K[+98_1]S[+80]TGGK[+42]APR.+2y6.light,72,29.1
561.289363,272.171716,20,Library Peptides.K[+98_1]S[+80]TGGK[+42]APR.+2y2.light,72,29.1
561.289363,175.118952,20,Library Peptides.K[+98_1]S[+80]TGGK[+42]APR.+2y1.light,72,29.1
566.293498,637.365554,20,Library Peptides.K[+98_1]S[+80]TGGK[+42]APR.+2y6.heavy,72,29.1
566.293498,282.179985,20,Library Peptides.K[+98_1]S[+80]TGGK[+42]APR.+2y2.heavy,72,29.1
566.293498,185.127221,20,Library Peptides.K[+98_1]S[+80]TGGK[+42]APR.+2y1.heavy,72,29.1
568.297188,524.247991,20,Library Peptides.K[+98_1]S[+80]TGGK[+56]APR.+2a4.light,72.5,29.3
568.297188,742.420613,20,Library Peptides.K[+98_1]S[+80]TGGK[+56]APR.+2y7.light,72.5,29.3
568.297188,272.171716,20,Library Peptides.K[+98_1]S[+80]TGGK[+56]APR.+2y2.light,72.5,29.3
573.301323,524.247991,20,Library Peptides.K[+98_1]S[+80]TGGK[+56]APR.+2a4.heavy,72.5,29.3
573.301323,752.428882,20,Library Peptides.K[+98_1]S[+80]TGGK[+56]APR.+2y7.heavy,72.5,29.3
573.301323,282.179985,20,Library Peptides.K[+98_1]S[+80]TGGK[+56]APR.+2y2.heavy,72.5,29.3
627.418823,241.154669,20,Library Peptides.K[+112_1]VLR.+1b1.light,76.9,31.4
627.418823,340.223083,20,Library Peptides.K[+112_1]VLR.+1b2.light,76.9,31.4
627.418823,175.118952,20,Library Peptides.K[+112_1]VLR.+1y1.light,76.9,31.4
637.427092,241.154669,20,Library Peptides.K[+112_1]VLR.+1b1.heavy,76.9,31.4
637.427092,340.223083,20,Library Peptides.K[+112_1]VLR.+1b2.heavy,76.9,31.4
637.427092,185.127221,20,Library Peptides.K[+112_1]VLR.+1y1.heavy,76.9,31.4
321.220874,255.170319,20,Library Peptides.K[+126_1]VLR.+2b1.light,54.5,20.4
321.220874,387.27143,20,Library Peptides.K[+126_1]VLR.+2y3.light,54.5,20.4
321.220874,175.118952,20,Library Peptides.K[+126_1]VLR.+2y1.light,54.5,20.4
326.225009,255.170319,20,Library Peptides.K[+126_1]VLR.+2b1.heavy,54.5,20.4
326.225009,397.279699,20,Library Peptides.K[+126_1]VLR.+2y3.heavy,54.5,20.4
326.225009,185.127221,20,Library Peptides.K[+126_1]VLR.+2y1.heavy,54.5,20.4
300.215592,185.164839,20,Library Peptides.K[+84_1]VLR.+2a1.light,53,19.7
300.215592,397.317317,20,Library Peptides.K[+84_1]VLR.+2a3.light,53,19.7
300.215592,213.159754,20,Library Peptides.K[+84_1]VLR.+2b1.light,53,19.7
305.219726,185.164839,20,Library Peptides.K[+84_1]VLR.+2a1.heavy,53,19.7
305.219726,397.317317,20,Library Peptides.K[+84_1]VLR.+2a3.heavy,53,19.7
305.219726,213.159754,20,Library Peptides.K[+84_1]VLR.+2b1.heavy,53,19.7
307.223417,411.332967,20,Library Peptides.K[+98_1]VLR.+2a3.light,53.5,19.9
307.223417,326.243818,20,Library Peptides.K[+98_1]VLR.+2b2.light,53.5,19.9
307.223417,175.118952,20,Library Peptides.K[+98_1]VLR.+2y1.light,53.5,19.9
312.227551,411.332967,20,Library Peptides.K[+98_1]VLR.+2a3.heavy,53.5,19.9
312.227551,326.243818,20,Library Peptides.K[+98_1]VLR.+2b2.heavy,53.5,19.9
312.227551,185.127221,20,Library Peptides.K[+98_1]VLR.+2y1.heavy,53.5,19.9
394.734877,314.207433,20,Library Peptides.T[+56]K[+28]QTAR.+2b2.light,59.9,23.1
394.734877,475.262322,20,Library Peptides.T[+56]K[+28]QTAR.+2y4.light,59.9,23.1
394.734877,175.118952,20,Library Peptides.T[+56]K[+28]QTAR.+2y1.light,59.9,23.1
399.739012,314.207433,20,Library Peptides.T[+56]K[+28]QTAR.+2b2.heavy,59.9,23.1
399.739012,485.270591,20,Library Peptides.T[+56]K[+28]QTAR.+2y4.heavy,59.9,23.1
399.739012,185.127221,20,Library Peptides.T[+56]K[+28]QTAR.+2y1.heavy,59.9,23.1
401.72451,328.186698,20,Library Peptides.T[+56]K[+42]QTAR.+2b2.light,60.4,23.3
401.72451,645.36785,20,Library Peptides.T[+56]K[+42]QTAR.+2y5.light,60.4,23.3
401.72451,475.262322,20,Library Peptides.T[+56]K[+42]QTAR.+2y4.light,60.4,23.3
406.728644,328.186698,20,Library Peptides.T[+56]K[+42]QTAR.+2b2.heavy,60.4,23.3
406.728644,655.376119,20,Library Peptides.T[+56]K[+42]QTAR.+2y5.heavy,60.4,23.3
406.728644,485.270591,20,Library Peptides.T[+56]K[+42]QTAR.+2y4.heavy,60.4,23.3
401.742702,347.203744,20,Library Peptides.T[+56]K[3Me]QTAR.+2y3.light,60.4,23.3
406.746837,357.212013,20,Library Peptides.T[+56]K[3Me]QTAR.+2y3.heavy,60.4,23.3
408.732335,659.3835,20,Library Peptides.T[+56]K[+56]QTAR.+2y5.light,60.9,23.6
408.732335,475.262322,20,Library Peptides.T[+56]K[+56]QTAR.+2y4.light,60.9,23.6
408.732335,330.195388,20,Library Peptides.T[+56]K[+56]QTAR.+2y5+2.light,60.9,23.6
413.736469,669.391769,20,Library Peptides.T[+56]K[+56]QTAR.+2y5.heavy,60.9,23.6
413.736469,485.270591,20,Library Peptides.T[+56]K[+56]QTAR.+2y4.heavy,60.9,23.6
413.736469,335.199522,20,Library Peptides.T[+56]K[+56]QTAR.+2y5+2.heavy,60.9,23.6
415.74016,673.39915,20,Library Peptides.T[+56]K[+70]QTAR.+2y5.light,61.4,23.8
415.74016,475.262322,20,Library Peptides.T[+56]K[+70]QTAR.+2y4.light,61.4,23.8
415.74016,337.203213,20,Library Peptides.T[+56]K[+70]QTAR.+2y5+2.light,61.4,23.8
420.744294,683.407419,20,Library Peptides.T[+56]K[+70]QTAR.+2y5.heavy,61.4,23.8
420.744294,485.270591,20,Library Peptides.T[+56]K[+70]QTAR.+2y4.heavy,61.4,23.8
420.744294,342.207347,20,Library Peptides.T[+56]K[+70]QTAR.+2y5+2.heavy,61.4,23.8
748.928894,257.149583,20,Library Peptides.V[+56]TIMPK[+56]DIQLAR.+2b2.light,85.7,35.8
748.928894,996.583656,20,Library Peptides.V[+56]TIMPK[+56]DIQLAR.+2y8.light,85.7,35.8
748.928894,498.795466,20,Library Peptides.V[+56]TIMPK[+56]DIQLAR.+2y8+2.light,85.7,35.8
753.933029,257.149583,20,Library Peptides.V[+56]TIMPK[+56]DIQLAR.+2b2.heavy,85.7,35.8
753.933029,1006.591925,20,Library Peptides.V[+56]TIMPK[+56]DIQLAR.+2y8.heavy,85.7,35.8
753.933029,503.799601,20,Library Peptides.V[+56]TIMPK[+56]DIQLAR.+2y8+2.heavy,85.7,35.8
738.906473,192.101905,20,Library Peptides.Y[+56]QK[+170_1]STELLIR.+2a1.light,85,35.5
738.906473,831.493444,20,Library Peptides.Y[+56]QK[+170_1]STELLIR.+2y7.light,85,35.5
738.906473,175.118952,20,Library Peptides.Y[+56]QK[+170_1]STELLIR.+2y1.light,85,35.5
743.910608,192.101905,20,Library Peptides.Y[+56]QK[+170_1]STELLIR.+2a1.heavy,85,35.5
743.910608,841.501713,20,Library Peptides.Y[+56]QK[+170_1]STELLIR.+2y7.heavy,85,35.5
743.910608,185.127221,20,Library Peptides.Y[+56]QK[+170_1]STELLIR.+2y1.heavy,85,35.5
667.887552,192.101905,20,Library Peptides.Y[+56]QK[+28]STELLIR.+2a1.light,79.8,32.9
667.887552,821.40396,20,Library Peptides.Y[+56]QK[+28]STELLIR.+2b6.light,79.8,32.9
667.887552,175.118952,20,Library Peptides.Y[+56]QK[+28]STELLIR.+2y1.light,79.8,32.9
672.891687,192.101905,20,Library Peptides.Y[+56]QK[+28]STELLIR.+2a1.heavy,79.8,32.9
672.891687,821.40396,20,Library Peptides.Y[+56]QK[+28]STELLIR.+2b6.heavy,79.8,32.9
672.891687,185.127221,20,Library Peptides.Y[+56]QK[+28]STELLIR.+2y1.heavy,79.8,32.9
674.877185,192.101905,20,Library Peptides.Y[+56]QK[+42]STELLIR.+2a1.light,80.3,33.2
674.877185,1001.598972,20,Library Peptides.Y[+56]QK[+42]STELLIR.+2y8.light,80.3,33.2
674.877185,831.493444,20,Library Peptides.Y[+56]QK[+42]STELLIR.+2y7.light,80.3,33.2
679.881319,192.101905,20,Library Peptides.Y[+56]QK[+42]STELLIR.+2a1.heavy,80.3,33.2
679.881319,1011.607241,20,Library Peptides.Y[+56]QK[+42]STELLIR.+2y8.heavy,80.3,33.2
679.881319,841.501713,20,Library Peptides.Y[+56]QK[+42]STELLIR.+2y7.heavy,80.3,33.2
674.895377,192.101905,20,Library Peptides.Y[+56]QK[3Me]STELLIR.+2a1.light,80.3,33.2
674.895377,835.41961,20,Library Peptides.Y[+56]QK[3Me]STELLIR.+2b6.light,80.3,33.2
674.895377,175.118952,20,Library Peptides.Y[+56]QK[3Me]STELLIR.+2y1.light,80.3,33.2
679.899512,192.101905,20,Library Peptides.Y[+56]QK[3Me]STELLIR.+2a1.heavy,80.3,33.2
679.899512,835.41961,20,Library Peptides.Y[+56]QK[3Me]STELLIR.+2b6.heavy,80.3,33.2
679.899512,185.127221,20,Library Peptides.Y[+56]QK[3Me]STELLIR.+2y1.heavy,80.3,33.2
681.88501,192.101905,20,Library Peptides.Y[+56]QK[+56]STELLIR.+2a1.light,80.8,33.4
681.88501,1015.614622,20,Library Peptides.Y[+56]QK[+56]STELLIR.+2y8.light,80.8,33.4
681.88501,831.493444,20,Library Peptides.Y[+56]QK[+56]STELLIR.+2y7.light,80.8,33.4
686.889144,192.101905,20,Library Peptides.Y[+56]QK[+56]STELLIR.+2a1.heavy,80.8,33.4
686.889144,1025.622891,20,Library Peptides.Y[+56]QK[+56]STELLIR.+2y8.heavy,80.8,33.4
686.889144,841.501713,20,Library Peptides.Y[+56]QK[+56]STELLIR.+2y7.heavy,80.8,33.4
688.892835,192.101905,20,Library Peptides.Y[+56]QK[+70]STELLIR.+2a1.light,81.3,33.7
688.892835,1029.630272,20,Library Peptides.Y[+56]QK[+70]STELLIR.+2y8.light,81.3,33.7
688.892835,831.493444,20,Library Peptides.Y[+56]QK[+70]STELLIR.+2y7.light,81.3,33.7
693.896969,192.101905,20,Library Peptides.Y[+56]QK[+70]STELLIR.+2a1.heavy,81.3,33.7
693.896969,1039.638541,20,Library Peptides.Y[+56]QK[+70]STELLIR.+2y8.heavy,81.3,33.7
693.896969,841.501713,20,Library Peptides.Y[+56]QK[+70]STELLIR.+2y7.heavy,81.3,33.7
584.797356,456.164262,20,Library Peptides.Y[+136]RPGTVALR.+2b2.light,73.7,29.9
584.797356,713.43045,20,Library Peptides.Y[+136]RPGTVALR.+2y7.light,73.7,29.9
584.797356,175.118952,20,Library Peptides.Y[+136]RPGTVALR.+2y1.light,73.7,29.9
589.80149,456.164262,20,Library Peptides.Y[+136]RPGTVALR.+2b2.heavy,73.7,29.9
589.80149,723.438719,20,Library Peptides.Y[+136]RPGTVALR.+2y7.heavy,73.7,29.9
589.80149,185.127221,20,Library Peptides.Y[+136]RPGTVALR.+2y1.heavy,73.7,29.9
544.81419,192.101905,20,Library Peptides.Y[+56]RPGTVALR.+2a1.light,70.8,28.5
544.81419,713.43045,20,Library Peptides.Y[+56]RPGTVALR.+2y7.light,70.8,28.5
544.81419,175.118952,20,Library Peptides.Y[+56]RPGTVALR.+2y1.light,70.8,28.5
549.818325,192.101905,20,Library Peptides.Y[+56]RPGTVALR.+2a1.heavy,70.8,28.5
549.818325,723.438719,20,Library Peptides.Y[+56]RPGTVALR.+2y7.heavy,70.8,28.5
549.818325,185.127221,20,Library Peptides.Y[+56]RPGTVALR.+2y1.heavy,70.8,28.5
544.81419,192.101905,20,Library Peptides.Y[+56]RPGTVALR.+2a1.light,70.8,28.5
544.81419,713.43045,20,Library Peptides.Y[+56]RPGTVALR.+2y7.light,70.8,28.5
544.81419,175.118952,20,Library Peptides.Y[+56]RPGTVALR.+2y1.light,70.8,28.5
