485.912407,218.149918,13.31,sp|P00442|SODC_BOVIN.GDGPVQGTIHFEAK.+3y2.light,100,30.3,,,sp|P00442|SODC_BOVIN.GDGPVQGTIHFEAK.light,296075.7,0.945600204467773,,1
485.912407,631.319837,13.31,sp|P00442|SODC_BOVIN.GDGPVQGTIHFEAK.+3y5.light,100,30.3,,,sp|P00442|SODC_BOVIN.GDGPVQGTIHFEAK.light,168995.5,0.945600204467773,,1
485.912407,494.260925,13.31,sp|P00442|SODC_BOVIN.GDGPVQGTIHFEAK.+3y4.light,100,30.3,,,sp|P00442|SODC_BOVIN.GDGPVQGTIHFEAK.light,115428,0.945600204467773,,2
485.912407,902.473043,13.31,sp|P00442|SODC_BOVIN.GDGPVQGTIHFEAK.+3y8.light,100,27.3,,,sp|P00442|SODC_BOVIN.GDGPVQGTIHFEAK.light,68912.48,0.945600204467773,,2
485.912407,744.403901,13.31,sp|P00442|SODC_BOVIN.GDGPVQGTIHFEAK.+3y6.light,100,30.3,,,sp|P00442|SODC_BOVIN.GDGPVQGTIHFEAK.light,46315.3,0.945600204467773,,2
485.912407,845.451579,13.31,sp|P00442|SODC_BOVIN.GDGPVQGTIHFEAK.+3y7.light,100,24.3,,,sp|P00442|SODC_BOVIN.GDGPVQGTIHFEAK.light,20324.59,0.945600204467773,,2
409.210564,434.224539,10.18,sp|P00442|SODC_BOVIN.HVGDLGNVTADK.+3y4.light,100,20.5,,,sp|P00442|SODC_BOVIN.HVGDLGNVTADK.light,908065.3,0.937333755493164,,1
409.210564,333.176861,10.18,sp|P00442|SODC_BOVIN.HVGDLGNVTADK.+3y3.light,100,20.5,,,sp|P00442|SODC_BOVIN.HVGDLGNVTADK.light,618151.5,0.937333755493164,,1
409.210564,262.139747,10.18,sp|P00442|SODC_BOVIN.HVGDLGNVTADK.+3y2.light,100,29.5,,,sp|P00442|SODC_BOVIN.HVGDLGNVTADK.light,381273.9,0.937333755493164,,2
409.210564,533.292953,10.18,sp|P00442|SODC_BOVIN.HVGDLGNVTADK.+3y5.light,100,17.5,,,sp|P00442|SODC_BOVIN.HVGDLGNVTADK.light,195506.2,0.937333755493164,,2
409.210564,647.335881,10.18,sp|P00442|SODC_BOVIN.HVGDLGNVTADK.+3y6.light,100,17.5,,,sp|P00442|SODC_BOVIN.HVGDLGNVTADK.light,113981.9,0.937333755493164,,2
409.210564,704.357344,10.18,sp|P00442|SODC_BOVIN.HVGDLGNVTADK.+3y7.light,100,17.5,,,sp|P00442|SODC_BOVIN.HVGDLGNVTADK.light,57370.49,0.937333755493164,,2
499.589047,672.33113,9.72,sp|P00442|SODC_BOVIN.TMVVHEKPDDLGR.+3y6.light,100,34,,,sp|P00442|SODC_BOVIN.TMVVHEKPDDLGR.light,29125.66,1.21800010681152,,1
499.589047,800.426093,9.72,sp|P00442|SODC_BOVIN.TMVVHEKPDDLGR.+3y7.light,100,34,,,sp|P00442|SODC_BOVIN.TMVVHEKPDDLGR.light,14901,1.21800010681152,,1
499.589047,345.22448,9.72,sp|P00442|SODC_BOVIN.TMVVHEKPDDLGR.+3y3.light,100,37,,,sp|P00442|SODC_BOVIN.TMVVHEKPDDLGR.light,12629.21,1.21800010681152,,2
499.589047,929.468686,9.72,sp|P00442|SODC_BOVIN.TMVVHEKPDDLGR.+3y8.light,100,28,,,sp|P00442|SODC_BOVIN.TMVVHEKPDDLGR.light,5637.292,1.21800010681152,,2
499.589047,460.251423,9.72,sp|P00442|SODC_BOVIN.TMVVHEKPDDLGR.+3y4.light,100,37,,,sp|P00442|SODC_BOVIN.TMVVHEKPDDLGR.light,5452.2,1.21800010681152,,2
499.589047,575.278366,9.72,sp|P00442|SODC_BOVIN.TMVVHEKPDDLGR.+3y5.light,100,31,,,sp|P00442|SODC_BOVIN.TMVVHEKPDDLGR.light,2256.891,1.21800010681152,,2
534.253828,868.404688,10.84,tr|Q4ADJ7|Q4ADJ7_CHICK.AQSDFGVDTK.+2y8.light,100,25.7,,,tr|Q4ADJ7|Q4ADJ7_CHICK.AQSDFGVDTK.light,856863.6,0.97913330078125,,1
534.253828,248.160482,10.84,tr|Q4ADJ7|Q4ADJ7_CHICK.AQSDFGVDTK.+2y2.light,100,37.7,,,tr|Q4ADJ7|Q4ADJ7_CHICK.AQSDFGVDTK.light,497125.5,0.97913330078125,,1
534.253828,363.187425,10.84,tr|Q4ADJ7|Q4ADJ7_CHICK.AQSDFGVDTK.+2y3.light,100,34.7,,,tr|Q4ADJ7|Q4ADJ7_CHICK.AQSDFGVDTK.light,291780.4,0.97913330078125,,2
534.253828,666.345717,10.84,tr|Q4ADJ7|Q4ADJ7_CHICK.AQSDFGVDTK.+2y6.light,100,31.7,,,tr|Q4ADJ7|Q4ADJ7_CHICK.AQSDFGVDTK.light,252955,0.97913330078125,,2
534.253828,519.277303,10.84,tr|Q4ADJ7|Q4ADJ7_CHICK.AQSDFGVDTK.+2y5.light,100,31.7,,,tr|Q4ADJ7|Q4ADJ7_CHICK.AQSDFGVDTK.light,200149.3,0.97913330078125,,2
534.253828,781.37266,10.84,tr|Q4ADJ7|Q4ADJ7_CHICK.AQSDFGVDTK.+2y7.light,100,25.7,,,tr|Q4ADJ7|Q4ADJ7_CHICK.AQSDFGVDTK.light,149034.1,0.97913330078125,,2
401.204862,301.187031,16.94,tr|Q4ADJ7|Q4ADJ7_CHICK.SDFHLFGPPGK.+3y3.light,100,23.1,,,tr|Q4ADJ7|Q4ADJ7_CHICK.SDFHLFGPPGK.light,657526.6,1.10013168334961,,1
401.204862,398.239795,16.94,tr|Q4ADJ7|Q4ADJ7_CHICK.SDFHLFGPPGK.+3y4.light,100,26.1,,,tr|Q4ADJ7|Q4ADJ7_CHICK.SDFHLFGPPGK.light,523447.2,1.10013168334961,,1
401.204862,455.261259,16.94,tr|Q4ADJ7|Q4ADJ7_CHICK.SDFHLFGPPGK.+3y5.light,100,20.1,,,tr|Q4ADJ7|Q4ADJ7_CHICK.SDFHLFGPPGK.light,404848.4,1.10013168334961,,2
401.204862,602.329673,16.94,tr|Q4ADJ7|Q4ADJ7_CHICK.SDFHLFGPPGK.+3y6.light,100,23.1,,,tr|Q4ADJ7|Q4ADJ7_CHICK.SDFHLFGPPGK.light,289562.7,1.10013168334961,,2
401.204862,715.413737,16.94,tr|Q4ADJ7|Q4ADJ7_CHICK.SDFHLFGPPGK.+3y7.light,100,20.1,,,tr|Q4ADJ7|Q4ADJ7_CHICK.SDFHLFGPPGK.light,235133.7,1.10013168334961,,2
401.204862,204.134267,16.94,tr|Q4ADJ7|Q4ADJ7_CHICK.SDFHLFGPPGK.+3y2.light,100,29.1,,,tr|Q4ADJ7|Q4ADJ7_CHICK.SDFHLFGPPGK.light,219929.5,1.10013168334961,,2
524.266541,737.394064,16.31,tr|Q4ADJ7|Q4ADJ7_CHICK.YFGYTGALR.+2y7.light,100,25.2,,,tr|Q4ADJ7|Q4ADJ7_CHICK.YFGYTGALR.light,639040.1,0.999099426269531,,1
524.266541,517.309272,16.31,tr|Q4ADJ7|Q4ADJ7_CHICK.YFGYTGALR.+2y5.light,100,28.2,,,tr|Q4ADJ7|Q4ADJ7_CHICK.YFGYTGALR.light,107423.3,0.999099426269531,,1
524.266541,884.462478,16.31,tr|Q4ADJ7|Q4ADJ7_CHICK.YFGYTGALR.+2y8.light,100,28.2,,,tr|Q4ADJ7|Q4ADJ7_CHICK.YFGYTGALR.light,77635.91,0.999099426269531,,2
524.266541,416.261593,16.31,tr|Q4ADJ7|Q4ADJ7_CHICK.YFGYTGALR.+2y4.light,100,34.2,,,tr|Q4ADJ7|Q4ADJ7_CHICK.YFGYTGALR.light,58060.62,0.999099426269531,,2
524.266541,680.3726,16.31,tr|Q4ADJ7|Q4ADJ7_CHICK.YFGYTGALR.+2y6.light,100,28.2,,,tr|Q4ADJ7|Q4ADJ7_CHICK.YFGYTGALR.light,55871.47,0.999099426269531,,2
524.266541,175.118952,16.31,tr|Q4ADJ7|Q4ADJ7_CHICK.YFGYTGALR.+2y1.light,100,40.2,,,tr|Q4ADJ7|Q4ADJ7_CHICK.YFGYTGALR.light,49806.04,0.999099426269531,,2
608.986523,800.389707,11.28,sp|P00432|CATA_BOVIN.AAQKPDVLTTGGGNPVGDK.+3y9.light,100,24.4,,,sp|P00432|CATA_BOVIN.AAQKPDVLTTGGGNPVGDK.light,98349.23,0.984132461547852,,1
608.986523,743.368243,11.28,sp|P00432|CATA_BOVIN.AAQKPDVLTTGGGNPVGDK.+3y8.light,100,27.4,,,sp|P00432|CATA_BOVIN.AAQKPDVLTTGGGNPVGDK.light,41487.66,0.984132461547852,,1
608.986523,515.282388,11.28,sp|P00432|CATA_BOVIN.AAQKPDVLTTGGGNPVGDK.+3y5.light,100,39.4,,,sp|P00432|CATA_BOVIN.AAQKPDVLTTGGGNPVGDK.light,29123.03,0.984132461547852,,2
608.986523,901.437386,11.28,sp|P00432|CATA_BOVIN.AAQKPDVLTTGGGNPVGDK.+3y10.light,100,30.4,,,sp|P00432|CATA_BOVIN.AAQKPDVLTTGGGNPVGDK.light,27435.02,0.984132461547852,,2
608.986523,319.161211,11.28,sp|P00432|CATA_BOVIN.AAQKPDVLTTGGGNPVGDK.+3y3.light,100,39.4,,,sp|P00432|CATA_BOVIN.AAQKPDVLTTGGGNPVGDK.light,23035.96,0.984132461547852,,2
608.986523,1002.485064,11.28,sp|P00432|CATA_BOVIN.AAQKPDVLTTGGGNPVGDK.+3y11.light,100,27.4,,,sp|P00432|CATA_BOVIN.AAQKPDVLTTGGGNPVGDK.light,7484.789,0.984132461547852,,2
429.210564,345.22448,10.98,sp|P00432|CATA_BOVIN.LAHEDPDYGLR.+3y3.light,100,21.5,,,sp|P00432|CATA_BOVIN.LAHEDPDYGLR.light,200685.5,1.00456588745117,,1
429.210564,508.287808,10.98,sp|P00432|CATA_BOVIN.LAHEDPDYGLR.+3y4.light,100,24.5,,,sp|P00432|CATA_BOVIN.LAHEDPDYGLR.light,93980,1.00456588745117,,1
429.210564,175.118952,10.98,sp|P00432|CATA_BOVIN.LAHEDPDYGLR.+3y1.light,100,30.5,,,sp|P00432|CATA_BOVIN.LAHEDPDYGLR.light,38487.75,1.00456588745117,,2
429.210564,288.203016,10.98,sp|P00432|CATA_BOVIN.LAHEDPDYGLR.+3y2.light,100,24.5,,,sp|P00432|CATA_BOVIN.LAHEDPDYGLR.light,32268.4,1.00456588745117,,2
429.210564,623.314751,10.98,sp|P00432|CATA_BOVIN.LAHEDPDYGLR.+3y5.light,100,21.5,,,sp|P00432|CATA_BOVIN.LAHEDPDYGLR.light,24369.98,1.00456588745117,,2
429.210564,720.367515,10.98,sp|P00432|CATA_BOVIN.LAHEDPDYGLR.+3y6.light,100,24.5,,,sp|P00432|CATA_BOVIN.LAHEDPDYGLR.light,9003.224,1.00456588745117,,2
469.881107,708.33113,11.11,sp|P00432|CATA_BOVIN.NFSDVHPEYGSR.+3y6.light,100,26.5,,,sp|P00432|CATA_BOVIN.NFSDVHPEYGSR.light,267407.3,0.914134674072266,,1
469.881107,482.235772,11.11,sp|P00432|CATA_BOVIN.NFSDVHPEYGSR.+3y4.light,100,32.5,,,sp|P00432|CATA_BOVIN.NFSDVHPEYGSR.light,53707.26,0.914134674072266,,1
469.881107,262.15098,11.11,sp|P00432|CATA_BOVIN.NFSDVHPEYGSR.+3y2.light,100,20.5,,,sp|P00432|CATA_BOVIN.NFSDVHPEYGSR.light,31835.76,0.914134674072266,,2
469.881107,611.278366,11.11,sp|P00432|CATA_BOVIN.NFSDVHPEYGSR.+3y5.light,100,32.5,,,sp|P00432|CATA_BOVIN.NFSDVHPEYGSR.light,16795.23,0.914134674072266,,2
469.881107,319.172444,11.11,sp|P00432|CATA_BOVIN.NFSDVHPEYGSR.+3y3.light,100,32.5,,,sp|P00432|CATA_BOVIN.NFSDVHPEYGSR.light,12821.8,0.914134674072266,,2
469.881107,845.390041,11.11,sp|P00432|CATA_BOVIN.NFSDVHPEYGSR.+3y7.light,100,26.5,,,sp|P00432|CATA_BOVIN.NFSDVHPEYGSR.light,9724.715,0.914134674072266,,2
473.902743,721.318516,17.34,sp|P02769|ALBU_BOVIN.SLHTLFGDELC[CAM]K.+3y6.light,100,23.7,,,sp|P02769|ALBU_BOVIN.SLHTLFGDELC[CAM]K.light,167541.8,0.922198944091797,,1
473.902743,307.143452,17.34,sp|P02769|ALBU_BOVIN.SLHTLFGDELC[CAM]K.+3y2.light,100,32.7,,,sp|P02769|ALBU_BOVIN.SLHTLFGDELC[CAM]K.light,143246.6,0.922198944091797,,1
473.902743,420.227516,17.34,sp|P02769|ALBU_BOVIN.SLHTLFGDELC[CAM]K.+3y3.light,100,23.7,,,sp|P02769|ALBU_BOVIN.SLHTLFGDELC[CAM]K.light,64177.95,0.922198944091797,,2
473.902743,549.270109,17.34,sp|P02769|ALBU_BOVIN.SLHTLFGDELC[CAM]K.+3y4.light,100,23.7,,,sp|P02769|ALBU_BOVIN.SLHTLFGDELC[CAM]K.light,47133.32,0.922198944091797,,2
473.902743,664.297052,17.34,sp|P02769|ALBU_BOVIN.SLHTLFGDELC[CAM]K.+3y5.light,100,23.7,,,sp|P02769|ALBU_BOVIN.SLHTLFGDELC[CAM]K.light,38295.14,0.922198944091797,,2
473.902743,868.38693,17.34,sp|P02769|ALBU_BOVIN.SLHTLFGDELC[CAM]K.+3y7.light,100,17.7,,,sp|P02769|ALBU_BOVIN.SLHTLFGDELC[CAM]K.light,9310.807,0.922198944091797,,2
526.260707,698.281402,15.1,sp|P02769|ALBU_BOVIN.LKPDPNTLC[CAM]DEFK.+3y5.light,100,26.3,,,sp|P02769|ALBU_BOVIN.LKPDPNTLC[CAM]DEFK.light,198971.5,1.35140007019043,,1
526.260707,294.181218,15.1,sp|P02769|ALBU_BOVIN.LKPDPNTLC[CAM]DEFK.+3y2.light,100,32.3,,,sp|P02769|ALBU_BOVIN.LKPDPNTLC[CAM]DEFK.light,63506.23,1.35140007019043,,1
526.260707,811.365466,15.1,sp|P02769|ALBU_BOVIN.LKPDPNTLC[CAM]DEFK.+3y6.light,100,23.3,,,sp|P02769|ALBU_BOVIN.LKPDPNTLC[CAM]DEFK.light,35480.65,1.35140007019043,,2
526.260707,538.250754,15.1,sp|P02769|ALBU_BOVIN.LKPDPNTLC[CAM]DEFK.+3y4.light,100,26.3,,,sp|P02769|ALBU_BOVIN.LKPDPNTLC[CAM]DEFK.light,19951.84,1.35140007019043,,2
526.260707,423.223811,15.1,sp|P02769|ALBU_BOVIN.LKPDPNTLC[CAM]DEFK.+3y3.light,100,35.3,,,sp|P02769|ALBU_BOVIN.LKPDPNTLC[CAM]DEFK.light,14097.7,1.35140007019043,,2
526.260707,912.413145,15.1,sp|P02769|ALBU_BOVIN.LKPDPNTLC[CAM]DEFK.+3y7.light,100,29.3,,,sp|P02769|ALBU_BOVIN.LKPDPNTLC[CAM]DEFK.light,13307.36,1.35140007019043,,2
435.910226,147.112804,14.11,sp|P02769|ALBU_BOVIN.HLVDEPQNLIK.+3y1.light,100,18.8,,,sp|P02769|ALBU_BOVIN.HLVDEPQNLIK.light,355283.2,1.08326690673828,,1
435.910226,712.435201,14.11,sp|P02769|ALBU_BOVIN.HLVDEPQNLIK.+3y6.light,100,18.8,,,sp|P02769|ALBU_BOVIN.HLVDEPQNLIK.light,210570.9,1.08326690673828,,1
435.910226,487.323859,14.11,sp|P02769|ALBU_BOVIN.HLVDEPQNLIK.+3y4.light,100,18.8,,,sp|P02769|ALBU_BOVIN.HLVDEPQNLIK.light,144309.9,1.08326690673828,,2
435.910226,260.196868,14.11,sp|P02769|ALBU_BOVIN.HLVDEPQNLIK.+3y2.light,100,21.8,,,sp|P02769|ALBU_BOVIN.HLVDEPQNLIK.light,133643.5,1.08326690673828,,2
435.910226,615.382437,14.11,sp|P02769|ALBU_BOVIN.HLVDEPQNLIK.+3y5.light,100,18.8,,,sp|P02769|ALBU_BOVIN.HLVDEPQNLIK.light,91841.38,1.08326690673828,,2
435.910226,373.280932,14.11,sp|P02769|ALBU_BOVIN.HLVDEPQNLIK.+3y3.light,100,18.8,,,sp|P02769|ALBU_BOVIN.HLVDEPQNLIK.light,43292.79,1.08326690673828,,2
449.555566,549.299101,12.92,sp|P80025|PERL_BOVIN.FGHMEVPSTVSR.+3y5.light,100,25.5,,,sp|P80025|PERL_BOVIN.FGHMEVPSTVSR.light,611009.9,,,1
449.555566,646.351865,12.92,sp|P80025|PERL_BOVIN.FGHMEVPSTVSR.+3y6.light,100,22.5,,,sp|P80025|PERL_BOVIN.FGHMEVPSTVSR.light,522102.5,,,1
449.555566,462.267073,12.92,sp|P80025|PERL_BOVIN.FGHMEVPSTVSR.+3y4.light,100,28.5,,,sp|P80025|PERL_BOVIN.FGHMEVPSTVSR.light,386195.3,,,2
449.555566,361.219394,12.92,sp|P80025|PERL_BOVIN.FGHMEVPSTVSR.+3y3.light,100,25.5,,,sp|P80025|PERL_BOVIN.FGHMEVPSTVSR.light,302517.9,,,2
449.555566,262.15098,12.92,sp|P80025|PERL_BOVIN.FGHMEVPSTVSR.+3y2.light,100,25.5,,,sp|P80025|PERL_BOVIN.FGHMEVPSTVSR.light,246953.1,,,2
449.555566,175.118952,12.92,sp|P80025|PERL_BOVIN.FGHMEVPSTVSR.+3y1.light,100,34.5,,,sp|P80025|PERL_BOVIN.FGHMEVPSTVSR.light,163735.2,,,2
489.940408,530.304521,19.28,sp|P80025|PERL_BOVIN.IHGFDLAAINLQR.+3y4.light,100,24.5,,,sp|P80025|PERL_BOVIN.IHGFDLAAINLQR.light,386901.1,0.981563262939453,,1
489.940408,714.425699,19.28,sp|P80025|PERL_BOVIN.IHGFDLAAINLQR.+3y6.light,100,24.5,,,sp|P80025|PERL_BOVIN.IHGFDLAAINLQR.light,188577.2,0.981563262939453,,1
489.940408,643.388585,19.28,sp|P80025|PERL_BOVIN.IHGFDLAAINLQR.+3y5.light,100,24.5,,,sp|P80025|PERL_BOVIN.IHGFDLAAINLQR.light,180678.8,0.981563262939453,,2
489.940408,416.261593,19.28,sp|P80025|PERL_BOVIN.IHGFDLAAINLQR.+3y3.light,100,21.5,,,sp|P80025|PERL_BOVIN.IHGFDLAAINLQR.light,116654.2,0.981563262939453,,2
489.940408,303.177529,19.28,sp|P80025|PERL_BOVIN.IHGFDLAAINLQR.+3y2.light,100,18.5,,,sp|P80025|PERL_BOVIN.IHGFDLAAINLQR.light,102454.4,0.981563262939453,,2
489.940408,785.462812,19.28,sp|P80025|PERL_BOVIN.IHGFDLAAINLQR.+3y7.light,100,24.5,,,sp|P80025|PERL_BOVIN.IHGFDLAAINLQR.light,33750.29,0.981563262939453,,2
770.366984,777.414131,22.88,sp|P80025|PERL_BOVIN.FWWENPGVFTEK.+2y7.light,100,43.5,,,sp|P80025|PERL_BOVIN.FWWENPGVFTEK.light,158533.8,0.991267852783203,,1
770.366984,891.457058,22.88,sp|P80025|PERL_BOVIN.FWWENPGVFTEK.+2y8.light,100,37.5,,,sp|P80025|PERL_BOVIN.FWWENPGVFTEK.light,49493.43,0.991267852783203,,1
770.366984,524.271489,22.88,sp|P80025|PERL_BOVIN.FWWENPGVFTEK.+2y4.light,100,49.5,,,sp|P80025|PERL_BOVIN.FWWENPGVFTEK.light,47516.17,0.991267852783203,,2
770.366984,377.203075,22.88,sp|P80025|PERL_BOVIN.FWWENPGVFTEK.+2y3.light,100,49.5,,,sp|P80025|PERL_BOVIN.FWWENPGVFTEK.light,31275.34,0.991267852783203,,2
770.366984,1020.499651,22.88,sp|P80025|PERL_BOVIN.FWWENPGVFTEK.+2y9.light,100,37.5,,,sp|P80025|PERL_BOVIN.FWWENPGVFTEK.light,30592.95,0.991267852783203,,2
770.366984,1206.578964,22.88,sp|P80025|PERL_BOVIN.FWWENPGVFTEK.+2y10.light,100,34.5,,,sp|P80025|PERL_BOVIN.FWWENPGVFTEK.light,25323.89,0.991267852783203,,2
500.731477,770.34678,17.44,sp|P00366|DHE3_BOVIN.MVEGFFDR.+2y6.light,100,24,,,sp|P00366|DHE3_BOVIN.MVEGFFDR.light,2064251,0.937534027099609,,1
500.731477,641.304186,17.44,sp|P00366|DHE3_BOVIN.MVEGFFDR.+2y5.light,100,27,,,sp|P00366|DHE3_BOVIN.MVEGFFDR.light,840211.9,0.937534027099609,,1
500.731477,869.415194,17.44,sp|P00366|DHE3_BOVIN.MVEGFFDR.+2y7.light,100,27,,,sp|P00366|DHE3_BOVIN.MVEGFFDR.light,278450.5,0.937534027099609,,2
500.731477,437.214309,17.44,sp|P00366|DHE3_BOVIN.MVEGFFDR.+2y3.light,100,27,,,sp|P00366|DHE3_BOVIN.MVEGFFDR.light,182322.9,0.937534027099609,,2
500.731477,290.145895,17.44,sp|P00366|DHE3_BOVIN.MVEGFFDR.+2y2.light,100,27,,,sp|P00366|DHE3_BOVIN.MVEGFFDR.light,133915.5,0.937534027099609,,2
500.731477,584.282723,17.44,sp|P00366|DHE3_BOVIN.MVEGFFDR.+2y4.light,100,24,,,sp|P00366|DHE3_BOVIN.MVEGFFDR.light,110164,0.937534027099609,,2
563.256568,848.399603,9.87,sp|P00366|DHE3_BOVIN.NYTDNELEK.+2y7.light,100,30.2,,,sp|P00366|DHE3_BOVIN.NYTDNELEK.light,197545.7,0.942332916259766,,1
563.256568,747.351925,9.87,sp|P00366|DHE3_BOVIN.NYTDNELEK.+2y6.light,100,30.2,,,sp|P00366|DHE3_BOVIN.NYTDNELEK.light,70839.67,0.942332916259766,,1
563.256568,276.155397,9.87,sp|P00366|DHE3_BOVIN.NYTDNELEK.+2y2.light,100,39.2,,,sp|P00366|DHE3_BOVIN.NYTDNELEK.light,24568.92,0.942332916259766,,2
563.256568,632.324982,9.87,sp|P00366|DHE3_BOVIN.NYTDNELEK.+2y5.light,100,36.2,,,sp|P00366|DHE3_BOVIN.NYTDNELEK.light,24306.23,0.942332916259766,,2
563.256568,389.239461,9.87,sp|P00366|DHE3_BOVIN.NYTDNELEK.+2y3.light,100,36.2,,,sp|P00366|DHE3_BOVIN.NYTDNELEK.light,21552.17,0.942332916259766,,2
563.256568,1011.462932,9.87,sp|P00366|DHE3_BOVIN.NYTDNELEK.+2y8.light,100,30.2,,,sp|P00366|DHE3_BOVIN.NYTDNELEK.light,3252.187,0.942332916259766,,2
579.968804,963.453036,16.91,sp|P00366|DHE3_BOVIN.HGGTIPIVPTAEFQDR.+3y8.light,100,29,,,sp|P00366|DHE3_BOVIN.HGGTIPIVPTAEFQDR.light,333588,,,1
579.968804,765.352593,16.91,sp|P00366|DHE3_BOVIN.HGGTIPIVPTAEFQDR.+3y6.light,100,35,,,sp|P00366|DHE3_BOVIN.HGGTIPIVPTAEFQDR.light,147005.4,,,1
579.968804,866.400272,16.91,sp|P00366|DHE3_BOVIN.HGGTIPIVPTAEFQDR.+3y7.light,100,29,,,sp|P00366|DHE3_BOVIN.HGGTIPIVPTAEFQDR.light,106373.9,,,2
579.968804,175.118952,16.91,sp|P00366|DHE3_BOVIN.HGGTIPIVPTAEFQDR.+3y1.light,100,41,,,sp|P00366|DHE3_BOVIN.HGGTIPIVPTAEFQDR.light,65946.81,,,2
579.968804,565.272886,16.91,sp|P00366|DHE3_BOVIN.HGGTIPIVPTAEFQDR.+3y4.light,100,38,,,sp|P00366|DHE3_BOVIN.HGGTIPIVPTAEFQDR.light,64164.02,,,2
579.968804,694.315479,16.91,sp|P00366|DHE3_BOVIN.HGGTIPIVPTAEFQDR.+3y5.light,100,32,,,sp|P00366|DHE3_BOVIN.HGGTIPIVPTAEFQDR.light,62543.91,,,2
471.575795,656.347448,15.55,sp|P00692|AMY_BACAM.SELQDAIGSLHSR.+3y6.light,100,26.6,,,sp|P00692|AMY_BACAM.SELQDAIGSLHSR.light,533297.3,1.14360206604004,,1
471.575795,769.431512,15.55,sp|P00692|AMY_BACAM.SELQDAIGSLHSR.+3y7.light,100,26.6,,,sp|P00692|AMY_BACAM.SELQDAIGSLHSR.light,205715.7,1.14360206604004,,1
471.575795,399.209892,15.55,sp|P00692|AMY_BACAM.SELQDAIGSLHSR.+3y3.light,100,29.6,,,sp|P00692|AMY_BACAM.SELQDAIGSLHSR.light,140983.9,1.14360206604004,,2
471.575795,262.15098,15.55,sp|P00692|AMY_BACAM.SELQDAIGSLHSR.+3y2.light,100,35.6,,,sp|P00692|AMY_BACAM.SELQDAIGSLHSR.light,92996.06,1.14360206604004,,2
471.575795,840.468626,15.55,sp|P00692|AMY_BACAM.SELQDAIGSLHSR.+3y8.light,100,29.6,,,sp|P00692|AMY_BACAM.SELQDAIGSLHSR.light,77113.11,1.14360206604004,,2
471.575795,955.495569,15.55,sp|P00692|AMY_BACAM.SELQDAIGSLHSR.+3y9.light,100,23.6,,,sp|P00692|AMY_BACAM.SELQDAIGSLHSR.light,49162.41,1.14360206604004,,2
480.279649,733.383893,13.29,sp|P00692|AMY_BACAM.LLDGTVVSR.+2y7.light,100,26,,,sp|P00692|AMY_BACAM.LLDGTVVSR.light,2012127,0.954967193603516,,1
480.279649,618.35695,13.29,sp|P00692|AMY_BACAM.LLDGTVVSR.+2y6.light,100,35,,,sp|P00692|AMY_BACAM.LLDGTVVSR.light,630602.4,0.954967193603516,,1
480.279649,846.467957,13.29,sp|P00692|AMY_BACAM.LLDGTVVSR.+2y8.light,100,26,,,sp|P00692|AMY_BACAM.LLDGTVVSR.light,234090.5,0.954967193603516,,2
480.279649,361.219394,13.29,sp|P00692|AMY_BACAM.LLDGTVVSR.+2y3.light,100,26,,,sp|P00692|AMY_BACAM.LLDGTVVSR.light,155474,0.954967193603516,,2
480.279649,460.287808,13.29,sp|P00692|AMY_BACAM.LLDGTVVSR.+2y4.light,100,23,,,sp|P00692|AMY_BACAM.LLDGTVVSR.light,151716.5,0.954967193603516,,2
480.279649,262.15098,13.29,sp|P00692|AMY_BACAM.LLDGTVVSR.+2y2.light,100,38,,,sp|P00692|AMY_BACAM.LLDGTVVSR.light,103762.4,0.954967193603516,,2
748.841861,838.405357,17.22,sp|P00692|AMY_BACAM.NAGETWYDITGNR.+2y7.light,100,42.4,,,sp|P00692|AMY_BACAM.NAGETWYDITGNR.light,55682.83,0.988864593505859,,1
748.841861,675.342029,17.22,sp|P00692|AMY_BACAM.NAGETWYDITGNR.+2y6.light,100,39.4,,,sp|P00692|AMY_BACAM.NAGETWYDITGNR.light,42292.48,0.988864593505859,,1
748.841861,447.231021,17.22,sp|P00692|AMY_BACAM.NAGETWYDITGNR.+2y4.light,100,33.4,,,sp|P00692|AMY_BACAM.NAGETWYDITGNR.light,22354.2,0.988864593505859,,2
748.841861,560.315085,17.22,sp|P00692|AMY_BACAM.NAGETWYDITGNR.+2y5.light,100,51.4,,,sp|P00692|AMY_BACAM.NAGETWYDITGNR.light,20359.34,0.988864593505859,,2
748.841861,1024.48467,17.22,sp|P00692|AMY_BACAM.NAGETWYDITGNR.+2y8.light,100,39.4,,,sp|P00692|AMY_BACAM.NAGETWYDITGNR.light,16434.59,0.988864593505859,,2
748.841861,1125.532349,17.22,sp|P00692|AMY_BACAM.NAGETWYDITGNR.+2y9.light,100,36.4,,,sp|P00692|AMY_BACAM.NAGETWYDITGNR.light,11416.62,0.988864593505859,,2
480.261456,630.35695,15.1,sp|P00433|PER1A_ARMRU.DTIVNELR.+2y5.light,100,26,,,sp|P00433|PER1A_ARMRU.DTIVNELR.light,4315268,0.961000137329102,,1
480.261456,531.288536,15.1,sp|P00433|PER1A_ARMRU.DTIVNELR.+2y4.light,100,23,,,sp|P00433|PER1A_ARMRU.DTIVNELR.light,2149834,0.961000137329102,,1
480.261456,743.441014,15.1,sp|P00433|PER1A_ARMRU.DTIVNELR.+2y6.light,100,23,,,sp|P00433|PER1A_ARMRU.DTIVNELR.light,1804023,0.961000137329102,,2
480.261456,288.203016,15.1,sp|P00433|PER1A_ARMRU.DTIVNELR.+2y2.light,100,35,,,sp|P00433|PER1A_ARMRU.DTIVNELR.light,1017491,0.961000137329102,,2
480.261456,175.118952,15.1,sp|P00433|PER1A_ARMRU.DTIVNELR.+2y1.light,100,38,,,sp|P00433|PER1A_ARMRU.DTIVNELR.light,615503.7,0.961000137329102,,2
480.261456,417.245609,15.1,sp|P00433|PER1A_ARMRU.DTIVNELR.+2y3.light,100,26,,,sp|P00433|PER1A_ARMRU.DTIVNELR.light,262930.2,0.961000137329102,,2
468.245275,261.155731,13.73,sp|P00433|PER1A_ARMRU.TPTIFDNK.+2y2.light,100,25.4,,,sp|P00433|PER1A_ARMRU.TPTIFDNK.light,2156477,1.0236336517334,,1
468.245275,737.382831,13.73,sp|P00433|PER1A_ARMRU.TPTIFDNK.+2y6.light,100,25.4,,,sp|P00433|PER1A_ARMRU.TPTIFDNK.light,1208356,1.0236336517334,,1
468.245275,523.251088,13.73,sp|P00433|PER1A_ARMRU.TPTIFDNK.+2y4.light,100,25.4,,,sp|P00433|PER1A_ARMRU.TPTIFDNK.light,931010,1.0236336517334,,2
468.245275,636.335152,13.73,sp|P00433|PER1A_ARMRU.TPTIFDNK.+2y5.light,100,28.4,,,sp|P00433|PER1A_ARMRU.TPTIFDNK.light,643127.9,1.0236336517334,,2
468.245275,376.182674,13.73,sp|P00433|PER1A_ARMRU.TPTIFDNK.+2y3.light,100,34.4,,,sp|P00433|PER1A_ARMRU.TPTIFDNK.light,449452.8,1.0236336517334,,2
468.245275,834.435595,13.73,sp|P00433|PER1A_ARMRU.TPTIFDNK.+2y7.light,100,25.4,,,sp|P00433|PER1A_ARMRU.TPTIFDNK.light,171465.9,1.0236336517334,,2
593.292953,859.451973,13.76,sp|P00433|PER1A_ARMRU.YYVNLEEQK.+2y7.light,100,28.7,,,sp|P00433|PER1A_ARMRU.YYVNLEEQK.light,1051141,0.978633575439453,,1
593.292953,760.383559,13.76,sp|P00433|PER1A_ARMRU.YYVNLEEQK.+2y6.light,100,28.7,,,sp|P00433|PER1A_ARMRU.YYVNLEEQK.light,768203,0.978633575439453,,1
593.292953,533.256568,13.76,sp|P00433|PER1A_ARMRU.YYVNLEEQK.+2y4.light,100,28.7,,,sp|P00433|PER1A_ARMRU.YYVNLEEQK.light,238964.6,0.978633575439453,,2
593.292953,646.340632,13.76,sp|P00433|PER1A_ARMRU.YYVNLEEQK.+2y5.light,100,34.7,,,sp|P00433|PER1A_ARMRU.YYVNLEEQK.light,224230.5,0.978633575439453,,2
593.292953,404.213974,13.76,sp|P00433|PER1A_ARMRU.YYVNLEEQK.+2y3.light,100,34.7,,,sp|P00433|PER1A_ARMRU.YYVNLEEQK.light,164891.6,0.978633575439453,,2
593.292953,1022.515302,13.76,sp|P00433|PER1A_ARMRU.YYVNLEEQK.+2y8.light,100,28.7,,,sp|P00433|PER1A_ARMRU.YYVNLEEQK.light,101572.8,0.978633575439453,,2
489.274366,793.420279,16.67,sp|P46406|G3P_RABIT.AITIFQER.+2y6.light,100,23.5,,,sp|P46406|G3P_RABIT.AITIFQER.light,629305.2,1.0004345703125,,1
489.274366,579.288536,16.67,sp|P46406|G3P_RABIT.AITIFQER.+2y4.light,100,26.5,,,sp|P46406|G3P_RABIT.AITIFQER.light,422717.3,1.0004345703125,,1
489.274366,692.3726,16.67,sp|P46406|G3P_RABIT.AITIFQER.+2y5.light,100,23.5,,,sp|P46406|G3P_RABIT.AITIFQER.light,171314.1,1.0004345703125,,2
489.274366,175.118952,16.67,sp|P46406|G3P_RABIT.AITIFQER.+2y1.light,100,38.5,,,sp|P46406|G3P_RABIT.AITIFQER.light,90008.23,1.0004345703125,,2
489.274366,432.220122,16.67,sp|P46406|G3P_RABIT.AITIFQER.+2y3.light,100,20.5,,,sp|P46406|G3P_RABIT.AITIFQER.light,75878.49,1.0004345703125,,2
489.274366,304.161545,16.67,sp|P46406|G3P_RABIT.AITIFQER.+2y2.light,100,35.5,,,sp|P46406|G3P_RABIT.AITIFQER.light,39437.61,1.0004345703125,,2
882.404826,743.347114,20.23,sp|P46406|G3P_RABIT.LISWYDNEFGYSNR.+2y6.light,100,52.1,,,sp|P46406|G3P_RABIT.LISWYDNEFGYSNR.light,27261.18,0.979030303955078,,1
882.404826,596.2787,20.23,sp|P46406|G3P_RABIT.LISWYDNEFGYSNR.+2y5.light,100,46.1,,,sp|P46406|G3P_RABIT.LISWYDNEFGYSNR.light,20838.41,0.979030303955078,,1
882.404826,376.193908,20.23,sp|P46406|G3P_RABIT.LISWYDNEFGYSNR.+2y3.light,100,40.1,,,sp|P46406|G3P_RABIT.LISWYDNEFGYSNR.light,13351.03,0.979030303955078,,2
882.404826,1101.459578,20.23,sp|P46406|G3P_RABIT.LISWYDNEFGYSNR.+2y9.light,100,43.1,,,sp|P46406|G3P_RABIT.LISWYDNEFGYSNR.light,12289.4,0.979030303955078,,2
882.404826,986.432635,20.23,sp|P46406|G3P_RABIT.LISWYDNEFGYSNR.+2y8.light,100,58.1,,,sp|P46406|G3P_RABIT.LISWYDNEFGYSNR.light,11081.01,0.979030303955078,,2
882.404826,872.389707,20.23,sp|P46406|G3P_RABIT.LISWYDNEFGYSNR.+2y7.light,100,49.1,,,sp|P46406|G3P_RABIT.LISWYDNEFGYSNR.light,5890.316,0.979030303955078,,2
509.751255,546.26305,13.71,sp|P00921|CAH2_BOVIN.DFPIANGER.+2y5.light,100,30.5,,,sp|P00921|CAH2_BOVIN.DFPIANGER.light,1149552,1.05583351135254,,1
509.751255,756.399878,13.71,sp|P00921|CAH2_BOVIN.DFPIANGER.+2y7.light,100,27.5,,,sp|P00921|CAH2_BOVIN.DFPIANGER.light,1148958,1.05583351135254,,1
509.751255,659.347114,13.71,sp|P00921|CAH2_BOVIN.DFPIANGER.+2y6.light,100,33.5,,,sp|P00921|CAH2_BOVIN.DFPIANGER.light,594046.2,1.05583351135254,,2
509.751255,175.118952,13.71,sp|P00921|CAH2_BOVIN.DFPIANGER.+2y1.light,100,39.5,,,sp|P00921|CAH2_BOVIN.DFPIANGER.light,353315.8,1.05583351135254,,2
509.751255,475.225936,13.71,sp|P00921|CAH2_BOVIN.DFPIANGER.+2y4.light,100,33.5,,,sp|P00921|CAH2_BOVIN.DFPIANGER.light,197812.5,1.05583351135254,,2
509.751255,361.183009,13.71,sp|P00921|CAH2_BOVIN.DFPIANGER.+2y3.light,100,39.5,,,sp|P00921|CAH2_BOVIN.DFPIANGER.light,141708.8,1.05583351135254,,2
490.245806,597.299101,12.02,sp|P00921|CAH2_BOVIN.DGPLTGTYR.+2y5.light,100,32.5,,,sp|P00921|CAH2_BOVIN.DGPLTGTYR.light,583782.6,0.923398666381836,,1
490.245806,496.251423,12.02,sp|P00921|CAH2_BOVIN.DGPLTGTYR.+2y4.light,100,23.5,,,sp|P00921|CAH2_BOVIN.DGPLTGTYR.light,348321.6,0.923398666381836,,1
490.245806,710.383165,12.02,sp|P00921|CAH2_BOVIN.DGPLTGTYR.+2y6.light,100,29.5,,,sp|P00921|CAH2_BOVIN.DGPLTGTYR.light,191510.3,0.923398666381836,,2
490.245806,807.435929,12.02,sp|P00921|CAH2_BOVIN.DGPLTGTYR.+2y7.light,100,32.5,,,sp|P00921|CAH2_BOVIN.DGPLTGTYR.light,44324.45,0.923398666381836,,2
490.245806,439.229959,12.02,sp|P00921|CAH2_BOVIN.DGPLTGTYR.+2y3.light,100,26.5,,,sp|P00921|CAH2_BOVIN.DGPLTGTYR.light,38071,0.923398666381836,,2
490.245806,338.18228,12.02,sp|P00921|CAH2_BOVIN.DGPLTGTYR.+2y2.light,100,38.5,,,sp|P00921|CAH2_BOVIN.DGPLTGTYR.light,34232.01,0.923398666381836,,2
487.281857,761.40396,16.81,sp|P00921|CAH2_BOVIN.VLDALDSIK.+2y7.light,100,23.4,,,sp|P00921|CAH2_BOVIN.VLDALDSIK.light,7484490,1.05129974365234,,1
487.281857,646.377017,16.81,sp|P00921|CAH2_BOVIN.VLDALDSIK.+2y6.light,100,29.4,,,sp|P00921|CAH2_BOVIN.VLDALDSIK.light,1226447,1.05129974365234,,1
487.281857,874.488024,16.81,sp|P00921|CAH2_BOVIN.VLDALDSIK.+2y8.light,100,26.4,,,sp|P00921|CAH2_BOVIN.VLDALDSIK.light,1106237,1.05129974365234,,2
487.281857,347.228896,16.81,sp|P00921|CAH2_BOVIN.VLDALDSIK.+2y3.light,100,32.4,,,sp|P00921|CAH2_BOVIN.VLDALDSIK.light,854070.9,1.05129974365234,,2
487.281857,462.255839,16.81,sp|P00921|CAH2_BOVIN.VLDALDSIK.+2y4.light,100,35.4,,,sp|P00921|CAH2_BOVIN.VLDALDSIK.light,608238.1,1.05129974365234,,2
487.281857,575.339903,16.81,sp|P00921|CAH2_BOVIN.VLDALDSIK.+2y5.light,100,26.4,,,sp|P00921|CAH2_BOVIN.VLDALDSIK.light,589505.3,1.05129974365234,,2
533.294964,853.430175,16.12,tr|B5B0D4|B5B0D4_BOVIN.VLVLDTDYK.+2y7.light,100,22.7,,,tr|B5B0D4|B5B0D4_BOVIN.VLVLDTDYK.light,1616746,1.02546852111816,,1
533.294964,754.361761,16.12,tr|B5B0D4|B5B0D4_BOVIN.VLVLDTDYK.+2y6.light,100,25.7,,,tr|B5B0D4|B5B0D4_BOVIN.VLVLDTDYK.light,1206920,1.02546852111816,,1
533.294964,310.176132,16.12,tr|B5B0D4|B5B0D4_BOVIN.VLVLDTDYK.+2y2.light,100,37.7,,,tr|B5B0D4|B5B0D4_BOVIN.VLVLDTDYK.light,876532.6,1.02546852111816,,2
533.294964,641.277697,16.12,tr|B5B0D4|B5B0D4_BOVIN.VLVLDTDYK.+2y5.light,100,28.7,,,tr|B5B0D4|B5B0D4_BOVIN.VLVLDTDYK.light,603839.7,1.02546852111816,,2
533.294964,526.250754,16.12,tr|B5B0D4|B5B0D4_BOVIN.VLVLDTDYK.+2y4.light,100,34.7,,,tr|B5B0D4|B5B0D4_BOVIN.VLVLDTDYK.light,319447.3,1.02546852111816,,2
533.294964,966.514239,16.12,tr|B5B0D4|B5B0D4_BOVIN.VLVLDTDYK.+2y8.light,100,25.7,,,tr|B5B0D4|B5B0D4_BOVIN.VLVLDTDYK.light,123880.6,1.02546852111816,,2
623.29589,918.441468,12.52,tr|B5B0D4|B5B0D4_BOVIN.TPEVDDEALEK.+2y8.light,100,39.2,,,tr|B5B0D4|B5B0D4_BOVIN.TPEVDDEALEK.light,76601.11,,,1
623.29589,704.346111,12.52,tr|B5B0D4|B5B0D4_BOVIN.TPEVDDEALEK.+2y6.light,100,30.2,,,tr|B5B0D4|B5B0D4_BOVIN.TPEVDDEALEK.light,47158.73,,,1
623.29589,819.373054,12.52,tr|B5B0D4|B5B0D4_BOVIN.TPEVDDEALEK.+2y7.light,100,33.2,,,tr|B5B0D4|B5B0D4_BOVIN.TPEVDDEALEK.light,23110.64,,,2
623.29589,276.155397,12.52,tr|B5B0D4|B5B0D4_BOVIN.TPEVDDEALEK.+2y2.light,100,45.2,,,tr|B5B0D4|B5B0D4_BOVIN.TPEVDDEALEK.light,12714.44,,,2
623.29589,1144.536825,12.52,tr|B5B0D4|B5B0D4_BOVIN.TPEVDDEALEK.+2y10.light,100,36.2,,,tr|B5B0D4|B5B0D4_BOVIN.TPEVDDEALEK.light,6401.986,,,2
623.29589,1047.484061,12.52,tr|B5B0D4|B5B0D4_BOVIN.TPEVDDEALEK.+2y9.light,100,36.2,,,tr|B5B0D4|B5B0D4_BOVIN.TPEVDDEALEK.light,1530.422,,,2
858.406511,815.335229,19.61,tr|B5B0D4|B5B0D4_BOVIN.LSFNPTQLEEQC[CAM]HI.+2y6.light,100,41.9,,,tr|B5B0D4|B5B0D4_BOVIN.LSFNPTQLEEQC[CAM]HI.light,37089.17,1.02436416625977,,1
858.406511,928.419293,19.61,tr|B5B0D4|B5B0D4_BOVIN.LSFNPTQLEEQC[CAM]HI.+2y7.light,100,44.9,,,tr|B5B0D4|B5B0D4_BOVIN.LSFNPTQLEEQC[CAM]HI.light,34870.57,1.02436416625977,,1
858.406511,686.292636,19.61,tr|B5B0D4|B5B0D4_BOVIN.LSFNPTQLEEQC[CAM]HI.+2y5.light,100,47.9,,,tr|B5B0D4|B5B0D4_BOVIN.LSFNPTQLEEQC[CAM]HI.light,21408.54,1.02436416625977,,2
858.406511,269.160817,19.61,tr|B5B0D4|B5B0D4_BOVIN.LSFNPTQLEEQC[CAM]HI.+2y2.light,100,56.9,,,tr|B5B0D4|B5B0D4_BOVIN.LSFNPTQLEEQC[CAM]HI.light,21285.56,1.02436416625977,,2
858.406511,1056.47787,19.61,tr|B5B0D4|B5B0D4_BOVIN.LSFNPTQLEEQC[CAM]HI.+2y8.light,100,41.9,,,tr|B5B0D4|B5B0D4_BOVIN.LSFNPTQLEEQC[CAM]HI.light,6248.376,1.02436416625977,,2
858.406511,1157.525549,19.61,tr|B5B0D4|B5B0D4_BOVIN.LSFNPTQLEEQC[CAM]HI.+2y9.light,100,47.9,,,tr|B5B0D4|B5B0D4_BOVIN.LSFNPTQLEEQC[CAM]HI.light,4653.703,1.02436416625977,,2
446.565119,416.261593,11.83,tr|D4QBB3|D4QBB3_BOVIN.VHVDEVGGEALGR.+3y4.light,100,22.3,,,tr|D4QBB3|D4QBB3_BOVIN.VHVDEVGGEALGR.light,67994.2,0.980666809082031,,1
446.565119,232.140415,11.83,tr|D4QBB3|D4QBB3_BOVIN.VHVDEVGGEALGR.+3y2.light,100,25.3,,,tr|D4QBB3|D4QBB3_BOVIN.VHVDEVGGEALGR.light,46642.52,0.980666809082031,,1
446.565119,345.22448,11.83,tr|D4QBB3|D4QBB3_BOVIN.VHVDEVGGEALGR.+3y3.light,100,16.3,,,tr|D4QBB3|D4QBB3_BOVIN.VHVDEVGGEALGR.light,36036.44,0.980666809082031,,2
446.565119,659.347114,11.83,tr|D4QBB3|D4QBB3_BOVIN.VHVDEVGGEALGR.+3y7.light,100,22.3,,,tr|D4QBB3|D4QBB3_BOVIN.VHVDEVGGEALGR.light,32117.67,0.980666809082031,,2
446.565119,602.32565,11.83,tr|D4QBB3|D4QBB3_BOVIN.VHVDEVGGEALGR.+3y6.light,100,22.3,,,tr|D4QBB3|D4QBB3_BOVIN.VHVDEVGGEALGR.light,10404.46,0.980666809082031,,2
446.565119,545.304186,11.83,tr|D4QBB3|D4QBB3_BOVIN.VHVDEVGGEALGR.+3y5.light,100,19.3,,,tr|D4QBB3|D4QBB3_BOVIN.VHVDEVGGEALGR.light,9406.504,0.980666809082031,,2
549.782556,634.319502,12.71,tr|D4QBB3|D4QBB3_BOVIN.LHVDPENFK.+2y5.light,100,32.5,,,tr|D4QBB3|D4QBB3_BOVIN.LHVDPENFK.light,84854.47,0.920066528320313,,1
549.782556,848.414859,12.71,tr|D4QBB3|D4QBB3_BOVIN.LHVDPENFK.+2y7.light,100,26.5,,,tr|D4QBB3|D4QBB3_BOVIN.LHVDPENFK.light,45344.21,0.920066528320313,,1
549.782556,749.346445,12.71,tr|D4QBB3|D4QBB3_BOVIN.LHVDPENFK.+2y6.light,100,29.5,,,tr|D4QBB3|D4QBB3_BOVIN.LHVDPENFK.light,10945.46,0.920066528320313,,2
549.782556,294.181218,12.71,tr|D4QBB3|D4QBB3_BOVIN.LHVDPENFK.+2y2.light,100,38.5,,,tr|D4QBB3|D4QBB3_BOVIN.LHVDPENFK.light,6100.076,0.920066528320313,,2
549.782556,408.224145,12.71,tr|D4QBB3|D4QBB3_BOVIN.LHVDPENFK.+2y3.light,100,38.5,,,tr|D4QBB3|D4QBB3_BOVIN.LHVDPENFK.light,6016.89,0.920066528320313,,2
549.782556,147.112804,12.71,tr|D4QBB3|D4QBB3_BOVIN.LHVDPENFK.+2y1.light,100,32.5,,,tr|D4QBB3|D4QBB3_BOVIN.LHVDPENFK.light,5772.788,0.920066528320313,,2
765.370786,745.383893,11.85,sp|P01966|HBA_BOVIN.VGGHAAEYGAEALER.+2y7.light,100,49.3,,,sp|P01966|HBA_BOVIN.VGGHAAEYGAEALER.light,11862.48,,,1
765.370786,908.447222,11.85,sp|P01966|HBA_BOVIN.VGGHAAEYGAEALER.+2y8.light,100,46.3,,,sp|P01966|HBA_BOVIN.VGGHAAEYGAEALER.light,11094.93,,,1
765.370786,1108.526929,11.85,sp|P01966|HBA_BOVIN.VGGHAAEYGAEALER.+2y10.light,100,49.3,,,sp|P01966|HBA_BOVIN.VGGHAAEYGAEALER.light,2969.851,,,2
765.370786,1179.564043,11.85,sp|P01966|HBA_BOVIN.VGGHAAEYGAEALER.+2y11.light,100,40.3,,,sp|P01966|HBA_BOVIN.VGGHAAEYGAEALER.light,1663.002,,,2
765.370786,1037.489815,11.85,sp|P01966|HBA_BOVIN.VGGHAAEYGAEALER.+2y9.light,100,49.3,,,sp|P01966|HBA_BOVIN.VGGHAAEYGAEALER.light,1339.03,,,2
765.370786,488.282723,11.85,sp|P01966|HBA_BOVIN.VGGHAAEYGAEALER.+2y4.light,100,49.3,,,sp|P01966|HBA_BOVIN.VGGHAAEYGAEALER.light,858.0031,,,2
536.280803,793.445431,19.98,sp|P01966|HBA_BOVIN.MFLSFPTTK.+2y7.light,100,25.8,,,sp|P01966|HBA_BOVIN.MFLSFPTTK.light,83479.55,1.06036727905273,,1
536.280803,446.260925,19.98,sp|P01966|HBA_BOVIN.MFLSFPTTK.+2y4.light,100,34.8,,,sp|P01966|HBA_BOVIN.MFLSFPTTK.light,66511.2,1.06036727905273,,1
536.280803,680.361367,19.98,sp|P01966|HBA_BOVIN.MFLSFPTTK.+2y6.light,100,25.8,,,sp|P01966|HBA_BOVIN.MFLSFPTTK.light,28216.62,1.06036727905273,,2
536.280803,593.329339,19.98,sp|P01966|HBA_BOVIN.MFLSFPTTK.+2y5.light,100,22.8,,,sp|P01966|HBA_BOVIN.MFLSFPTTK.light,9776.18,1.06036727905273,,2
536.280803,248.160482,19.98,sp|P01966|HBA_BOVIN.MFLSFPTTK.+2y2.light,100,37.8,,,sp|P01966|HBA_BOVIN.MFLSFPTTK.light,8615.367,1.06036727905273,,2
536.280803,940.513845,19.98,sp|P01966|HBA_BOVIN.MFLSFPTTK.+2y8.light,100,25.8,,,sp|P01966|HBA_BOVIN.MFLSFPTTK.light,5951.822,1.06036727905273,,2
437.711933,737.357679,7.65,tr|B8YK79|B8YK79_CHICK.HGLDNYR.+2y6.light,100,26.9,,,tr|B8YK79|B8YK79_CHICK.HGLDNYR.light,135248.9,0.932633094787598,,1
437.711933,452.225208,7.65,tr|B8YK79|B8YK79_CHICK.HGLDNYR.+2y3.light,100,32.9,,,tr|B8YK79|B8YK79_CHICK.HGLDNYR.light,31750.11,0.932633094787598,,1
437.711933,680.336215,7.65,tr|B8YK79|B8YK79_CHICK.HGLDNYR.+2y5.light,100,26.9,,,tr|B8YK79|B8YK79_CHICK.HGLDNYR.light,31555.29,0.932633094787598,,2
437.711933,175.118952,7.65,tr|B8YK79|B8YK79_CHICK.HGLDNYR.+2y1.light,100,35.9,,,tr|B8YK79|B8YK79_CHICK.HGLDNYR.light,17816.96,0.932633094787598,,2
437.711933,567.252151,7.65,tr|B8YK79|B8YK79_CHICK.HGLDNYR.+2y4.light,100,29.9,,,tr|B8YK79|B8YK79_CHICK.HGLDNYR.light,10333.17,0.932633094787598,,2
437.711933,338.18228,7.65,tr|B8YK79|B8YK79_CHICK.HGLDNYR.+2y2.light,100,29.9,,,tr|B8YK79|B8YK79_CHICK.HGLDNYR.light,4527.209,0.932633094787598,,2
714.828754,804.395855,11.55,tr|B8YK79|B8YK79_CHICK.FESNFNTQATNR.+2y7.light,100,34.7,,,tr|B8YK79|B8YK79_CHICK.FESNFNTQATNR.light,348382.2,0.942233734130859,,1
714.828754,690.352928,11.55,tr|B8YK79|B8YK79_CHICK.FESNFNTQATNR.+2y6.light,100,43.7,,,tr|B8YK79|B8YK79_CHICK.FESNFNTQATNR.light,207346.9,0.942233734130859,,1
714.828754,461.246672,11.55,tr|B8YK79|B8YK79_CHICK.FESNFNTQATNR.+2y4.light,100,37.7,,,tr|B8YK79|B8YK79_CHICK.FESNFNTQATNR.light,198685.8,0.942233734130859,,2
714.828754,390.209558,11.55,tr|B8YK79|B8YK79_CHICK.FESNFNTQATNR.+2y3.light,100,37.7,,,tr|B8YK79|B8YK79_CHICK.FESNFNTQATNR.light,124489,0.942233734130859,,2
714.828754,951.464269,11.55,tr|B8YK79|B8YK79_CHICK.FESNFNTQATNR.+2y8.light,100,34.7,,,tr|B8YK79|B8YK79_CHICK.FESNFNTQATNR.light,104169.8,0.942233734130859,,2
714.828754,1152.539225,11.55,tr|B8YK79|B8YK79_CHICK.FESNFNTQATNR.+2y10.light,100,40.7,,,tr|B8YK79|B8YK79_CHICK.FESNFNTQATNR.light,77400.62,0.942233734130859,,2
523.274898,673.37802,16.48,tr|B8YK79|B8YK79_CHICK.GTDVQAWIR.+2y5.light,100,25.2,,,tr|B8YK79|B8YK79_CHICK.GTDVQAWIR.light,43060.75,0.993068389892578,,1
523.274898,545.319443,16.48,tr|B8YK79|B8YK79_CHICK.GTDVQAWIR.+2y4.light,100,34.2,,,tr|B8YK79|B8YK79_CHICK.GTDVQAWIR.light,27585.98,0.993068389892578,,1
523.274898,887.473377,16.48,tr|B8YK79|B8YK79_CHICK.GTDVQAWIR.+2y7.light,100,22.2,,,tr|B8YK79|B8YK79_CHICK.GTDVQAWIR.light,7354.418,0.993068389892578,,2
523.274898,474.282329,16.48,tr|B8YK79|B8YK79_CHICK.GTDVQAWIR.+2y3.light,100,25.2,,,tr|B8YK79|B8YK79_CHICK.GTDVQAWIR.light,6860.013,0.993068389892578,,2
523.274898,772.446434,16.48,tr|B8YK79|B8YK79_CHICK.GTDVQAWIR.+2y6.light,100,22.2,,,tr|B8YK79|B8YK79_CHICK.GTDVQAWIR.light,6463.908,0.993068389892578,,2
523.274898,288.203016,16.48,tr|B8YK79|B8YK79_CHICK.GTDVQAWIR.+2y2.light,100,22.2,,,tr|B8YK79|B8YK79_CHICK.GTDVQAWIR.light,5932.013,0.993068389892578,,2
