734.406975,714.425699,7.36,gi|129823|.IHGFDLAAINLQR.+2y6.light,84.7,35.3,,,gi|129823|.IHGFDLAAINLQR.light,133.5095,,,1
734.406975,1013.573819,7.36,gi|129823|.IHGFDLAAINLQR.+2y9.light,84.7,35.3,,,gi|129823|.IHGFDLAAINLQR.light,89.48084,,,1
734.406975,898.546876,7.36,gi|129823|.IHGFDLAAINLQR.+2y8.light,84.7,35.3,,,gi|129823|.IHGFDLAAINLQR.light,76.70281,,,2
734.406975,530.304521,7.36,gi|129823|.IHGFDLAAINLQR.+2y4.light,84.7,35.3,,,gi|129823|.IHGFDLAAINLQR.light,67.54307,,,2
739.411109,724.433968,7.36,gi|129823|.IHGFDLAAINLQR.+2y6.heavy,84.7,35.3,,,gi|129823|.IHGFDLAAINLQR.heavy,,,,1
739.411109,1023.582088,7.36,gi|129823|.IHGFDLAAINLQR.+2y9.heavy,84.7,35.3,,,gi|129823|.IHGFDLAAINLQR.heavy,,,,1
739.411109,908.555145,7.36,gi|129823|.IHGFDLAAINLQR.+2y8.heavy,84.7,35.3,,,gi|129823|.IHGFDLAAINLQR.heavy,,,,2
739.411109,540.31279,7.36,gi|129823|.IHGFDLAAINLQR.+2y4.heavy,84.7,35.3,,,gi|129823|.IHGFDLAAINLQR.heavy,,,,2
610.310623,790.40938,5.83,gi|118533|.C[CAM]AVVDVPFGGAK.+2y8.light,75.6,30.8,,,gi|118533|.C[CAM]AVVDVPFGGAK.light,8558.484,,,1
610.310623,576.314023,5.83,gi|118533|.C[CAM]AVVDVPFGGAK.+2y6.light,75.6,30.8,,,gi|118533|.C[CAM]AVVDVPFGGAK.light,7672.348,,,1
610.310623,889.477794,5.83,gi|118533|.C[CAM]AVVDVPFGGAK.+2y9.light,75.6,30.8,,,gi|118533|.C[CAM]AVVDVPFGGAK.light,7186.097,,,2
610.310623,675.382437,5.83,gi|118533|.C[CAM]AVVDVPFGGAK.+2y7.light,75.6,30.8,,,gi|118533|.C[CAM]AVVDVPFGGAK.light,4321.775,,,2
614.317723,798.423579,5.83,gi|118533|.C[CAM]AVVDVPFGGAK.+2y8.heavy,75.6,30.8,,,gi|118533|.C[CAM]AVVDVPFGGAK.heavy,,,,1
614.317723,584.328222,5.83,gi|118533|.C[CAM]AVVDVPFGGAK.+2y6.heavy,75.6,30.8,,,gi|118533|.C[CAM]AVVDVPFGGAK.heavy,,,,1
614.317723,897.491993,5.83,gi|118533|.C[CAM]AVVDVPFGGAK.+2y9.heavy,75.6,30.8,,,gi|118533|.C[CAM]AVVDVPFGGAK.heavy,,,,2
614.317723,683.396636,5.83,gi|118533|.C[CAM]AVVDVPFGGAK.+2y7.heavy,75.6,30.8,,,gi|118533|.C[CAM]AVVDVPFGGAK.heavy,,,,2
482.266541,686.419551,6.08,gi|118533|.YNLGLDLR.+2y6.light,66.3,26.2,,,gi|118533|.YNLGLDLR.light,28582.29,,,1
482.266541,288.203016,6.08,gi|118533|.YNLGLDLR.+2y2.light,66.3,26.2,,,gi|118533|.YNLGLDLR.light,27229.35,,,1
482.266541,573.335487,6.08,gi|118533|.YNLGLDLR.+2y5.light,66.3,26.2,,,gi|118533|.YNLGLDLR.light,23331.31,,,2
482.266541,403.229959,6.08,gi|118533|.YNLGLDLR.+2y3.light,66.3,26.2,,,gi|118533|.YNLGLDLR.light,6483.844,,,2
487.270676,696.42782,6.08,gi|118533|.YNLGLDLR.+2y6.heavy,66.3,26.2,,,gi|118533|.YNLGLDLR.heavy,,,,1
487.270676,298.211285,6.08,gi|118533|.YNLGLDLR.+2y2.heavy,66.3,26.2,,,gi|118533|.YNLGLDLR.heavy,,,,1
487.270676,583.343756,6.08,gi|118533|.YNLGLDLR.+2y5.heavy,66.3,26.2,,,gi|118533|.YNLGLDLR.heavy,,,,2
487.270676,413.238228,6.08,gi|118533|.YNLGLDLR.+2y3.heavy,66.3,26.2,,,gi|118533|.YNLGLDLR.heavy,,,,2
461.74765,722.408317,0,gi|1351907|.AEFVEVTK.+2y6.light,64.8,25.5,,,gi|1351907|.AEFVEVTK.light,,,,1
461.74765,575.339903,0,gi|1351907|.AEFVEVTK.+2y5.light,64.8,25.5,,,gi|1351907|.AEFVEVTK.light,,,,1
461.74765,476.271489,0,gi|1351907|.AEFVEVTK.+2y4.light,64.8,25.5,,,gi|1351907|.AEFVEVTK.light,,,,2
461.74765,851.45091,0,gi|1351907|.AEFVEVTK.+2y7.light,64.8,25.5,,,gi|1351907|.AEFVEVTK.light,,,,2
465.75475,730.422516,0,gi|1351907|.AEFVEVTK.+2y6.heavy,64.8,25.5,,,gi|1351907|.AEFVEVTK.heavy,,,,1
465.75475,583.354102,0,gi|1351907|.AEFVEVTK.+2y5.heavy,64.8,25.5,,,gi|1351907|.AEFVEVTK.heavy,,,,1
465.75475,484.285688,0,gi|1351907|.AEFVEVTK.+2y4.heavy,64.8,25.5,,,gi|1351907|.AEFVEVTK.heavy,,,,2
465.75475,859.465109,0,gi|1351907|.AEFVEVTK.+2y7.heavy,64.8,25.5,,,gi|1351907|.AEFVEVTK.heavy,,,,2
