peptideModSeq	precursorCharge	FileName	RunQValue	DiscriminantScore	PosteriorErrorProb
AAGFKDPLLASGTDGVGTK	3	Ste-2024-12-02_HeLa_4mz_sDIA_400-900_21	0.0011877048790916434	0	0
AASVVQPQPLVVVK	2	Ste-2024-12-02_HeLa_4mz_sDIA_400-900_21	0.00024276263882988408	0	0
AATENIPVVR	2	Ste-2024-12-02_HeLa_4mz_sDIA_400-900_21	0.0006702067329999484	0	0
AAVENLPTFLVELSR	3	Ste-2024-12-02_HeLa_4mz_sDIA_400-900_22	9.691800736576855E-05	0	0
AEVLWLMGAK	2	Ste-2024-12-02_HeLa_4mz_sDIA_400-900_22	9.691800736576855E-05	0	0
AFPEHFTYEPNEADAAQGYR	3	Ste-2024-12-02_HeLa_4mz_sDIA_400-900_20	0.0016457422297456153	0	0
AGEGTYALDSESC[+57.0215]MEK	2	Ste-2024-12-02_HeLa_4mz_sDIA_400-900_22	9.691800736576855E-05	0	0
AGVNTVTTLVENKK	3	Ste-2024-12-02_HeLa_4mz_sDIA_400-900_22	9.691800736576855E-05	0	0
AIEINPDSAQPYK	2	Ste-2024-12-02_HeLa_4mz_sDIA_400-900_22	9.691800736576855E-05	0	0
AIPSFLNSFNR	2	Ste-2024-12-02_HeLa_4mz_sDIA_400-900_21	0.0001734454947532738	0	0
AKPAEAPAAAAPK	2	Ste-2024-12-02_HeLa_4mz_sDIA_400-900_22	9.691800736576855E-05	0	0
ALDDISESIK	2	Ste-2024-12-02_HeLa_4mz_sDIA_400-900_22	9.691800736576855E-05	0	0
ALLESMVDAAENLC[+57.0215]PNVMK	3	Ste-2024-12-02_HeLa_4mz_sDIA_400-900_22	0.0022856649991374847	0	0
ALWEDEGVR	2	Ste-2024-12-02_HeLa_4mz_sDIA_400-900_22	9.691800736576855E-05	0	0
AQAALAVNISAAR	2	Ste-2024-12-02_HeLa_4mz_sDIA_400-900_21	0.00024276263882988408	0	0
AQAEAQQPTFDALRDELR	3	Ste-2024-12-02_HeLa_4mz_sDIA_400-900_22	0.0002986501015410345	0	0
AQEAGLQQEQR	2	Ste-2024-12-02_HeLa_4mz_sDIA_400-900_22	0.0002595380223202699	0	0
AQQMHTGPVLDVC[+57.0215]WSDDGSK	3	Ste-2024-12-02_HeLa_4mz_sDIA_400-900_20	0.005413404992795108	0	0
AQTAHIVLEDGTK	2	Ste-2024-12-02_HeLa_4mz_sDIA_400-900_22	9.691800736576855E-05	0	0
AQVARPGGDTIFGK	3	Ste-2024-12-02_HeLa_4mz_sDIA_400-900_22	9.691800736576855E-05	0	0
ATAGAYIASQTVK	2	Ste-2024-12-02_HeLa_4mz_sDIA_400-900_22	9.691800736576855E-05	0	0
AVEVQGPSLESGDHGK	2	Ste-2024-12-02_HeLa_4mz_sDIA_400-900_22	9.691800736576855E-05	0	0
AVLQEEQANLWFSK	2	Ste-2024-12-02_HeLa_4mz_sDIA_400-900_21	0.0008515327589661391	0	0
AVSSAIAQLLGEVAQGNENYAGIAAR	3	Ste-2024-12-02_HeLa_4mz_sDIA_400-900_22	9.691800736576855E-05	0	0
C[+57.0215]C[+57.0215]LTYC[+57.0215]FNKPEDK	3	Ste-2024-12-02_HeLa_4mz_sDIA_400-900_22	9.691800736576855E-05	0	0
C[+57.0215]EAVVADVLDK	2	Ste-2024-12-02_HeLa_4mz_sDIA_400-900_20	0.001520190023752969	0	0
C[+57.0215]FNTLTNSFQPSLLGR	3	Ste-2024-12-02_HeLa_4mz_sDIA_400-900_20	0.0036365122170466616	0	0
DAGYGGISLAVEGPSK	2	Ste-2024-12-02_HeLa_4mz_sDIA_400-900_22	9.691800736576855E-05	0	0
DC[+57.0215]QIAHGAAQFLR	2	Ste-2024-12-02_HeLa_4mz_sDIA_400-900_22	0.00019842582181361202	0	0
DDVIVTASNFSSER	2	Ste-2024-12-02_HeLa_4mz_sDIA_400-900_21	0.00024276263882988408	0	0
DGDGTITTK	2	Ste-2024-12-02_HeLa_4mz_sDIA_400-900_22	9.691800736576855E-05	0	0
DGIDDESYEAIFKPVMSK	3	Ste-2024-12-02_HeLa_4mz_sDIA_400-900_22	9.691800736576855E-05	0	0
DHLVTAYNHLFETK	3	Ste-2024-12-02_HeLa_4mz_sDIA_400-900_22	9.691800736576855E-05	0	0
DHSPDLYSLELAGLDEIGK	3	Ste-2024-12-02_HeLa_4mz_sDIA_400-900_21	0.00035591410606240363	0	0
DILVATDVAGR	2	Ste-2024-12-02_HeLa_4mz_sDIA_400-900_22	0.00019842582181361202	0	0
DLEALMFDR	2	Ste-2024-12-02_HeLa_4mz_sDIA_400-900_22	9.691800736576855E-05	0	0
DLLFQALGR	2	Ste-2024-12-02_HeLa_4mz_sDIA_400-900_22	0.0001461240593263681	0	0
DMPLLSC[+57.0215]LESLR	2	Ste-2024-12-02_HeLa_4mz_sDIA_400-900_22	9.691800736576855E-05	0	0
DMSPLSETEMALGK	2	Ste-2024-12-02_HeLa_4mz_sDIA_400-900_22	9.691800736576855E-05	0	0
DNTSVYHISGK	2	Ste-2024-12-02_HeLa_4mz_sDIA_400-900_21	0.00024276263882988408	0	0
DPSASNGGGSPAR	2	Ste-2024-12-02_HeLa_4mz_sDIA_400-900_20	0.0006191950464396285	0	0
DPSQPQQWVSSQVLLC[+57.0215]K	3	Ste-2024-12-02_HeLa_4mz_sDIA_400-900_21	0.002677774471883368	0	0
DSDGDGRGDAC[+57.0215]K	2	Ste-2024-12-02_HeLa_4mz_sDIA_400-900_22	0.002171835635479107	0	0
DSLSVNEFK	2	Ste-2024-12-02_HeLa_4mz_sDIA_400-900_21	0.00024276263882988408	0	0
DTSFSGLSLEEYK	2	Ste-2024-12-02_HeLa_4mz_sDIA_400-900_21	0.002147239263803681	0	0
DTSVEDALER	2	Ste-2024-12-02_HeLa_4mz_sDIA_400-900_21	0.00024276263882988408	0	0
DVEGSTSPQIGDK	2	Ste-2024-12-02_HeLa_4mz_sDIA_400-900_22	9.691800736576855E-05	0	0
DVQNFPAATDEK	2	Ste-2024-12-02_HeLa_4mz_sDIA_400-900_22	0.00040158338592163385	0	0
EAC[+57.0215]PELDYFVVFSSVSC[+57.0215]GR	3	Ste-2024-12-02_HeLa_4mz_sDIA_400-900_22	0.0002986501015410345	0	0
EANFTVSSMHGDMPQK	3	Ste-2024-12-02_HeLa_4mz_sDIA_400-900_22	9.691800736576855E-05	0	0
EAQNDLEQVLR	2	Ste-2024-12-02_HeLa_4mz_sDIA_400-900_20	0.0018093249826026444	0	0
EATTDFTVDSR	2	Ste-2024-12-02_HeLa_4mz_sDIA_400-900_22	9.691800736576855E-05	0	0
EDEISLEDLIER	2	Ste-2024-12-02_HeLa_4mz_sDIA_400-900_20	0.0003099573808601317	0	0
EDFLNIC[+57.0215]IEPDTISK	2	Ste-2024-12-02_HeLa_4mz_sDIA_400-900_21	0.00021362956633198035	0	0
EEDQATLVEQVK	2	Ste-2024-12-02_HeLa_4mz_sDIA_400-900_21	0.0021825483434458073	0	0
EEFAVPENSSVQQFK	2	Ste-2024-12-02_HeLa_4mz_sDIA_400-900_22	9.691800736576855E-05	0	0
EEIPEEELAEDVEEIDHAER	3	Ste-2024-12-02_HeLa_4mz_sDIA_400-900_22	9.691800736576855E-05	0	0
EELVITPLPSGDVAATFQFR	3	Ste-2024-12-02_HeLa_4mz_sDIA_400-900_21	0.001356027307584401	0	0
ELAQQIQK	2	Ste-2024-12-02_HeLa_4mz_sDIA_400-900_22	9.691800736576855E-05	0	0
ELC[+57.0215]GPWPSHQLLTNQLQR	3	Ste-2024-12-02_HeLa_4mz_sDIA_400-900_20	0.0036365122170466616	0	0
ELEEAMAGER	2	Ste-2024-12-02_HeLa_4mz_sDIA_400-900_20	0.001087493821057835	0	0
ENAGVDPTLAIPMIQK	2	Ste-2024-12-02_HeLa_4mz_sDIA_400-900_21	0.000489849235290916	0	0
ENLELILTQSVENVGVR	3	Ste-2024-12-02_HeLa_4mz_sDIA_400-900_22	9.691800736576855E-05	0	0
ERDFTSLENTVEER	2	Ste-2024-12-02_HeLa_4mz_sDIA_400-900_22	0.00040158338592163385	0	0
ESEFDDEPK	2	Ste-2024-12-02_HeLa_4mz_sDIA_400-900_20	0.0004945904173106646	0	0
ESENLASGDQPR	2	Ste-2024-12-02_HeLa_4mz_sDIA_400-900_22	0.00019842582181361202	0	0
ESLEALLQR	2	Ste-2024-12-02_HeLa_4mz_sDIA_400-900_22	9.691800736576855E-05	0	0
ESNEEEQVWHFLGK	2	Ste-2024-12-02_HeLa_4mz_sDIA_400-900_22	9.691800736576855E-05	0	0
ESTTSEQSAR	2	Ste-2024-12-02_HeLa_4mz_sDIA_400-900_20	0.0003099573808601317	0	0
ESYSVYVYK	2	Ste-2024-12-02_HeLa_4mz_sDIA_400-900_22	9.691800736576855E-05	0	0
ETADAITK	2	Ste-2024-12-02_HeLa_4mz_sDIA_400-900_20	0.0003099573808601317	0	0
ETLPNVR	2	Ste-2024-12-02_HeLa_4mz_sDIA_400-900_22	0.0006692406692406693	0	0
ETSSLQELEAQK	2	Ste-2024-12-02_HeLa_4mz_sDIA_400-900_20	0.003392354790666887	0	0
EVC[+57.0215]PSAIDPEDGEK	2	Ste-2024-12-02_HeLa_4mz_sDIA_400-900_22	0.0035724434701416797	0	0
EVSDFIQDSGQIK	2	Ste-2024-12-02_HeLa_4mz_sDIA_400-900_20	0.0006958942240779402	0	0
EYNALVAQGVR	2	Ste-2024-12-02_HeLa_4mz_sDIA_400-900_21	0.0009908838684106222	0	0
EYQDLLNVK	2	Ste-2024-12-02_HeLa_4mz_sDIA_400-900_22	9.691800736576855E-05	0	0
FAELVYTGFWHSPEC[+57.0215]EFVR	3	Ste-2024-12-02_HeLa_4mz_sDIA_400-900_21	0.0011475017929715515	0	0
FFPASFPNR	2	Ste-2024-12-02_HeLa_4mz_sDIA_400-900_22	0.0008402945974000296	0	0
FGIQAQMVTTDFQK	2	Ste-2024-12-02_HeLa_4mz_sDIA_400-900_22	9.691800736576855E-05	0	0
FGNQADHFLGSLAFAK	3	Ste-2024-12-02_HeLa_4mz_sDIA_400-900_22	9.691800736576855E-05	0	0
FLAAGTHLGGTNLDFQMEQYIYK	3	Ste-2024-12-02_HeLa_4mz_sDIA_400-900_22	9.691800736576855E-05	0	0
FLIC[+57.0215]TDVAAR	2	Ste-2024-12-02_HeLa_4mz_sDIA_400-900_22	9.691800736576855E-05	0	0
FLLDTNK	2	Ste-2024-12-02_HeLa_4mz_sDIA_400-900_20	0.0010509458512661396	0	0
FSNTGEDWYVLVGVAK	2	Ste-2024-12-02_HeLa_4mz_sDIA_400-900_21	0.0001734454947532738	0	0
FTITPPTAQVVGVLK	3	Ste-2024-12-02_HeLa_4mz_sDIA_400-900_21	0.001356027307584401	0	0
FTLRDEGK	2	Ste-2024-12-02_HeLa_4mz_sDIA_400-900_22	0.0006679283090281643	0	0
GAGSIAGASASPK	2	Ste-2024-12-02_HeLa_4mz_sDIA_400-900_22	0.0013874115525135272	0	0
GDSHLNVQVSNFK	2	Ste-2024-12-02_HeLa_4mz_sDIA_400-900_21	0.0006702067329999484	0	0
GDTPGHATPGHGGATSSAR	3	Ste-2024-12-02_HeLa_4mz_sDIA_400-900_22	9.691800736576855E-05	0	0
GFVLYPVK	2	Ste-2024-12-02_HeLa_4mz_sDIA_400-900_21	0.0011475017929715515	0	0
GGAEVQIFAPDVPQMHVIDHTK	3	Ste-2024-12-02_HeLa_4mz_sDIA_400-900_22	0.00126820103334899	0	0
GGAVVDEGPTGVK	2	Ste-2024-12-02_HeLa_4mz_sDIA_400-900_22	9.691800736576855E-05	0	0
GGTLLSVTGEVEPR	2	Ste-2024-12-02_HeLa_4mz_sDIA_400-900_22	9.691800736576855E-05	0	0
GIVEFSGK	2	Ste-2024-12-02_HeLa_4mz_sDIA_400-900_22	9.691800736576855E-05	0	0
GIYFADMVSK	2	Ste-2024-12-02_HeLa_4mz_sDIA_400-900_22	9.691800736576855E-05	0	0
GLGTDEDAIISVLAYR	2	Ste-2024-12-02_HeLa_4mz_sDIA_400-900_22	9.691800736576855E-05	0	0
GLGTDEDSLIEIIC[+57.0215]SR	3	Ste-2024-12-02_HeLa_4mz_sDIA_400-900_22	9.691800736576855E-05	0	0
GNIIGYSQVDK	2	Ste-2024-12-02_HeLa_4mz_sDIA_400-900_22	0.00045607434011743915	0	0
GNNVLYISTQK	2	Ste-2024-12-02_HeLa_4mz_sDIA_400-900_22	0.0001461240593263681	0	0
GPPGPESQSR	2	Ste-2024-12-02_HeLa_4mz_sDIA_400-900_20	0.0027645788336933047	0	0
HASSGSFLPSANEHLK	3	Ste-2024-12-02_HeLa_4mz_sDIA_400-900_20	0.0006495615459564793	0	0
HGLVPFAFVR	2	Ste-2024-12-02_HeLa_4mz_sDIA_400-900_22	0.003826530612244898	0	0
HLAC[+57.0215]LPR	2	Ste-2024-12-02_HeLa_4mz_sDIA_400-900_20	0.003228917683566067	0	0
HLATSDMLAAASK	3	Ste-2024-12-02_HeLa_4mz_sDIA_400-900_21	0.002832142706175762	0	0
HLLVSNVGGDGEEIER	2	Ste-2024-12-02_HeLa_4mz_sDIA_400-900_22	9.691800736576855E-05	0	0
HMNSAGVLATLR	3	Ste-2024-12-02_HeLa_4mz_sDIA_400-900_22	0.00019842582181361202	0	0
HNEFDFISGTR	2	Ste-2024-12-02_HeLa_4mz_sDIA_400-900_22	0.0001461240593263681	0	0
HPSTNSLLR	2	Ste-2024-12-02_HeLa_4mz_sDIA_400-900_21	0.0056145208429472385	0	0
HSFFSTIDWNK	3	Ste-2024-12-02_HeLa_4mz_sDIA_400-900_21	0.0026469709260128933	0	0
HSQEELLQR	2	Ste-2024-12-02_HeLa_4mz_sDIA_400-900_22	0.00019842582181361202	0	0
HSVDGESLSSELQQLGLPK	3	Ste-2024-12-02_HeLa_4mz_sDIA_400-900_21	0.00044585632279997773	0	0
HVGMAVAGLLADAR	2	Ste-2024-12-02_HeLa_4mz_sDIA_400-900_22	9.691800736576855E-05	0	0
IADQLEELNK	2	Ste-2024-12-02_HeLa_4mz_sDIA_400-900_22	9.691800736576855E-05	0	0
IAMENDDGRTEEEK	2	Ste-2024-12-02_HeLa_4mz_sDIA_400-900_22	9.691800736576855E-05	0	0
IAQLEEQLDNETK	2	Ste-2024-12-02_HeLa_4mz_sDIA_400-900_22	9.691800736576855E-05	0	0
IAVSNLHK	2	Ste-2024-12-02_HeLa_4mz_sDIA_400-900_21	0.0019282511210762332	0	0
IDMNLTDLLGELQR	2	Ste-2024-12-02_HeLa_4mz_sDIA_400-900_22	9.691800736576855E-05	0	0
IDTEILPSLFMR	2	Ste-2024-12-02_HeLa_4mz_sDIA_400-900_21	0.004532262553174572	0	0
IEEQSQSEK	2	Ste-2024-12-02_HeLa_4mz_sDIA_400-900_21	0.0011475017929715515	0	0
IEGEGSVLQAK	2	Ste-2024-12-02_HeLa_4mz_sDIA_400-900_20	0.0005820044232336166	0	0
IGIPEFK	2	Ste-2024-12-02_HeLa_4mz_sDIA_400-900_22	0.0014280449603832688	0	0
IGLDFC[+57.0215]K	2	Ste-2024-12-02_HeLa_4mz_sDIA_400-900_21	0.0036619486504279133	0	0
IIDDSEITK	2	Ste-2024-12-02_HeLa_4mz_sDIA_400-900_22	9.691800736576855E-05	0	0
ILETTTFFQR	2	Ste-2024-12-02_HeLa_4mz_sDIA_400-900_21	0.0008515327589661391	0	0
ILQEYITQEGHK	2	Ste-2024-12-02_HeLa_4mz_sDIA_400-900_22	0.0001461240593263681	0	0
IPVPQQVAR	2	Ste-2024-12-02_HeLa_4mz_sDIA_400-900_22	0.0031433534618247995	0	0
ISALALLK	2	Ste-2024-12-02_HeLa_4mz_sDIA_400-900_20	0.0020232675771370764	0	0
ITC[+57.0215]LC[+57.0215]QVPQNAANR	2	Ste-2024-12-02_HeLa_4mz_sDIA_400-900_22	9.691800736576855E-05	0	0
IYIGDDNPLTLIVK	2	Ste-2024-12-02_HeLa_4mz_sDIA_400-900_20	0.0013525916622385392	0	0
IYQIYEGTSQIQR	2	Ste-2024-12-02_HeLa_4mz_sDIA_400-900_22	9.691800736576855E-05	0	0
KADC[+57.0215]TITMADSDFLALMTGK	3	Ste-2024-12-02_HeLa_4mz_sDIA_400-900_22	9.691800736576855E-05	0	0
KADIDLTK	2	Ste-2024-12-02_HeLa_4mz_sDIA_400-900_22	0.0001461240593263681	0	0
KPQDQLVIER	2	Ste-2024-12-02_HeLa_4mz_sDIA_400-900_21	0.00021362956633198035	0	0
KPYPDDENLVEVK	3	Ste-2024-12-02_HeLa_4mz_sDIA_400-900_21	0.0008515327589661391	0	0
LANIDEEMLQK	2	Ste-2024-12-02_HeLa_4mz_sDIA_400-900_20	0.0003099573808601317	0	0
LC[+57.0215]GDTSLNNMQR	2	Ste-2024-12-02_HeLa_4mz_sDIA_400-900_22	9.691800736576855E-05	0	0
LEELTNR	2	Ste-2024-12-02_HeLa_4mz_sDIA_400-900_21	0.004150548033526757	0	0
LEGFHTQISK	2	Ste-2024-12-02_HeLa_4mz_sDIA_400-900_22	9.691800736576855E-05	0	0
LEGIITR	2	Ste-2024-12-02_HeLa_4mz_sDIA_400-900_20	0.0024728428861609114	0	0
LENWITSLAESQLQTR	3	Ste-2024-12-02_HeLa_4mz_sDIA_400-900_21	0.0001734454947532738	0	0
LEQEIATYR	2	Ste-2024-12-02_HeLa_4mz_sDIA_400-900_22	9.691800736576855E-05	0	0
LESEGSPETLTNLRK	2	Ste-2024-12-02_HeLa_4mz_sDIA_400-900_22	0.0031081641110650643	0	0
LFEGNALLR	2	Ste-2024-12-02_HeLa_4mz_sDIA_400-900_22	9.691800736576855E-05	0	0
LFELLEK	2	Ste-2024-12-02_HeLa_4mz_sDIA_400-900_22	9.691800736576855E-05	0	0
LFVLLPEQSPVSYSK	2	Ste-2024-12-02_HeLa_4mz_sDIA_400-900_22	0.0006679283090281643	0	0
LGQHVVGMAPLSVGSLDDEPGGEAETK	3	Ste-2024-12-02_HeLa_4mz_sDIA_400-900_22	9.691800736576855E-05	0	0
LIDEVIEDTR	2	Ste-2024-12-02_HeLa_4mz_sDIA_400-900_21	0.00044585632279997773	0	0
LIDFLESGK	2	Ste-2024-12-02_HeLa_4mz_sDIA_400-900_22	9.691800736576855E-05	0	0
LIIVEGC[+57.0215]QR	2	Ste-2024-12-02_HeLa_4mz_sDIA_400-900_22	9.691800736576855E-05	0	0
LISLLNEK	2	Ste-2024-12-02_HeLa_4mz_sDIA_400-900_22	0.0008402945974000296	0	0
LLAELPASVHALTGVDLSK	3	Ste-2024-12-02_HeLa_4mz_sDIA_400-900_22	0.00019842582181361202	0	0
LLVVTDPR	2	Ste-2024-12-02_HeLa_4mz_sDIA_400-900_21	9.921619208254787E-05	0	0
LNQIMVGTGNGLAK	2	Ste-2024-12-02_HeLa_4mz_sDIA_400-900_21	0.0006702067329999484	0	0
LPEEPITR	2	Ste-2024-12-02_HeLa_4mz_sDIA_400-900_22	0.0008402945974000296	0	0
LPPVLANLMGSMGAGK	3	Ste-2024-12-02_HeLa_4mz_sDIA_400-900_22	0.001942090395480226	0	0
LPQTSDDEK	2	Ste-2024-12-02_HeLa_4mz_sDIA_400-900_21	0.0008515327589661391	0	0
LPVDLAEELGHR	3	Ste-2024-12-02_HeLa_4mz_sDIA_400-900_22	9.691800736576855E-05	0	0
LQQTQNQVDEVVDIMR	3	Ste-2024-12-02_HeLa_4mz_sDIA_400-900_22	9.691800736576855E-05	0	0
LQWFEQQAK	2	Ste-2024-12-02_HeLa_4mz_sDIA_400-900_22	0.004836666538712526	0	0
LSDQFHDILIR	3	Ste-2024-12-02_HeLa_4mz_sDIA_400-900_22	9.691800736576855E-05	0	0
LSGLEQPQGALQTR	2	Ste-2024-12-02_HeLa_4mz_sDIA_400-900_22	9.691800736576855E-05	0	0
LSLDGQNIYNAC[+57.0215]C[+57.0215]TLR	3	Ste-2024-12-02_HeLa_4mz_sDIA_400-900_22	0.0006692406692406693	0	0
LSTGC[+57.0215]TGTLVAEK	2	Ste-2024-12-02_HeLa_4mz_sDIA_400-900_22	9.691800736576855E-05	0	0
LTDC[+57.0215]VVMRDPASK	3	Ste-2024-12-02_HeLa_4mz_sDIA_400-900_22	9.691800736576855E-05	0	0
LTIIPQDPILFSGSLR	2	Ste-2024-12-02_HeLa_4mz_sDIA_400-900_21	9.921619208254787E-05	0	0
LVAAGSYQR	2	Ste-2024-12-02_HeLa_4mz_sDIA_400-900_20	0.0048853518241273345	0	0
LVAIVDPHIK	2	Ste-2024-12-02_HeLa_4mz_sDIA_400-900_21	0.0033712073916843553	0	0
LVPSQEETK	2	Ste-2024-12-02_HeLa_4mz_sDIA_400-900_22	0.00040158338592163385	0	0
MFTSMDPPPVELIR	2	Ste-2024-12-02_HeLa_4mz_sDIA_400-900_22	0.0005089346301741688	0	0
MLEQLDMR	2	Ste-2024-12-02_HeLa_4mz_sDIA_400-900_22	9.691800736576855E-05	0	0
MSDGLFLQK	2	Ste-2024-12-02_HeLa_4mz_sDIA_400-900_20	0.0010509458512661396	0	0
MSPLSIVTALVDK	3	Ste-2024-12-02_HeLa_4mz_sDIA_400-900_22	0.0009814987485890956	0	0
MVNHFIAEFK	3	Ste-2024-12-02_HeLa_4mz_sDIA_400-900_22	9.691800736576855E-05	0	0
NEVSFVIHNLPIIAK	3	Ste-2024-12-02_HeLa_4mz_sDIA_400-900_21	0.002374784110535406	0	0
NFVDSPIIVDITK	2	Ste-2024-12-02_HeLa_4mz_sDIA_400-900_22	0.0016637438733756015	0	0
NFYVEHPEVAR	3	Ste-2024-12-02_HeLa_4mz_sDIA_400-900_22	9.691800736576855E-05	0	0
NKPNMSDPEESR	2	Ste-2024-12-02_HeLa_4mz_sDIA_400-900_21	0.0023430381394541587	0	0
NPVLQQVLEGR	2	Ste-2024-12-02_HeLa_4mz_sDIA_400-900_22	0.0002986501015410345	0	0
NSEPEEVIPSR	2	Ste-2024-12-02_HeLa_4mz_sDIA_400-900_22	9.691800736576855E-05	0	0
NSSNTSVGSPSNTIGR	2	Ste-2024-12-02_HeLa_4mz_sDIA_400-900_22	9.691800736576855E-05	0	0
NYLPLLEPVKPEPK	3	Ste-2024-12-02_HeLa_4mz_sDIA_400-900_20	0.0014377456148758746	0	0
PAGLLFQQPDLDSALQIAR	3	Ste-2024-12-02_HeLa_4mz_sDIA_400-900_21	0.0005840191133528006	0	0
PENLLFTDENDNLEIK	3	Ste-2024-12-02_HeLa_4mz_sDIA_400-900_22	0.002926421404682274	0	0
PFSVDFFR	2	Ste-2024-12-02_HeLa_4mz_sDIA_400-900_21	0.005551914253768747	0	0
PGFSIADK	2	Ste-2024-12-02_HeLa_4mz_sDIA_400-900_22	9.691800736576855E-05	0	0
PHSVSLNDTETR	2	Ste-2024-12-02_HeLa_4mz_sDIA_400-900_22	9.691800736576855E-05	0	0
PNMVTPGHAC[+57.0215]TQK	3	Ste-2024-12-02_HeLa_4mz_sDIA_400-900_22	9.691800736576855E-05	0	0
PVHLTAFLGYK	2	Ste-2024-12-02_HeLa_4mz_sDIA_400-900_22	0.0007125407166123778	0	0
QAGLLAVMAQMGC[+57.0215]YVPAEVC[+57.0215]R	3	Ste-2024-12-02_HeLa_4mz_sDIA_400-900_21	0.0001734454947532738	0	0
QC[+57.0215]IHQLC[+57.0215]FTSLR	3	Ste-2024-12-02_HeLa_4mz_sDIA_400-900_22	9.691800736576855E-05	0	0
QEELTPLGVHLAR	3	Ste-2024-12-02_HeLa_4mz_sDIA_400-900_20	0.003228917683566067	0	0
QHLEETTQK	2	Ste-2024-12-02_HeLa_4mz_sDIA_400-900_21	0.0010727520967427347	0	0
QHLENDPGSNEDTDIPK	3	Ste-2024-12-02_HeLa_4mz_sDIA_400-900_20	0.00011108642523883582	0	0
QILIAC[+57.0215]SPVSSVR	2	Ste-2024-12-02_HeLa_4mz_sDIA_400-900_22	0.0006152813513815863	0	0
QLSSSVTGLTNIEEENC[+57.0215]QR	3	Ste-2024-12-02_HeLa_4mz_sDIA_400-900_21	0.000489849235290916	0	0
QPAENVNQYLTDPK	2	Ste-2024-12-02_HeLa_4mz_sDIA_400-900_22	9.691800736576855E-05	0	0
QSGYGGQTK	2	Ste-2024-12-02_HeLa_4mz_sDIA_400-900_21	0.000489849235290916	0	0
QSMAFSILNTPK	2	Ste-2024-12-02_HeLa_4mz_sDIA_400-900_21	0.0008142493638676844	0	0
QTSDGNWLMVHR	3	Ste-2024-12-02_HeLa_4mz_sDIA_400-900_21	0.00024276263882988408	0	0
QVVEEPSPQLPADK	2	Ste-2024-12-02_HeLa_4mz_sDIA_400-900_22	0.0001461240593263681	0	0
RLEEPEEPK	2	Ste-2024-12-02_HeLa_4mz_sDIA_400-900_22	9.691800736576855E-05	0	0
RLPVMMDEALSYLEK	3	Ste-2024-12-02_HeLa_4mz_sDIA_400-900_21	0.0019667441444662973	0	0
RVESQLK	2	Ste-2024-12-02_HeLa_4mz_sDIA_400-900_22	9.691800736576855E-05	0	0
SDHLIQTDTVNLHR	2	Ste-2024-12-02_HeLa_4mz_sDIA_400-900_22	0.00126820103334899	0	0
SDVQIHVPTFTFR	3	Ste-2024-12-02_HeLa_4mz_sDIA_400-900_21	0.0008515327589661391	0	0
SDYLNTFEFMDK	2	Ste-2024-12-02_HeLa_4mz_sDIA_400-900_22	9.691800736576855E-05	0	0
SEIEVISEPPEEK	2	Ste-2024-12-02_HeLa_4mz_sDIA_400-900_22	0.002831903292615918	0	0
SFDVNKPGC[+57.0215]EVDDLK	3	Ste-2024-12-02_HeLa_4mz_sDIA_400-900_22	9.691800736576855E-05	0	0
SGLEELVLSEMNSPSR	3	Ste-2024-12-02_HeLa_4mz_sDIA_400-900_20	0.0010509458512661396	0	0
SGLLVLTTPLASLAPR	2	Ste-2024-12-02_HeLa_4mz_sDIA_400-900_22	9.691800736576855E-05	0	0
SHSLSQHTATSSK	2	Ste-2024-12-02_HeLa_4mz_sDIA_400-900_21	0.00044585632279997773	0	0
SHTEEDC[+57.0215]TEELFDFLHAR	3	Ste-2024-12-02_HeLa_4mz_sDIA_400-900_22	9.691800736576855E-05	0	0
SIATDVLLGLLK	2	Ste-2024-12-02_HeLa_4mz_sDIA_400-900_20	0.003988603988603989	0	0
SIIGMGTGAGAYILTR	2	Ste-2024-12-02_HeLa_4mz_sDIA_400-900_21	0.00021362956633198035	0	0
SLVALLVETQMK	2	Ste-2024-12-02_HeLa_4mz_sDIA_400-900_22	0.00019842582181361202	0	0
SNILLLGPTGSGK	2	Ste-2024-12-02_HeLa_4mz_sDIA_400-900_22	0.00019842582181361202	0	0
SPNPSTPRALPASETPK	2	Ste-2024-12-02_HeLa_4mz_sDIA_400-900_21	0.004997267119543999	0	0
SQIYGSR	2	Ste-2024-12-02_HeLa_4mz_sDIA_400-900_21	0.005100253065991824	0	0
SQLIMQAEAEAASVR	2	Ste-2024-12-02_HeLa_4mz_sDIA_400-900_22	0.00019842582181361202	0	0
SQPDPVDTPTSSKPQSK	2	Ste-2024-12-02_HeLa_4mz_sDIA_400-900_20	0.00011108642523883582	0	0
SQTEAVTFLANHDDSR	3	Ste-2024-12-02_HeLa_4mz_sDIA_400-900_22	0.0017030430690628783	0	0
SSENGVDYVIMGMPHR	3	Ste-2024-12-02_HeLa_4mz_sDIA_400-900_22	0.00019842582181361202	0	0
SSGPTSLFAVTVAPPGAR	3	Ste-2024-12-02_HeLa_4mz_sDIA_400-900_20	0.00011108642523883582	0	0
SSPLLNYNTGVYR	2	Ste-2024-12-02_HeLa_4mz_sDIA_400-900_22	0.0016256491307292842	0	0
SSTPTTIFPIR	2	Ste-2024-12-02_HeLa_4mz_sDIA_400-900_21	0.00024276263882988408	0	0
STFVNILK	2	Ste-2024-12-02_HeLa_4mz_sDIA_400-900_22	0.0013065795613625758	0	0
STLMDTLFNTK	2	Ste-2024-12-02_HeLa_4mz_sDIA_400-900_21	0.0001734454947532738	0	0
STTTGHLIYK	2	Ste-2024-12-02_HeLa_4mz_sDIA_400-900_22	9.691800736576855E-05	0	0
SYLYFTQFK	2	Ste-2024-12-02_HeLa_4mz_sDIA_400-900_22	0.0001461240593263681	0	0
SYSSGGEDGYVR	2	Ste-2024-12-02_HeLa_4mz_sDIA_400-900_22	9.691800736576855E-05	0	0
TADDPSLSLIK	2	Ste-2024-12-02_HeLa_4mz_sDIA_400-900_21	0.000489849235290916	0	0
TAGDGWFGMK	2	Ste-2024-12-02_HeLa_4mz_sDIA_400-900_20	0.004486640227536754	0	0
TASEGDGGAAAGAAAAGAR	2	Ste-2024-12-02_HeLa_4mz_sDIA_400-900_21	0.00044585632279997773	0	0
THQPSDEVGTSIEHPR	3	Ste-2024-12-02_HeLa_4mz_sDIA_400-900_22	9.691800736576855E-05	0	0
TIILFTK	2	Ste-2024-12-02_HeLa_4mz_sDIA_400-900_21	0.0008142493638676844	0	0
TILSLMTR	2	Ste-2024-12-02_HeLa_4mz_sDIA_400-900_21	9.921619208254787E-05	0	0
TIVITSHPGQIVK	2	Ste-2024-12-02_HeLa_4mz_sDIA_400-900_22	9.691800736576855E-05	0	0
TLAAEMQELR	2	Ste-2024-12-02_HeLa_4mz_sDIA_400-900_22	0.0006692406692406693	0	0
TLQIFNIEMK	2	Ste-2024-12-02_HeLa_4mz_sDIA_400-900_22	9.691800736576855E-05	0	0
TLSTSDDVEDRENEK	2	Ste-2024-12-02_HeLa_4mz_sDIA_400-900_21	0.003876443465132411	0	0
TNGDSQQPSSSGLASSK	2	Ste-2024-12-02_HeLa_4mz_sDIA_400-900_22	0.00019842582181361202	0	0
TQFPSLDIEVDGGVGPDTVHK	3	Ste-2024-12-02_HeLa_4mz_sDIA_400-900_22	0.0006692406692406693	0	0
TVDSQGPTPVC[+57.0215]TPTFLER	3	Ste-2024-12-02_HeLa_4mz_sDIA_400-900_22	0.0016256491307292842	0	0
TWYPEVPK	2	Ste-2024-12-02_HeLa_4mz_sDIA_400-900_20	0.001087493821057835	0	0
TYDLLFK	2	Ste-2024-12-02_HeLa_4mz_sDIA_400-900_22	0.0001461240593263681	0	0
VAC[+57.0215]C[+57.0215]PLER	2	Ste-2024-12-02_HeLa_4mz_sDIA_400-900_21	0.000489849235290916	0	0
VAEELALEQAK	2	Ste-2024-12-02_HeLa_4mz_sDIA_400-900_22	9.691800736576855E-05	0	0
VATLNSEEESDPPTYK	2	Ste-2024-12-02_HeLa_4mz_sDIA_400-900_22	9.691800736576855E-05	0	0
VDAQFGGIDQR	2	Ste-2024-12-02_HeLa_4mz_sDIA_400-900_22	9.691800736576855E-05	0	0
VDIDVPDVNLEAPEGK	2	Ste-2024-12-02_HeLa_4mz_sDIA_400-900_22	9.691800736576855E-05	0	0
VGDQILLAIK	2	Ste-2024-12-02_HeLa_4mz_sDIA_400-900_21	0.00024276263882988408	0	0
VGTEC[+57.0215]GNQK	2	Ste-2024-12-02_HeLa_4mz_sDIA_400-900_22	0.00019842582181361202	0	0
VHQLYETIQR	2	Ste-2024-12-02_HeLa_4mz_sDIA_400-900_22	9.691800736576855E-05	0	0
VKPLQDQNELFGK	2	Ste-2024-12-02_HeLa_4mz_sDIA_400-900_22	9.691800736576855E-05	0	0
VLC[+57.0215]GGDIYVPEDPK	2	Ste-2024-12-02_HeLa_4mz_sDIA_400-900_22	9.691800736576855E-05	0	0
VLPANSMAESR	2	Ste-2024-12-02_HeLa_4mz_sDIA_400-900_22	0.0001461240593263681	0	0
VLQEALC[+57.0215]VISGVPGLK	2	Ste-2024-12-02_HeLa_4mz_sDIA_400-900_22	9.691800736576855E-05	0	0
VLYAYGYYTGEPSK	2	Ste-2024-12-02_HeLa_4mz_sDIA_400-900_22	0.0001461240593263681	0	0
VMPAPPPK	2	Ste-2024-12-02_HeLa_4mz_sDIA_400-900_22	9.691800736576855E-05	0	0
VMVLDFVTPTPLGTR	3	Ste-2024-12-02_HeLa_4mz_sDIA_400-900_22	9.691800736576855E-05	0	0
VNDFLAEIFKK	3	Ste-2024-12-02_HeLa_4mz_sDIA_400-900_22	0.0026890899778043366	0	0
VQAWYMDDAPGDPR	2	Ste-2024-12-02_HeLa_4mz_sDIA_400-900_21	0.00021362956633198035	0	0
VTEGQQER	2	Ste-2024-12-02_HeLa_4mz_sDIA_400-900_22	0.0001461240593263681	0	0
VTPPAVTGSPEFER	2	Ste-2024-12-02_HeLa_4mz_sDIA_400-900_21	9.921619208254787E-05	0	0
VVNGAAASQPPSK	2	Ste-2024-12-02_HeLa_4mz_sDIA_400-900_21	9.921619208254787E-05	0	0
VVNSETPVVVDFHAQWC[+57.0215]GPC[+57.0215]K	3	Ste-2024-12-02_HeLa_4mz_sDIA_400-900_21	0.0011475017929715515	0	0
WLAPDGLIFPDR	2	Ste-2024-12-02_HeLa_4mz_sDIA_400-900_22	9.691800736576855E-05	0	0
WNENVQYLSEDR	2	Ste-2024-12-02_HeLa_4mz_sDIA_400-900_21	0.002374784110535406	0	0
WSNAGELMELIR	2	Ste-2024-12-02_HeLa_4mz_sDIA_400-900_22	9.691800736576855E-05	0	0
YEDEINK	2	Ste-2024-12-02_HeLa_4mz_sDIA_400-900_20	0.00011108642523883582	0	0
YEELFPAFSDSR	2	Ste-2024-12-02_HeLa_4mz_sDIA_400-900_22	9.691800736576855E-05	0	0
YGGQPVPNFPSK	2	Ste-2024-12-02_HeLa_4mz_sDIA_400-900_22	9.691800736576855E-05	0	0
YLAVESPFLK	2	Ste-2024-12-02_HeLa_4mz_sDIA_400-900_22	9.691800736576855E-05	0	0
YNVLGAETVLNQMR	2	Ste-2024-12-02_HeLa_4mz_sDIA_400-900_22	9.691800736576855E-05	0	0
YYFEGIK	2	Ste-2024-12-02_HeLa_4mz_sDIA_400-900_22	0.00040158338592163385	0	0
