peptideModSeq	precursorCharge	ExperimentQValue	NRunsDetected	NRunsSearched
AAAEEQIKQLASVILK	3	0.0070202606787972644	3	3
AAEIYGVTHTR	2	0.008990609340127175	3	3
AAGFKDPLLASGTDGVGTK	3	0.0026514542825004017	3	3
AATENIPVVR	2	0.0017167381974248926	3	3
AAVENLPTFLVELSR	3	0.0009142857142857143	3	3
AESVQGGETR	2	0.0009142857142857143	3	3
AEVLWLMGAK	2	0.0009589399354894952	3	3
AFPEHFTYEPNEADAAQGYR	3	0.005982026098327815	3	3
AFVSGLLIGQC[+57.0215]SSQK	3	0.008698924255168446	3	3
AGEGTYALDSESC[+57.0215]MEK	2	0.0009589399354894952	3	3
AGVNTVTTLVENKK	3	0.0009142857142857143	3	3
AIEINPDSAQPYK	2	0.0009142857142857143	3	3
AIPSFLNSFNR	2	0.0010249608103219583	3	3
AKPAEAPAAAAPK	2	0.0009589399354894952	3	3
ALDDISESIK	2	0.001151757801787967	3	3
ALDELFEAIEQK	3	0.008125975576163805	3	3
ALLESMVDAAENLC[+57.0215]PNVMK	3	0.007596123017732508	3	3
ALWEDEGVR	2	0.0010249608103219583	3	3
AQAALAVNISAAR	2	0.001689497716894977	3	3
AQAEAQQPTFDALRDELR	3	0.0022651006711409396	3	3
AQEAGLQQEQR	2	0.007747795885653219	3	3
AQEEADYIEWLK	2	0.0082924391130498	3	3
AQQEHQSLLEK	2	0.00908653141553085	3	3
AQTAHIVLEDGTK	2	0.0009142857142857143	3	3
AQVARPGGDTIFGK	3	0.0009589399354894952	3	3
ASLLQNESTNEQLQIHYK	3	0.001689497716894977	3	3
ATAGAYIASQTVK	2	0.0009142857142857143	3	3
AVDEDPENQTLR	2	0.008698924255168446	3	3
AVEVQGPSLESGDHGK	2	0.0009589399354894952	3	3
AVIEHNLLSASK	3	0.00401473174292445	3	3
AVLQEEQANLWFSK	2	0.004087458638811393	3	3
AVSSAIAQLLGEVAQGNENYAGIAAR	3	0.0009142857142857143	3	3
C[+57.0215]C[+57.0215]LTYC[+57.0215]FNKPEDK	3	0.0009142857142857143	3	3
C[+57.0215]EAVVADVLDK	2	0.006333087653208855	3	3
C[+57.0215]FNTLTNSFQPSLLGR	3	0.007176120314527827	3	3
C[+57.0215]LYFADTFLR	2	0.007327214644287815	3	3
C[+57.0215]PLC[+57.0215]QESNFTR	2	0.008044010910267671	3	3
DAGYGGISLAVEGPSK	2	0.0009142857142857143	3	3
DATNVAAAFEEAVR	2	0.008891914314280245	3	3
DC[+57.0215]LNVLNKELLVPLTSSMYVPGK	3	0.00789592598758532	3	3
DC[+57.0215]LTESNLIK	2	0.008698924255168446	3	3
DC[+57.0215]QIAHGAAQFLR	2	0.002868439413908055	3	3
DDEPVC[+57.0215]GRPLGIR	3	0.005838104861345009	3	3
DDTTLNALNTLHESGYDAGK	3	0.0088214308879808	3	3
DDVIVTASNFSSER	2	0.001151757801787967	3	3
DEPIHILNVAIK	2	0.0013658536585365853	3	3
DGDGTITTK	2	0.0009142857142857143	3	3
DGIDDESYEAIFKPVMSK	3	0.0009589399354894952	3	3
DGTYAVTYIPDK	3	0.005773997296079315	3	3
DHLVTAYNHLFETK	3	0.0009589399354894952	3	3
DHSPDLYSLELAGLDEIGK	3	0.00401473174292445	3	3
DHVYLQLHHLPPEQLATR	3	0.008036525425702904	3	3
DILVATDVAGR	2	0.0010136113524471474	3	3
DITDLINNTFIR	3	0.009107086779022297	3	3
DLEALMFDR	2	0.0009142857142857143	3	3
DLLFQALGR	2	0.0009589399354894952	3	3
DMPLLSC[+57.0215]LESLR	2	0.0009589399354894952	3	3
DMSPLSETEMALGK	2	0.0009686011784647671	3	3
DNTSVYHISGK	2	0.003160984420862497	3	3
DNVDLLGSLADLYFR	3	0.007866108786610879	3	3
DPSASNGGGSPAR	2	0.001151757801787967	3	3
DPSQPQQWVSSQVLLC[+57.0215]K	3	0.0028354270862048594	3	3
DSDGDGRGDAC[+57.0215]K	2	0.0088214308879808	3	3
DSLSVNEFK	2	0.0013658536585365853	3	3
DTIYSEVATLISQNESR	3	0.008044010910267671	3	3
DTSFSGLSLEEYK	2	0.007973514874568684	3	3
DTSVEDALER	2	0.001689497716894977	3	3
DTVVEGLRVSMEVAAAK	2	0.008891914314280245	3	3
DVEGSTSPQIGDK	2	0.0009589399354894952	3	3
DVQNFPAATDEK	2	0.001689497716894977	3	3
DVYLSLLRMYLSPPSIHC[+57.0215]LGPIK	3	0.003213296398891967	3	3
EAC[+57.0215]PELDYFVVFSSVSC[+57.0215]GR	3	0.002484421455626604	3	3
EAEVLLLQQR	2	0.009280885064535956	3	3
EAFAIVSVPVSEIR	3	0.007866108786610879	3	3
EANFTVSSMHGDMPQK	3	0.0009589399354894952	3	3
EAQNDLEQVLR	2	0.0010249608103219583	3	3
EASFEYLQNEGER	2	0.0068165070007369195	3	3
EATTDFTVDSR	2	0.0009589399354894952	3	3
EDEISLEDLIER	2	0.0010918912706166313	3	3
EDELWASFLNDVGPK	2	0.005477714351611601	3	3
EDFLNIC[+57.0215]IEPDTISK	2	0.001151757801787967	3	3
EDIPSEK	2	0.008665627088438405	3	3
EDISQGVHISVYR	3	0.001151757801787967	3	3
EDLEEWVTIGR	3	0.006980848082213111	3	3
EEDQATLVEQVK	2	0.005070540161660751	3	3
EEFAVPENSSVQQFK	2	0.0009589399354894952	3	3
EEIPEEELAEDVEEIDHAER	3	0.0009589399354894952	3	3
EELVITPLPSGDVAATFQFR	3	0.003213296398891967	3	3
EENC[+57.0215]AILKTSQTVATFLDELAQK	3	0.008674570163927134	3	3
EFLVAGGEDFK	3	0.007855744361992701	3	3
EGNVPNIIIAGPPGTGK	3	0.00864727175224561	3	3
EHMDEVC[+57.0215]SSQLLTSVR	3	0.009943860487338748	3	3
EIC[+57.0215]AVSRFC[+57.0215]SNLC[+57.0215]LPK	3	0.006732400339270569	3	3
EIHDLFQSFDDTPLGTASLAQVHK	3	0.005394844278548932	3	3
EKSDDILEEGEK	2	0.0074430605865131744	3	3
ELAQQIQK	2	0.0009589399354894952	3	3
ELC[+57.0215]GPWPSHQLLTNQLQR	3	0.002484421455626604	3	3
ELDFVSHHVR	3	0.007176120314527827	3	3
ELEEAMAGER	2	0.004087458638811393	3	3
ELLEPLFK	2	0.004949010197960408	3	3
ELLEQQGIDIK	3	0.006160107801886533	3	3
ELSTTLNADEAVTR	2	0.005295052068012002	3	3
ENAGVDPTLAIPMIQK	2	0.003433749867251938	3	3
ENLELILTQSVENVGVR	3	0.0009589399354894952	3	3
EPEVLSTMAIIVNK	2	0.008861900266071582	3	3
EPGIAGLMK	2	0.000984251968503937	3	3
ERDFTSLENTVEER	2	0.0020304129946431657	3	3
ESEFDDEPK	2	0.0020096989820437765	3	3
ESENLASGDQPR	2	0.0010249608103219583	3	3
ESLEALLQR	2	0.0009589399354894952	3	3
ESNEEEQVWHFLGK	2	0.0009589399354894952	3	3
ESTTSEQSAR	2	0.008990609340127175	3	3
ESYSVYVYK	2	0.0009142857142857143	3	3
ETADAITK	2	0.0010249608103219583	3	3
ETLPNVR	2	0.0024512807942149773	3	3
ETSSLQELEAQK	2	0.0055174385363064606	3	3
EVC[+57.0215]PSAIDPEDGEK	2	0.0048	3	3
EVLPALENNKIIETLTQQLQAK	3	0.007866108786610879	3	3
EVSDFIQDSGQIK	2	0.005583409298085688	3	3
EYNALVAQGVR	2	0.0047010385300805015	3	3
EYQDLLNVK	2	0.0009142857142857143	3	3
FAELVYTGFWHSPEC[+57.0215]EFVR	3	0.006547041707080504	3	3
FFPASFPNR	2	0.0009589399354894952	3	3
FGIQAQMVTTDFQK	2	0.0009589399354894952	3	3
FGNQADHFLGSLAFAK	3	0.0009589399354894952	3	3
FLAAGTHLGGTNLDFQMEQYIYK	3	0.0009589399354894952	3	3
FLELVQLK	2	0.0088214308879808	3	3
FLENPDLSQTEEK	3	0.0028354270862048594	3	3
FLIC[+57.0215]TDVAAR	2	0.0009589399354894952	3	3
FLLDTNK	2	0.001151757801787967	3	3
FNPETDYLTGTDGKK	3	0.005477714351611601	3	3
FSNTGEDWYVLVGVAK	2	0.0016049848942598188	3	3
FSTGTLSNTADAR	2	0.009389197375063099	3	3
FTITPPTAQVVGVLK	3	0.000984251968503937	3	3
FTLRDEGK	2	0.006045548654244307	3	3
GAGSIAGASASPK	2	0.0011636517507669522	3	3
GDEC[+57.0215]ILKTIADLELHYQEFIR	3	0.008499222219717294	3	3
GDPPQLSNSEER	3	0.006916892879515557	3	3
GDSHLNVQVSNFK	2	0.0010249608103219583	3	3
GDTPGHATPGHGGATSSAR	3	0.0009589399354894952	3	3
GEPLHIINSSNVTDEPLLK	3	0.009056110540565774	3	3
GFVDDIIQPSSTR	3	0.009368297519323379	3	3
GFVLYPVK	2	0.00433201581027668	3	3
GGAEVQIFAPDVPQMHVIDHTK	3	0.002883617209427506	3	3
GGAVVDEGPTGVK	2	0.0009142857142857143	3	3
GGTLLSVTGEVEPR	2	0.0009589399354894952	3	3
GILDALLQTAR	2	0.007866108786610879	3	3
GILTVDELLAIR	2	0.0009589399354894952	3	3
GIVEFSGK	2	0.0009589399354894952	3	3
GIYFADMVSK	2	0.0009589399354894952	3	3
GLGTDEDAIISVLAYR	2	0.0009589399354894952	3	3
GLGTDEDSLIEIIC[+57.0215]SR	3	0.0009142857142857143	3	3
GNFVPQGWVLPPLPSNDIWATAVK	3	0.008990609340127175	3	3
GNIIGYSQVDK	2	0.001689497716894977	3	3
GNNVLYISTQK	2	0.001151757801787967	3	3
GPPGPESQSR	2	0.003479299922682224	3	3
GPTPEEAIQK	2	0.008970507341429358	3	3
GQGLWVSLKMGFPEIILPGDVR	3	0.00789592598758532	3	3
GSLAALYDLAVLK	2	0.007747795885653219	3	3
GTEIGVLAK	2	0.006241787122207621	3	3
HASSGSFLPSANEHLK	3	0.0017167381974248926	3	3
HGAEVIDTPVFELKDQGGELLSLR	3	0.006241787122207621	3	3
HGLVPFAFVR	2	0.0068733012753501984	3	3
HLAC[+57.0215]LPR	2	0.00736483292279366	3	3
HLATSDMLAAASK	3	0.002590988219100441	3	3
HLLVSNVGGDGEEIER	2	0.0010136113524471474	3	3
HLSPYATLTVGDSSHK	2	0.0035897435897435897	3	3
HMNSAGVLATLR	3	0.0011458034947006588	3	3
HNEFDFISGTR	2	0.0010249608103219583	3	3
HPSTNSLLR	2	0.006045548654244307	3	3
HSELLQKNVESFASMLR	3	0.009398382510134522	3	3
HSFFSTIDWNK	3	0.0031080620096274117	3	3
HSQEELLQR	2	0.0053754016944201	3	3
HSVDGESLSSELQQLGLPK	3	0.0013961101482765261	3	3
HVGMAVAGLLADAR	2	0.0009142857142857143	3	3
HVVAVVLGDVGR	3	0.003433749867251938	3	3
IADQLEELNK	2	0.0010249608103219583	3	3
IAMENDDGRTEEEK	2	0.000984251968503937	3	3
IAQLEEQLDNETK	2	0.0009142857142857143	3	3
IASQELGPAVDK	3	0.007487108290360968	3	3
IAVSNLHK	2	0.0027515253020696257	3	3
IDASQTEFEKNVWSFLK	3	0.0013961101482765261	3	3
IDMNLTDLLGELQR	2	0.0009142857142857143	3	3
IDMNLTDLLGELQR	3	0.007676083970963312	3	3
IDTEILPSLFMR	2	0.007331231546814793	3	3
IEEQSQSEK	2	0.0028563602926791093	3	3
IEGEGSVLQAK	2	0.0026226597805035505	3	3
IEYVTVTPEGFR	2	0.009275219568250842	3	3
IGIPEFK	2	0.0011636517507669522	3	3
IGLDFC[+57.0215]K	2	0.008976471085202551	3	3
IIDDSEITK	2	0.0009142857142857143	3	3
IIVEGGGAVAALQAMK	3	0.0028354270862048594	3	3
IIWSC[+57.0215]DWSPDSK	3	0.009646176677341248	3	3
ILDNVSLPLVLELPVKLK	3	0.00811345039992645	3	3
ILETTTFFQR	2	0.0012229922543823889	3	3
ILHVDNHIGISIAGLTADAR	3	0.00797271872060207	3	3
ILQEYITQEGHK	2	0.003213296398891967	3	3
IMSTPGGEEAIER	2	0.008396894733268451	3	3
IPVPQQVAR	2	0.0031080620096274117	3	3
IQELENLPGSLAGDLR	2	0.003479299922682224	3	3
IQFGTLSDFFDALDK	3	0.008665627088438405	3	3
IQQLQEILQDLQKR	2	0.008044010910267671	3	3
IQRPPEDSIQPYEK	2	0.0047010385300805015	3	3
ISALALLK	2	0.0010249608103219583	3	3
ITC[+57.0215]LC[+57.0215]QVPQNAANR	2	0.0009142857142857143	3	3
ITQNNAMK	2	0.001689497716894977	3	3
IVLELFADIVPK	2	0.0051417701955655945	3	3
IYIGDDNPLTLIVK	2	0.001689497716894977	3	3
IYQIYEGTSQIQR	2	0.0009142857142857143	3	3
KADC[+57.0215]TITMADSDFLALMTGK	3	0.0009589399354894952	3	3
KADIDLTK	2	0.001151757801787967	3	3
KEDGSEVGVGGAQVTGSNTR	3	0.007766047809731828	3	3
KIEEVETWLK	2	0.009902706868317119	3	3
KPQDQLVIER	2	0.0009589399354894952	3	3
KPYPDDENLVEVK	3	0.0009589399354894952	3	3
LALNQISQISMK	3	0.008125975576163805	3	3
LANIDEEMLQK	2	0.001689497716894977	3	3
LASTEQTELLASK	2	0.0088214308879808	3	3
LC[+57.0215]GDTSLNNMQR	2	0.0009589399354894952	3	3
LDQILLNGNNITMLVPGGEGPEV	3	0.0009589399354894952	3	3
LEELTNR	2	0.005477714351611601	3	3
LEGFHTQISK	2	0.0009589399354894952	3	3
LEGHELPADLPPHLVPPSK	3	0.008560799605575724	3	3
LEGIITR	2	0.0088214308879808	3	3
LENTEDIEEVEQHIQTIK	3	0.004087458638811393	3	3
LENWITSLAESQLQTR	3	0.0009686011784647671	3	3
LEQEIATYR	2	0.0009142857142857143	3	3
LESEGSPETLTNLRK	2	0.001151757801787967	3	3
LFEGNALLR	2	0.0009142857142857143	3	3
LFELLEK	2	0.0009589399354894952	3	3
LFLLEEITSEELK	3	0.007154172415555215	3	3
LFPSASATEAIQR	2	0.007866108786610879	3	3
LFVLLPEQSPVSYSK	2	0.002484421455626604	3	3
LGQHVVGMAPLSVGSLDDEPGGEAETK	3	0.0009589399354894952	3	3
LIDEVIEDTR	2	0.003322987036698923	3	3
LIDFLESGK	2	0.0009142857142857143	3	3
LIIVEGC[+57.0215]QR	2	0.0009589399354894952	3	3
LISLLNEK	2	0.001347305389221557	3	3
LLAELPASVHALTGVDLSK	3	0.0010249608103219583	3	3
LLANMVYQYK	3	0.0031080620096274117	3	3
LLASTTPEEILEK	3	0.0088214308879808	3	3
LLDWLVDRWQSLVLTIR	3	0.008044010910267671	3	3
LLGSLYALGIPK	3	0.007331231546814793	3	3
LLLEQAANEIWESIK	2	0.00876689338397668	3	3
LLSPSILKPFPLWTGK	2	0.0051417701955655945	3	3
LLVVTDPR	2	0.0009142857142857143	3	3
LNQDVLLVNESK	2	0.009339924632278455	3	3
LNQIMVGTGNGLAK	2	0.0026226597805035505	3	3
LPEAGSLWLLK	3	0.0020096989820437765	3	3
LPEEPITR	2	0.008188097525273318	3	3
LPGEAPVIQR	2	0.00896818948815699	3	3
LPLATIVKDLVAQAPLK	2	0.008665627088438405	3	3
LPPVLANLMGSMGAGK	3	0.0017167381974248926	3	3
LPQTSDDEK	2	0.0020304129946431657	3	3
LPVDLAEELGHR	3	0.0009142857142857143	3	3
LQESPC[+57.0215]IFALTPR	2	0.007676083970963312	3	3
LQQTQNQVDEVVDIMR	3	0.0010136113524471474	3	3
LQVLSLSHC[+57.0215]ELITDDGIR	3	0.007676083970963312	3	3
LQWFEQQAK	2	0.004545735667017131	3	3
LSDQFHDILIR	3	0.0009142857142857143	3	3
LSGLEQPQGALQTR	2	0.0009142857142857143	3	3
LSLDGQNIYNAC[+57.0215]C[+57.0215]TLR	3	0.0011636517507669522	3	3
LSQQLC[+57.0215]DVTLQVKVVLASSSPVFK	3	0.007331231546814793	3	3
LSTGC[+57.0215]TGTLVAEK	2	0.0009589399354894952	3	3
LTDC[+57.0215]VVMRDPASK	3	0.0009142857142857143	3	3
LTIIPQDPILFSGSLR	2	0.0010249608103219583	3	3
LVAAGSYQR	2	0.003160984420862497	3	3
LVAIVDPHIK	2	0.003433749867251938	3	3
LVEVIPEGAMLR	3	0.004068641926698822	3	3
LVHSAVDVPTIQEK	2	0.007176120314527827	3	3
LVLSLEPLEHPLISSPSFFSK	3	0.009339924632278455	3	3
LVPELDTIVPLESTK	3	0.007331231546814793	3	3
LVTPHGESEQIGVIPSK	2	0.007008560271032146	3	3
LWNLLMPTKGLLLDC[+57.0215]NVALTLK	3	0.0040253398442655405	3	3
MFTSMDPPPVELIR	2	0.004256130097827468	3	3
MLEQLDMR	2	0.0009142857142857143	3	3
MQEQQADLQRER	2	0.007886021966502276	3	3
MSDGLFLQK	2	0.0028354270862048594	3	3
MSPLSIVTALVDK	3	0.003397672233065857	3	3
MVNHFIAEFK	3	0.0009589399354894952	3	3
NAGQVVHLTLVR	3	0.0088214308879808	3	3
NEDLTELLNGMDEELDSPEELGK	3	0.0047750007555380945	3	3
NELFDAAK	2	0.0027515253020696257	3	3
NEVSFVIHNLPIIAK	3	0.000984251968503937	3	3
NFRPDDPTR	2	0.007747795885653219	3	3
NFVDSPIIVDITK	2	0.003397672233065857	3	3
NFYVEHPEVAR	3	0.0009589399354894952	3	3
NILSVVGTDALK	3	0.002868439413908055	3	3
NKPNMSDPEESR	2	0.007176120314527827	3	3
NPLPPSVGVVDKK	3	0.001151757801787967	3	3
NPVLQQVLEGR	2	0.0017167381974248926	3	3
NSEPEEVIPSR	2	0.0009589399354894952	3	3
NSSNTSVGSPSNTIGR	2	0.0009589399354894952	3	3
NTLFNLSNFLDK	3	0.008156345224184939	3	3
NTPASASLEGLAQTAGR	3	0.0070409867660285235	3	3
NVTLNPDPNEIK	3	0.004131697869593286	3	3
NYLPLLEPVKPEPK	3	0.0009589399354894952	3	3
PAGLLFQQPDLDSALQIAR	3	0.0011884462357257273	3	3
PFSVDFFR	2	0.0068733012753501984	3	3
PGFSIADK	2	0.0009142857142857143	3	3
PGPELGGEFPVQDLK	2	0.006547041707080504	3	3
PGVAC[+57.0215]SVSQAQK	3	0.006959773547666658	3	3
PGVAVAC[+57.0215]C[+57.0215]WLLTVVLR	3	0.005070540161660751	3	3
PHSVSLNDTETR	2	0.0009142857142857143	3	3
PNMVTPGHAC[+57.0215]TQK	3	0.0009142857142857143	3	3
PSTPGLSVVSGISATSEDIPNK	3	0.008891914314280245	3	3
PVHLTAFLGYK	2	0.006547041707080504	3	3
PVIC[+57.0215]SLAAIIK	2	0.009177388865174706	3	3
PVTVEPMDQLDDEEGLPEK	3	0.0013961101482765261	3	3
QAGLLAVMAQMGC[+57.0215]YVPAEVC[+57.0215]R	3	0.0012229922543823889	3	3
QC[+57.0215]IHQLC[+57.0215]FTSLR	3	0.0010249608103219583	3	3
QEELTPLGVHLAR	3	0.001689497716894977	3	3
QFESLPATHIR	2	0.00675230132144647	3	3
QHLEETTQK	2	0.006732400339270569	3	3
QHLENDPGSNEDTDIPK	3	0.0010249608103219583	3	3
QILIAC[+57.0215]SPVSSVR	2	0.0017387427552385199	3	3
QLEMILNKPGLK	2	0.0012229922543823889	3	3
QLSSSVTGLTNIEEENC[+57.0215]QR	3	0.00811345039992645	3	3
QLVNMC[+57.0215]INPDPEK	3	0.005090800833581423	3	3
QNEDIEPTSSR	3	0.007331231546814793	3	3
QNGTVVGTDIAELLLR	2	0.007463611793002554	3	3
QPAENVNQYLTDPK	2	0.0009142857142857143	3	3
QSGYGGQTK	2	0.0022651006711409396	3	3
QSMAFSILNTPK	2	0.004408615694671873	3	3
QTSDGNWLMVHR	3	0.001151757801787967	3	3
QVVEEPSPQLPADK	2	0.0010249608103219583	3	3
RHATAEEVEEEER	2	0.007973514874568684	3	3
RLEEPEEPK	2	0.0009589399354894952	3	3
RPTPAEEPGELEDNYLEYLR	3	0.007815335478719543	3	3
RVESQLK	2	0.0009589399354894952	3	3
SDHLIQTDTVNLHR	2	0.003160984420862497	3	3
SDVQIHVPTFTFR	3	0.007973514874568684	3	3
SDYLNTFEFMDK	2	0.0009142857142857143	3	3
SEAASPALPVITK	3	0.0011884462357257273	3	3
SEDEPPAASASAAPPPQR	2	0.006732400339270569	3	3
SEFEQNLSEK	2	0.0009589399354894952	3	3
SEIEVISEPPEEK	2	0.0055385845205127475	3	3
SFDVNKPGC[+57.0215]EVDDLK	3	0.0009589399354894952	3	3
SGLEELVLSEMNSPSR	3	0.002883617209427506	3	3
SGLLVLTTPLASLAPR	2	0.0009589399354894952	3	3
SGSALELSVENVK	2	0.003322987036698923	3	3
SHSLSQHTATSSK	2	0.0016049848942598188	3	3
SHTEEDC[+57.0215]TEELFDFLHAR	3	0.0009589399354894952	3	3
SIATDVLLGLLK	2	0.004087458638811393	3	3
SIIGMGTGAGAYILTR	2	0.001151757801787967	3	3
SINDMMSSMSDQTVR	2	0.003961252954295795	3	3
SLPAEINRFLPEFPSC[+57.0215]SLLK	3	0.0031080620096274117	3	3
SLPSAVYC[+57.0215]IEDK	3	0.006732400339270569	3	3
SLVALLVETQMK	2	0.0009589399354894952	3	3
SNILLLGPTGSGK	2	0.0010918912706166313	3	3
SPGEPGGAAPER	2	0.007886021966502276	3	3
SQGSQAELHPLPQLK	3	0.0082924391130498	3	3
SQIYGSR	2	0.007782195500387897	3	3
SQLIMQAEAEAASVR	2	0.0010918912706166313	3	3
SQPDPVDTPTSSKPQSK	2	0.0009589399354894952	3	3
SQTEAVTFLANHDDSR	3	0.0011884462357257273	3	3
SSC[+57.0215]ELEVLLR	2	0.007331231546814793	3	3
SSGPTSLFAVTVAPPGAR	3	0.0009589399354894952	3	3
SSPDLTGVVHIYEELK	3	0.0040253398442655405	3	3
SSPLLNYNTGVYR	2	0.0088214308879808	3	3
SSTPTTIFPIR	2	0.001689497716894977	3	3
STFVNILK	2	0.0044402751719824895	3	3
STLMDTLFNTK	2	0.0010249608103219583	3	3
STLPGSTTSNK	2	0.001151757801787967	3	3
STTTGHLIYK	2	0.0009142857142857143	3	3
SVAHGQAPEMPLVK	3	0.0070409867660285235	3	3
SYFPYLMAVLTPK	3	0.004754213269131137	3	3
SYLYFTQFK	2	0.0010249608103219583	3	3
SYMAPER	2	0.0067163980992327905	3	3
SYSSGGEDGYVR	2	0.0009142857142857143	3	3
TADDPSLSLIK	2	0.0024007616209280186	3	3
TAGDGWFGMK	2	0.004087458638811393	3	3
TASEGDGGAAAGAAAAGAR	2	0.0012229922543823889	3	3
TDPSSLGATSASFNFGKDTTQSK	3	0.004237423136967534	3	3
TDSFVPR	2	0.007866108786610879	3	3
THQPSDEVGTSIEHPR	3	0.0012229922543823889	3	3
TIILFTK	2	0.001689497716894977	3	3
TILSLMTR	2	0.0009142857142857143	3	3
TIVITSHPGQIVK	2	0.0010249608103219583	3	3
TKPMLETEVLDNDGGGLATIFEP	3	0.004087458638811393	3	3
TLAAEMQELR	2	0.0017387427552385199	3	3
TLQIFNIEMK	2	0.0009142857142857143	3	3
TLSTSDDVEDRENEK	2	0.005218621930005602	3	3
TNGDSQQPSSSGLASSK	2	0.0010136113524471474	3	3
TPDGTENGDFLALDLGGTNFR	3	0.003213296398891967	3	3
TPIFLNEVLVKAASEQYIDTEK	3	0.009695459242599234	3	3
TQFPSLDIEVDGGVGPDTVHK	3	0.0020096989820437765	3	3
TSPQEGER	2	0.0012229922543823889	3	3
TVDSQGPTPVC[+57.0215]TPTFLER	3	0.000984251968503937	3	3
TVEFLQEYIVNR	2	0.003397672233065857	3	3
TVSGVNGPLVILDHVK	3	0.0037794425322264964	3	3
TVTPALSSNVLPR	3	0.0034798343598844697	3	3
TWYPEVPK	2	0.002210226548221193	3	3
TYDLLFK	2	0.0009589399354894952	3	3
VAC[+57.0215]C[+57.0215]PLER	2	0.006547041707080504	3	3
VAEELALEQAK	2	0.0009589399354894952	3	3
VATLNSEEESDPPTYK	2	0.0009589399354894952	3	3
VAYGGTGDAATR	2	0.008371143375680581	3	3
VDAQFGGIDQR	2	0.0009142857142857143	3	3
VDIDVPDVNLEAPEGK	2	0.0009142857142857143	3	3
VDLQSLPTR	2	0.0009589399354894952	3	3
VFNELLVLLPDTAK	3	0.007055805003207184	3	3
VGDQILLAIK	2	0.0010249608103219583	3	3
VGTEC[+57.0215]GNQK	2	0.0009686011784647671	3	3
VHQLYETIQR	2	0.0009686011784647671	3	3
VKPLQDQNELFGK	2	0.0010918912706166313	3	3
VLAFLSSVAGDALTR	3	0.0037794425322264964	3	3
VLC[+57.0215]GGDIYVPEDPK	2	0.0009142857142857143	3	3
VLPANSMAESR	2	0.0009589399354894952	3	3
VLQEALC[+57.0215]VISGVPGLK	2	0.0009589399354894952	3	3
VLWIPAC[+57.0215]PL	2	0.0021753039027511195	3	3
VLYAYGYYTGEPSK	2	0.0010249608103219583	3	3
VMIWDDLK	2	0.005982026098327815	3	3
VMPAPPPK	2	0.0009589399354894952	3	3
VMVLDFVTPTPLGTR	3	0.0009589399354894952	3	3
VNAVPRPIPEK	2	0.007531690259238089	3	3
VNDFLAEIFKK	3	0.0028354270862048594	3	3
VQAWYMDDAPGDPR	2	0.0010249608103219583	3	3
VTEGQQER	2	0.0009589399354894952	3	3
VTMINAIPVASLDPIK	3	0.005913528591352859	3	3
VTPPAVTGSPEFER	2	0.0009589399354894952	3	3
VVNGAAASQPPSK	2	0.0009142857142857143	3	3
VVNSETPVVVDFHAQWC[+57.0215]GPC[+57.0215]K	3	0.0088214308879808	3	3
VVVC[+57.0215]DNGTGFVK	3	0.007517867299750229	3	3
VWDDGIIDPADTR	3	0.007055805003207184	3	3
VWNNSSTVNAVPVAPPVC[+57.0215]DVAR	3	0.00860873842851393	3	3
WLAPDGLIFPDR	2	0.0009142857142857143	3	3
WLLLC[+57.0215]NPGLAELIAEK	3	0.0032008337055232992	3	3
WNENVQYLSEDR	2	0.006832934745473181	3	3
WQPTASEPVK	2	0.007199185957771559	3	3
WSNAGELMELIR	2	0.0010249608103219583	3	3
YC[+57.0215]LELTEAGLK	3	0.005712669683257918	3	3
YDNEAIGLWLPLTK	3	0.007815335478719543	3	3
YEDEINK	2	0.0009142857142857143	3	3
YEELFPAFSDSR	2	0.000984251968503937	3	3
YGGQPVPNFPSK	2	0.0009142857142857143	3	3
YIGTGHADTTKWEWLVNQHR	3	0.009943860487338748	3	3
YITQNGDYQLR	3	0.00929140289973453	3	3
YLAVESPFLK	2	0.0009589399354894952	3	3
YNVLGAETVLNQMR	2	0.0010249608103219583	3	3
YVTGAC[+57.0215]C[+57.0215]LFLAGK	3	0.007307789901040345	3	3
YYFEGIK	2	0.003352403162919506	3	3
