peptideModSeq	precursorCharge	FileName	StartRT	EndRT	ApexRT	ApexIntensity	IntegratedArea
AAAEEQIKQLASVILK	3	Ste-2024-12-02_HeLa_4mz_sDIA_400-900_22	17.24702602155	17.493498533383	17.370202093883	0	4745.8037253937755
AAEIYGVTHTR	2	Ste-2024-12-02_HeLa_4mz_sDIA_400-900_21	6.8262069494	7.0100406958	6.9181498854	0	1624.2299559434869
AAGFKDPLLASGTDGVGTK	3	Ste-2024-12-02_HeLa_4mz_sDIA_400-900_21	12.2057954846	12.358412309883	12.26684706545	0	2417.9531160163287
AATENIPVVR	2	Ste-2024-12-02_HeLa_4mz_sDIA_400-900_21	9.20931321885	9.392872280367	9.331683773267	0	1947.2768057011315
AAVENLPTFLVELSR	3	Ste-2024-12-02_HeLa_4mz_sDIA_400-900_21	21.12930951865	21.3772582134	21.191276988883	0	7607.808857178572
AEVLWLMGAK	2	Ste-2024-12-02_HeLa_4mz_sDIA_400-900_21	16.8579001154	17.011618907167	16.950147563867	0	5484.5665096202165
AFPEHFTYEPNEADAAQGYR	3	Ste-2024-12-02_HeLa_4mz_sDIA_400-900_22	12.173539179067	12.417636776617	12.2956593099	0	1324.278390416875
AGEGTYALDSESC[+57.0215]MEK	2	Ste-2024-12-02_HeLa_4mz_sDIA_400-900_21	9.535656850433	9.78027449365	9.6579157259	0	1394.2951455400896
AGVNTVTTLVENKK	3	Ste-2024-12-02_HeLa_4mz_sDIA_400-900_21	9.985767516283	10.169176997083	10.1080137741	0	6408.896396765884
AHDPLADVSNDLGHSGR	3	Ste-2024-12-02_HeLa_4mz_sDIA_400-900_20	10.596015541033	10.809802107433	10.68757470345	0	5895.298374913997
AIEINPDSAQPYK	2	Ste-2024-12-02_HeLa_4mz_sDIA_400-900_21	10.71743357005	10.900723650467	10.7784544829	0	6415.992383988669
AIPSFLNSFNR	2	Ste-2024-12-02_HeLa_4mz_sDIA_400-900_21	16.462949833933	16.616534600767	16.555089936383	0	1748.542112963464
AKPAEAPAAAAPK	2	Ste-2024-12-02_HeLa_4mz_sDIA_400-900_21	4.338959133217	4.52359944445	4.462091674583	0	1607.1309478998166
ALDDISESIK	2	Ste-2024-12-02_HeLa_4mz_sDIA_400-900_22	11.152855597133	11.305420787783	11.24438365105	0	3393.516104855001
ALDELFEAIEQK	3	Ste-2024-12-02_HeLa_4mz_sDIA_400-900_22	19.06082791305	19.2461415827	19.12261070035	0	486.26554677520164
ALLESMVDAAENLC[+57.0215]PNVMK	3	Ste-2024-12-02_HeLa_4mz_sDIA_400-900_20	21.670150977983	21.825543003517	21.732228382067	0	283.2370132117684
ALQGLVWLKVC[+57.0215]DSC[+57.0215]HALLIQR	3	Ste-2024-12-02_HeLa_4mz_sDIA_400-900_22	16.7082791898	16.9853975224	16.800651183317	0	3544.6173002811365
ALQTVIEMKAAILQTEVDALR	3	Ste-2024-12-02_HeLa_4mz_sDIA_400-900_20	21.519117564733	21.7674368617	21.58110748565	0	2765.632400375968
ALWEDEGVR	2	Ste-2024-12-02_HeLa_4mz_sDIA_400-900_21	10.859126455433	10.98127673575	10.920190693583	0	5198.317358837551
AQAALAVNISAAR	2	Ste-2024-12-02_HeLa_4mz_sDIA_400-900_21	11.38326092825	11.50527292065	11.444252912517	0	2582.5484124905756
AQAEAQQPTFDALRDELR	3	Ste-2024-12-02_HeLa_4mz_sDIA_400-900_22	13.725756711567	13.8787473571	13.817585654133	0	5004.8843134536555
AQEEADYIEWLK	2	Ste-2024-12-02_HeLa_4mz_sDIA_400-900_20	16.245469712167	16.368414847317	16.306918892083	0	370.5291731784747
AQQEHQSLLEK	2	Ste-2024-12-02_HeLa_4mz_sDIA_400-900_20	5.107288799083	5.2606532853	5.168636748617	0	268.75020411573644
AQTAHIVLEDGTK	2	Ste-2024-12-02_HeLa_4mz_sDIA_400-900_21	7.47418459635	7.7190026465	7.5965883296	0	4197.402540869251
AQVARPGGDTIFGK	3	Ste-2024-12-02_HeLa_4mz_sDIA_400-900_21	9.0059326017	9.189363055433	9.067097961083	0	19603.354109256892
ASLLQNESTNEQLQIHYK	3	Ste-2024-12-02_HeLa_4mz_sDIA_400-900_22	12.078143353033	12.261294877117	12.1086744053	0	2512.766716718575
ATAGAYIASQTVK	2	Ste-2024-12-02_HeLa_4mz_sDIA_400-900_21	8.726475892217	8.910093754367	8.7876931567	0	9969.775812621361
AVDEAADALLKEVAGAK	3	Ste-2024-12-02_HeLa_4mz_sDIA_400-900_22	14.942173486117	15.187244350217	15.095436744083	0	1599.4244954320504
AVDEDPENQTLR	2	Ste-2024-12-02_HeLa_4mz_sDIA_400-900_21	7.443805788167	7.596828468667	7.50503898585	0	421.4721238632511
AVEVQGPSLESGDHGK	2	Ste-2024-12-02_HeLa_4mz_sDIA_400-900_21	7.848777494267	8.0019568227	7.94074415745	0	1386.6061162076303
AVIEHNLLSASK	3	Ste-2024-12-02_HeLa_4mz_sDIA_400-900_22	9.008413945867	9.161042316917	9.099994837683	0	2700.036857250094
AVLQEEQANLWFSK	2	Ste-2024-12-02_HeLa_4mz_sDIA_400-900_21	15.614476583	15.7678432301	15.706441056367	0	1118.8930065608372
AVSSAIAQLLGEVAQGNENYAGIAAR	3	Ste-2024-12-02_HeLa_4mz_sDIA_400-900_21	22.2179317013	22.4359850685	22.31129916365	0	1917.3336745934992
AWYGLGQTYEILK	3	Ste-2024-12-02_HeLa_4mz_sDIA_400-900_21	17.516522487633	17.639700971317	17.608898855567	0	317.820438977422
AYPEVLAQGR	2	Ste-2024-12-02_HeLa_4mz_sDIA_400-900_21	9.8830252615	10.096697958333	9.9440032612	0	2088.7019496442813
C[+57.0215]C[+57.0215]LTYC[+57.0215]FNKPEDK	3	Ste-2024-12-02_HeLa_4mz_sDIA_400-900_21	9.443480617567	9.688009531383	9.565742318883	0	26041.118653939488
C[+57.0215]EAVVADVLDK	2	Ste-2024-12-02_HeLa_4mz_sDIA_400-900_20	12.5638778498	12.747097391517	12.65544744475	0	19023.79575355687
C[+57.0215]FNTLTNSFQPSLLGR	3	Ste-2024-12-02_HeLa_4mz_sDIA_400-900_20	17.12912153985	17.313572913183	17.221406355633	0	1097.0845521061253
C[+57.0215]ITDPQTGLC[+57.0215]LLPLK	3	Ste-2024-12-02_HeLa_4mz_sDIA_400-900_21	18.107555872967	18.230797728483	18.1383661335	0	508.2026640416736
C[+57.0215]LDALAALR	2	Ste-2024-12-02_HeLa_4mz_sDIA_400-900_22	14.173200809183	14.356612123917	14.2648870998	0	3096.8697310054463
C[+57.0215]PLC[+57.0215]QESNFTR	2	Ste-2024-12-02_HeLa_4mz_sDIA_400-900_21	8.607928236167	8.730330136233	8.669130090683	0	228.61026533972608
DAGYGGISLAVEGPSK	2	Ste-2024-12-02_HeLa_4mz_sDIA_400-900_21	13.92591406275	14.109337089333	13.9871350442	0	8978.179837374744
DATNVAAAFEEAVR	2	Ste-2024-12-02_HeLa_4mz_sDIA_400-900_21	17.083514236367	17.237244259233	17.145093301767	0	1099.8240633166254
DC[+57.0215]LNVLNKELLVPLTSSMYVPGK	3	Ste-2024-12-02_HeLa_4mz_sDIA_400-900_20	19.886377434767	20.0714273088	20.009702220933	0	541.4250952872278
DC[+57.0215]LTESNLIK	2	Ste-2024-12-02_HeLa_4mz_sDIA_400-900_20	11.342151401517	11.555681749917	11.494645896083	0	5230.736359429613
DC[+57.0215]QIAHGAAQFLR	2	Ste-2024-12-02_HeLa_4mz_sDIA_400-900_21	12.000556985333	12.183676561783	12.092099223767	0	1418.6363081789598
DDEPVC[+57.0215]GRPLGIR	3	Ste-2024-12-02_HeLa_4mz_sDIA_400-900_22	9.59262112895	9.71485165485	9.623157193417	0	2133.8060949630217
DDTTLNALNTLHESGYDAGK	3	Ste-2024-12-02_HeLa_4mz_sDIA_400-900_21	13.83108845535	14.106200428583	13.98400434635	0	8433.559849689622
DDVIVTASNFSSER	2	Ste-2024-12-02_HeLa_4mz_sDIA_400-900_21	12.734833402233	12.856969302083	12.76537859415	0	711.2700047747755
DEGNEAVEAVLLESIHR	3	Ste-2024-12-02_HeLa_4mz_sDIA_400-900_21	17.56943118855	17.754284442617	17.63102751635	0	1676.3572597489342
DEPIHILNVAIK	2	Ste-2024-12-02_HeLa_4mz_sDIA_400-900_20	15.4905112527	15.705492181217	15.582626353933	0	4444.63580228058
DFIHTASISFLTPLR	2	Ste-2024-12-02_HeLa_4mz_sDIA_400-900_21	19.723972550217	19.878318447033	19.816622305483	0	377.2550588280916
DGDGTITTK	2	Ste-2024-12-02_HeLa_4mz_sDIA_400-900_21	3.86772130265	4.176095293883	3.960161442033	0	10982.93018958985
DGIDDESYEAIFKPVMSK	3	Ste-2024-12-02_HeLa_4mz_sDIA_400-900_21	17.049856981267	17.265103884233	17.172875962133	0	1661.9132850162446
DHLVTAYNHLFETK	3	Ste-2024-12-02_HeLa_4mz_sDIA_400-900_21	12.172854869933	12.35601016035	12.294991182333	0	9025.159036366003
DHSPDLYSLELAGLDEIGK	3	Ste-2024-12-02_HeLa_4mz_sDIA_400-900_20	19.166445763	19.351570031867	19.228121268417	0	1437.0540817225153
DHVYLQLHHLPPEQLATR	3	Ste-2024-12-02_HeLa_4mz_sDIA_400-900_22	11.407524147817	11.651964598783	11.560191874217	0	1597.7289152668613
DILVATDVAGR	2	Ste-2024-12-02_HeLa_4mz_sDIA_400-900_21	12.508747823833	12.692048226567	12.5698976359	0	9301.192110558522
DLEALMFDR	2	Ste-2024-12-02_HeLa_4mz_sDIA_400-900_21	17.59589202015	17.842311805667	17.7191430975	0	7122.335946700595
DLLFQALGR	2	Ste-2024-12-02_HeLa_4mz_sDIA_400-900_21	17.501354655583	17.7477883872	17.624533095217	0	2109.3221645842273
DMPLLSC[+57.0215]LESLR	2	Ste-2024-12-02_HeLa_4mz_sDIA_400-900_21	21.401573203233	21.711685795667	21.494613407767	0	1804.7577716410603
DMSPLSETEMALGK	2	Ste-2024-12-02_HeLa_4mz_sDIA_400-900_21	16.132104846667	16.31656112725	16.193582725683	0	3409.3547800650704
DMVC[+57.0215]NMLGLNK	2	Ste-2024-12-02_HeLa_4mz_sDIA_400-900_21	15.774478517833	15.866639136733	15.805210270033	0	2541.5942141034616
DNFQDTLQVVTAHYR	3	Ste-2024-12-02_HeLa_4mz_sDIA_400-900_20	15.622214291983	15.745051946783	15.683685442033	0	1275.1228958015363
DNTSVYHISGK	2	Ste-2024-12-02_HeLa_4mz_sDIA_400-900_21	6.6116366268	6.73426431075	6.672974556283	0	1574.4465454522956
DPSASNGGGSPAR	2	Ste-2024-12-02_HeLa_4mz_sDIA_400-900_22	3.0726488519	3.195543022917	3.1341037024	0	294.7061073621022
DPSQPQQWVSSQVLLC[+57.0215]K	3	Ste-2024-12-02_HeLa_4mz_sDIA_400-900_21	16.21900748545	16.4034709425	16.28051789895	0	979.1242996541478
DQLESVLEVLHR	2	Ste-2024-12-02_HeLa_4mz_sDIA_400-900_22	17.810802117467	18.057561652583	17.934169399267	0	967.5392058033134
DSDGDGRGDAC[+57.0215]K	2	Ste-2024-12-02_HeLa_4mz_sDIA_400-900_22	2.241620169733	2.42792041585	2.335173031333	0	1501.7513853889845
DSLSVNEFK	2	Ste-2024-12-02_HeLa_4mz_sDIA_400-900_21	10.949542957217	11.193693860167	11.071675567917	0	7115.337087363619
DTSFSGLSLEEYK	2	Ste-2024-12-02_HeLa_4mz_sDIA_400-900_21	15.087972617933	15.210425036	15.118592612217	0	1334.124145864674
DTSVEDALER	2	Ste-2024-12-02_HeLa_4mz_sDIA_400-900_21	10.280881919017	10.4640580247	10.341927700083	0	2412.9513471623063
DTVVEGLRVSMEVAAAK	2	Ste-2024-12-02_HeLa_4mz_sDIA_400-900_21	14.39198636585	14.576074617583	14.453369840783	0	1239.6762327487502
DVEGSTSPQIGDK	2	Ste-2024-12-02_HeLa_4mz_sDIA_400-900_21	6.982788696517	7.22784090225	7.105254135167	0	4278.501258442904
DVQNFPAATDEK	2	Ste-2024-12-02_HeLa_4mz_sDIA_400-900_22	8.747896799183	8.870095549233	8.808985507517	0	1111.727422835888
DVYLSLLRMYLSPPSIHC[+57.0215]LGPIK	3	Ste-2024-12-02_HeLa_4mz_sDIA_400-900_22	21.869406529367	21.993887838833	21.931724555483	0	88.50892251373602
EAC[+57.0215]PELDYFVVFSSVSC[+57.0215]GR	3	Ste-2024-12-02_HeLa_4mz_sDIA_400-900_21	20.845652802217	20.969198761517	20.876513762667	0	495.4831161444008
EAEVLLLQQR	2	Ste-2024-12-02_HeLa_4mz_sDIA_400-900_21	12.78557525845	12.9382389911	12.877163669533	0	1517.6128397206337
EAFAIVSVPVSEIR	3	Ste-2024-12-02_HeLa_4mz_sDIA_400-900_20	17.445114764017	17.691459600333	17.568261573667	0	225.00356015180353
EAHAQSIGMNR	3	Ste-2024-12-02_HeLa_4mz_sDIA_400-900_22	4.76497267825	4.94913355045	4.82641158895	0	5892.778862266484
EANFTVSSMHGDMPQK	3	Ste-2024-12-02_HeLa_4mz_sDIA_400-900_21	9.84243072015	10.025485413267	9.903495686617	0	10338.102045322265
EAQNDLEQVLR	2	Ste-2024-12-02_HeLa_4mz_sDIA_400-900_21	12.392286428933	12.544849106167	12.483778647733	0	2677.718759706515
EASFEYLQNEGER	2	Ste-2024-12-02_HeLa_4mz_sDIA_400-900_20	11.26191385415	11.44494402665	11.322935137617	0	1297.6127762641493
EATTDFTVDSR	2	Ste-2024-12-02_HeLa_4mz_sDIA_400-900_21	8.664066828017	8.84769501695	8.72526790225	0	13798.313923132488
EAYPDHTQFEK	3	Ste-2024-12-02_HeLa_4mz_sDIA_400-900_21	6.615969948967	6.799906804883	6.677311027683	0	4670.162021723884
EDEISLEDLIER	2	Ste-2024-12-02_HeLa_4mz_sDIA_400-900_20	18.1826841325	18.429143936117	18.305945405333	0	3720.689365307415
EDEQQQALQDIASR	3	Ste-2024-12-02_HeLa_4mz_sDIA_400-900_20	11.233094262283	11.416126493883	11.324622766667	0	3281.9693519267385
EDFLNIC[+57.0215]IEPDTISK	2	Ste-2024-12-02_HeLa_4mz_sDIA_400-900_21	18.17108895385	18.417562609583	18.3251584394	0	1127.9221715147369
EDIPSEK	2	Ste-2024-12-02_HeLa_4mz_sDIA_400-900_20	4.816380085583	4.969890101867	4.877766521833	0	4358.512068170691
EDISQGVHISVYR	3	Ste-2024-12-02_HeLa_4mz_sDIA_400-900_20	11.244829928233	11.4278601674	11.336392526533	0	2481.9434047660866
EEDQATLVEQVK	2	Ste-2024-12-02_HeLa_4mz_sDIA_400-900_20	9.607307867983	9.9738320969	9.9127280178	0	1809.8463900983138
EEFAVPENSSVQQFK	2	Ste-2024-12-02_HeLa_4mz_sDIA_400-900_21	12.6186467951	12.80194029045	12.710334860867	0	2821.2784549044623
EEGVFTVTPDTK	3	Ste-2024-12-02_HeLa_4mz_sDIA_400-900_20	11.13240789825	11.284959606817	11.19345642485	0	3192.671314129133
EEIPEEELAEDVEEIDHAER	3	Ste-2024-12-02_HeLa_4mz_sDIA_400-900_21	17.3641346391	17.610346433183	17.4872163209	0	3211.200726668044
EELVITPLPSGDVAATFQFR	3	Ste-2024-12-02_HeLa_4mz_sDIA_400-900_22	20.372646323317	20.650367978283	20.495992564217	0	2135.0700584999236
EFLVAGGEDFK	3	Ste-2024-12-02_HeLa_4mz_sDIA_400-900_20	13.418686697567	13.63265842675	13.540988118233	0	1473.8085164550025
EGNVPNIIIAGPPGTGK	3	Ste-2024-12-02_HeLa_4mz_sDIA_400-900_21	14.082216912067	14.326655523283	14.2043680744	0	2288.687147214641
EHMDEVC[+57.0215]SSQLLTSVR	3	Ste-2024-12-02_HeLa_4mz_sDIA_400-900_22	12.0735706087	12.195659386983	12.13461099945	0	2482.8616559855946
EHPDPGSKDPEEDYPK	3	Ste-2024-12-02_HeLa_4mz_sDIA_400-900_20	5.534289571433	5.718226682767	5.626292866033	0	4450.382321119737
EIC[+57.0215]AVSRFC[+57.0215]SNLC[+57.0215]LPK	3	Ste-2024-12-02_HeLa_4mz_sDIA_400-900_20	14.002134596733	14.154917723317	14.032716846417	0	8103.075471045102
EISNLNQLIEEFKK	3	Ste-2024-12-02_HeLa_4mz_sDIA_400-900_21	17.658462250433	17.843272891033	17.720104006483	0	733.739875914958
EKSDDILEEGEK	2	Ste-2024-12-02_HeLa_4mz_sDIA_400-900_22	7.129694084167	7.3133043354	7.2215401187	0	149.71063948813446
ELAQQIQK	2	Ste-2024-12-02_HeLa_4mz_sDIA_400-900_21	5.898601541467	6.08249758625	6.021148034917	0	43161.31634183878
ELC[+57.0215]GPWPSHQLLTNQLQR	3	Ste-2024-12-02_HeLa_4mz_sDIA_400-900_20	14.465241504333	14.710172738717	14.587645404417	0	1453.2094855899638
ELDFVSHHVR	3	Ste-2024-12-02_HeLa_4mz_sDIA_400-900_20	8.1668418657	8.350173622283	8.258521318933	0	5301.348417996708
ELEEAMAGER	2	Ste-2024-12-02_HeLa_4mz_sDIA_400-900_22	7.70277045405	7.916939627783	7.79454140975	0	5757.420393012871
ELLEPLFK	2	Ste-2024-12-02_HeLa_4mz_sDIA_400-900_22	16.165637282833	16.349985006333	16.288537673867	0	1607.0678500353763
ELLEQQGIDIK	3	Ste-2024-12-02_HeLa_4mz_sDIA_400-900_22	12.549843113033	12.70266749125	12.672149439367	0	3390.2868959826346
ELSTTLNADEAVTR	2	Ste-2024-12-02_HeLa_4mz_sDIA_400-900_22	10.890787484317	11.07406318625	10.9519004393	0	8567.349083992036
EMDDGLAEGGPQR	3	Ste-2024-12-02_HeLa_4mz_sDIA_400-900_21	8.164674224217	8.348196279667	8.256431390783	0	8675.31172389866
ENAGVDPTLAIPMIQK	2	Ste-2024-12-02_HeLa_4mz_sDIA_400-900_21	16.721738473983	16.906239959217	16.813990669333	0	1004.9542618123223
ENLELILTQSVENVGVR	3	Ste-2024-12-02_HeLa_4mz_sDIA_400-900_21	20.314390835133	20.468676071667	20.376026350683	0	1749.8817689539371
EPEVLSTMAIIVNK	2	Ste-2024-12-02_HeLa_4mz_sDIA_400-900_22	18.106992740883	18.353821714467	18.19955350555	0	2629.2201893825845
EPGIAGLMK	2	Ste-2024-12-02_HeLa_4mz_sDIA_400-900_20	12.066317124717	12.219065411533	12.12740859845	0	2227.333541254851
EQDLMC[+57.0215]IKIIDFIYTAK	3	Ste-2024-12-02_HeLa_4mz_sDIA_400-900_20	21.328963725183	21.639116068467	21.484075925933	0	2264.3419577523414
ERDFTSLENTVEER	2	Ste-2024-12-02_HeLa_4mz_sDIA_400-900_22	11.38546273905	11.568636913033	11.476915041867	0	536.5151300891782
ESEFDDEPK	2	Ste-2024-12-02_HeLa_4mz_sDIA_400-900_21	6.362642157117	6.546507008883	6.423927932983	0	7335.586113273502
ESENLASGDQPR	2	Ste-2024-12-02_HeLa_4mz_sDIA_400-900_21	5.38728387155	5.602196524017	5.479446316783	0	831.5553195037892
ESLEALLQR	2	Ste-2024-12-02_HeLa_4mz_sDIA_400-900_21	14.554644508917	14.738503896533	14.615882640867	0	12244.684365772599
ESNEEEQVWHFLGK	2	Ste-2024-12-02_HeLa_4mz_sDIA_400-900_21	15.5245909701	15.708609815417	15.585971107133	0	1054.6677015185826
ESTTSEQSAR	2	Ste-2024-12-02_HeLa_4mz_sDIA_400-900_20	2.237670480517	2.42436268695	2.39337139225	0	1045.9725128715024
ETADAITK	2	Ste-2024-12-02_HeLa_4mz_sDIA_400-900_20	4.509887205783	4.632953614783	4.57135125965	0	6516.678898740204
ETLPNVR	2	Ste-2024-12-02_HeLa_4mz_sDIA_400-900_21	7.518760424033	7.64115884195	7.579973194217	0	4532.130721280186
ETSSLQELEAQK	2	Ste-2024-12-02_HeLa_4mz_sDIA_400-900_21	9.61577065055	9.768672273967	9.707503492417	0	510.6890828985594
EVC[+57.0215]PSAIDPEDGEK	2	Ste-2024-12-02_HeLa_4mz_sDIA_400-900_21	9.162649517317	9.31552764585	9.22378266645	0	375.3885326264155
EVLPALENNKIIETLTQQLQAK	3	Ste-2024-12-02_HeLa_4mz_sDIA_400-900_20	21.677894208633	21.802212282967	21.7088955904	0	525.8160815984072
EVSDFIQDSGQIK	2	Ste-2024-12-02_HeLa_4mz_sDIA_400-900_20	12.479753325817	12.662908638067	12.54081738615	0	7252.838898416296
EYEPEMGKVDQSILTGESVSVIK	3	Ste-2024-12-02_HeLa_4mz_sDIA_400-900_22	16.002478125217	16.3404539732	16.063857486033	0	1966.7997814972714
EYNALVAQGVR	2	Ste-2024-12-02_HeLa_4mz_sDIA_400-900_21	10.0085938964	10.1308853952	10.06973599555	0	1640.0165963760505
EYQDLLNVK	2	Ste-2024-12-02_HeLa_4mz_sDIA_400-900_21	12.294991182333	12.5390734704	12.417003495283	0	78871.01820584714
FAELVYTGFWHSPEC[+57.0215]EFVR	3	Ste-2024-12-02_HeLa_4mz_sDIA_400-900_21	18.349479790883	18.5034505704	18.441852440483	0	766.2246780479077
FFPASFPNR	2	Ste-2024-12-02_HeLa_4mz_sDIA_400-900_22	13.0147097875	13.44212990225	13.228331597783	0	84152.41680983103
FGIQAQMVTTDFQK	2	Ste-2024-12-02_HeLa_4mz_sDIA_400-900_21	14.938792442917	15.122691542083	15.0001434513	0	6171.802069111456
FGNQADHFLGSLAFAK	3	Ste-2024-12-02_HeLa_4mz_sDIA_400-900_21	15.813877598	15.998310768667	15.8753097904	0	2295.513556712824
FLAAGTHLGGTNLDFQMEQYIYK	3	Ste-2024-12-02_HeLa_4mz_sDIA_400-900_21	17.615164472867	17.861576284083	17.738410684067	0	4306.13345745565
FLELVQLK	2	Ste-2024-12-02_HeLa_4mz_sDIA_400-900_21	16.177928640033	16.39311670645	16.27016327525	0	1293.7850077936841
FLENPDLSQTEEK	3	Ste-2024-12-02_HeLa_4mz_sDIA_400-900_22	10.693273696167	10.906904285533	10.815317144683	0	3829.062271511753
FLIC[+57.0215]TDVAAR	2	Ste-2024-12-02_HeLa_4mz_sDIA_400-900_21	13.12040797995	13.303676341233	13.181489442217	0	14244.407941712088
FLLDTNK	2	Ste-2024-12-02_HeLa_4mz_sDIA_400-900_21	10.669151594767	10.85239475175	10.760661254833	0	9011.992095764104
FLLNNDKYVALTSLLK	3	Ste-2024-12-02_HeLa_4mz_sDIA_400-900_22	19.316970829233	19.502295086017	19.4714165904	0	2245.336996147773
FLSAEEYQQKMFSSTDR	3	Ste-2024-12-02_HeLa_4mz_sDIA_400-900_21	12.546775396067	12.852154331633	12.76056746145	0	1078.9807251488683
FNPETDYLTGTDGKK	3	Ste-2024-12-02_HeLa_4mz_sDIA_400-900_21	10.2364617084	10.3585419253	10.2669846134	0	2716.2444948212133
FSNTGEDWYVLVGVAK	2	Ste-2024-12-02_HeLa_4mz_sDIA_400-900_21	18.38652928215	18.571361390667	18.4481150843	0	1400.6080770499925
FSTGTLSNTADAR	2	Ste-2024-12-02_HeLa_4mz_sDIA_400-900_21	8.94238488195	9.0646882467	9.034125869433	0	2971.013612520332
FTITPPTAQVVGVLK	3	Ste-2024-12-02_HeLa_4mz_sDIA_400-900_21	17.548278981867	17.794695841117	17.67147807025	0	794.0108873742109
FTLRDEGK	2	Ste-2024-12-02_HeLa_4mz_sDIA_400-900_22	5.984212104617	6.106721007717	6.04544139485	0	1086.6061899535443
GAGSIAGASASPK	2	Ste-2024-12-02_HeLa_4mz_sDIA_400-900_22	5.374664360433	5.49737730895	5.436062530317	0	1676.6414815304888
GAVGATIGGVAWIGGK	3	Ste-2024-12-02_HeLa_4mz_sDIA_400-900_22	15.502648935	15.594696762233	15.5639960599	0	1018.8003276548536
GDEC[+57.0215]ILKTIADLELHYQEFIR	3	Ste-2024-12-02_HeLa_4mz_sDIA_400-900_22	22.928021181267	23.021937661367	22.9593199273	0	295.6987238594126
GDSHLNVQVSNFK	2	Ste-2024-12-02_HeLa_4mz_sDIA_400-900_21	9.6487409421	9.83227283885	9.709913223233	0	964.3838618430178
GDTPGHATPGHGGATSSAR	3	Ste-2024-12-02_HeLa_4mz_sDIA_400-900_21	2.784622078117	2.969524878833	2.84627819085	0	1717.4830094819379
GEPLHIINSSNVTDEPLLK	3	Ste-2024-12-02_HeLa_4mz_sDIA_400-900_22	14.6132097938	14.735824906867	14.674520646517	0	848.8882542405956
GFVLYPVK	2	Ste-2024-12-02_HeLa_4mz_sDIA_400-900_20	13.6851050077	13.8685491169	13.7462509612	0	3465.1303370259325
GGAEVQIFAPDVPQMHVIDHTK	3	Ste-2024-12-02_HeLa_4mz_sDIA_400-900_20	14.928993430017	15.08232903415	15.021003216567	0	954.8523446122537
GGAVVDEGPTGVK	2	Ste-2024-12-02_HeLa_4mz_sDIA_400-900_21	7.254149101983	7.437786301833	7.315363171167	0	6917.656887398002
GGTLLSVTGEVEPR	2	Ste-2024-12-02_HeLa_4mz_sDIA_400-900_21	13.525127372333	13.769663137217	13.616832959883	0	5643.178025116529
GILDALLQTAR	2	Ste-2024-12-02_HeLa_4mz_sDIA_400-900_21	20.496429864417	20.68169667375	20.558199731567	0	4743.737648484831
GILTVDELLAIR	2	Ste-2024-12-02_HeLa_4mz_sDIA_400-900_21	20.531641686633	20.716962384417	20.624285673933	0	5189.800710520519
GIVEFSGK	2	Ste-2024-12-02_HeLa_4mz_sDIA_400-900_21	9.263515890217	9.447029920783	9.35531782765	0	17300.73093871353
GIYFADMVSK	2	Ste-2024-12-02_HeLa_4mz_sDIA_400-900_21	14.403377572317	14.587405200517	14.495512391633	0	5201.224363260299
GLGTDEDAIISVLAYR	2	Ste-2024-12-02_HeLa_4mz_sDIA_400-900_21	19.894702268733	20.079876096167	19.956457136383	0	1610.9830513485915
GLGTDEDSLIEIIC[+57.0215]SR	3	Ste-2024-12-02_HeLa_4mz_sDIA_400-900_21	19.372833669033	19.5578632172	19.434494340867	0	44250.40764658214
GNFVPQGWVLPPLPSNDIWATAVK	3	Ste-2024-12-02_HeLa_4mz_sDIA_400-900_20	22.146880518433	22.33378778625	22.302629034633	0	335.56383944168977
GNIIGYSQVDK	2	Ste-2024-12-02_HeLa_4mz_sDIA_400-900_21	9.794200835167	9.885916700467	9.824796845517	0	2647.6143201131026
GNNVLYISTQK	2	Ste-2024-12-02_HeLa_4mz_sDIA_400-900_21	10.131368482733	10.3145255402	10.25349493055	0	4167.504811124833
GPPGPESQSR	2	Ste-2024-12-02_HeLa_4mz_sDIA_400-900_20	3.406865578483	3.5603396024	3.468249299867	0	1888.1634994919787
GPPHLQIRPPSQDLK	2	Ste-2024-12-02_HeLa_4mz_sDIA_400-900_22	9.766309721167	10.041169791	9.857929680883	0	746.5391220042779
GPTPEEAIQK	2	Ste-2024-12-02_HeLa_4mz_sDIA_400-900_21	6.54578298515	6.852265959683	6.729686863783	0	12683.025670430341
GQGLWVSLKMGFPEIILPGDVR	3	Ste-2024-12-02_HeLa_4mz_sDIA_400-900_22	21.088079845967	21.460171347583	21.398099763417	0	1012.8735460954772
GSLAALYDLAVLK	2	Ste-2024-12-02_HeLa_4mz_sDIA_400-900_22	19.782964355267	20.029503907567	19.906246702867	0	1037.8119143017984
GTEIGVLAK	2	Ste-2024-12-02_HeLa_4mz_sDIA_400-900_21	9.326130662783	9.479030798283	9.41791015255	0	3286.8350088673624
GVQQDEALQLPK	2	Ste-2024-12-02_HeLa_4mz_sDIA_400-900_22	11.037742585933	11.1903445895	11.12929984755	0	2802.404210386301
HASSGSFLPSANEHLK	3	Ste-2024-12-02_HeLa_4mz_sDIA_400-900_20	8.316256338383	8.560743280867	8.438441901633	0	5387.827763240412
HGAEVIDTPVFELKDQGGELLSLR	3	Ste-2024-12-02_HeLa_4mz_sDIA_400-900_20	17.45210337055	17.575250927867	17.513678564167	0	220.61092907041643
HGLVPFAFVR	2	Ste-2024-12-02_HeLa_4mz_sDIA_400-900_21	15.108486900333	15.2922744316	15.169707479633	0	1469.1057529723907
HLAC[+57.0215]LPR	2	Ste-2024-12-02_HeLa_4mz_sDIA_400-900_20	6.13618643865	6.258771202867	6.197447391567	0	2930.9395674724055
HLATSDMLAAASK	3	Ste-2024-12-02_HeLa_4mz_sDIA_400-900_21	9.570515186667	9.753971087533	9.6621958298	0	4635.266160912334
HLLVSNVGGDGEEIER	2	Ste-2024-12-02_HeLa_4mz_sDIA_400-900_21	10.2071518296	10.390291728783	10.298684726433	0	1416.3445512456867
HLSPYATLTVGDSSHK	2	Ste-2024-12-02_HeLa_4mz_sDIA_400-900_20	9.080752335333	9.202799944783	9.141794226133	0	1503.5306988085933
HMNSAGVLATLR	3	Ste-2024-12-02_HeLa_4mz_sDIA_400-900_21	10.407081068817	10.529153273883	10.468146317433	0	2561.5015276265995
HNEFDFISGTR	2	Ste-2024-12-02_HeLa_4mz_sDIA_400-900_21	12.117813330333	12.300995017817	12.17886082255	0	1382.9080082164671
HPSTNSLLR	2	Ste-2024-12-02_HeLa_4mz_sDIA_400-900_20	5.926693206783	6.11037752315	5.987870676017	0	1856.324677120459
HSC[+57.0215]VESLFLVRVLNSNPPPIIK	3	Ste-2024-12-02_HeLa_4mz_sDIA_400-900_21	18.660425864133	18.8452909639	18.72201423295	0	1694.6024431572064
HSELLQKNVESFASMLR	3	Ste-2024-12-02_HeLa_4mz_sDIA_400-900_21	15.57368645835	15.757722766067	15.66564647365	0	2475.135570582799
HSFFSTIDWNK	3	Ste-2024-12-02_HeLa_4mz_sDIA_400-900_21	14.030268953433	14.274637400283	14.213512620233	0	2628.6016806200296
HSQEELLQR	2	Ste-2024-12-02_HeLa_4mz_sDIA_400-900_22	5.9283109989	6.050739230467	5.989501019367	0	1887.7876140016313
HSVDGESLSSELQQLGLPK	3	Ste-2024-12-02_HeLa_4mz_sDIA_400-900_21	16.588202694333	16.834132305783	16.6803848462	0	4557.199491903565
HVGMAVAGLLADAR	2	Ste-2024-12-02_HeLa_4mz_sDIA_400-900_21	13.921577571817	14.1660848574	14.043984526767	0	11173.990035672667
HVLALTGC[+57.0215]GPGR	3	Ste-2024-12-02_HeLa_4mz_sDIA_400-900_20	8.58244244615	8.826962567683	8.704700877517	0	9735.828437070153
HVVAVVLGDVGR	3	Ste-2024-12-02_HeLa_4mz_sDIA_400-900_22	11.663529684283	11.75508847295	11.724607262717	0	2680.80217853817
HWQEITFNLPVK	2	Ste-2024-12-02_HeLa_4mz_sDIA_400-900_22	15.613340752017	15.736133454383	15.644036188133	0	4060.7207696102455
IADQLEELNK	2	Ste-2024-12-02_HeLa_4mz_sDIA_400-900_21	10.343129837067	10.49578170275	10.4347277025	0	3648.826053517271
IAMENDDGRTEEEK	2	Ste-2024-12-02_HeLa_4mz_sDIA_400-900_22	5.1154096829	5.299567995083	5.238175774733	0	366.0562676831513
IAQLEEQLDNETK	2	Ste-2024-12-02_HeLa_4mz_sDIA_400-900_21	10.87284269055	11.117085688417	10.99499119665	0	7930.588882658766
IASQELGPAVDK	3	Ste-2024-12-02_HeLa_4mz_sDIA_400-900_20	8.704461550183	8.857278927383	8.7961805425	0	8766.584246468296
IAVSNLHK	2	Ste-2024-12-02_HeLa_4mz_sDIA_400-900_20	5.646582011717	5.799819554817	5.70787963245	0	2722.73164114067
IDASQTEFEKNVWSFLK	3	Ste-2024-12-02_HeLa_4mz_sDIA_400-900_21	17.6652107951	17.788431707	17.726853886417	0	1290.6715869520092
IDMC[+57.0215]PANILQETLKK	3	Ste-2024-12-02_HeLa_4mz_sDIA_400-900_20	16.06943798535	16.192437642233	16.130961831733	0	2704.6346548046995
IDMNLTDLLGELQR	2	Ste-2024-12-02_HeLa_4mz_sDIA_400-900_21	22.558151561183	22.745433432883	22.651760592133	0	1904.1056915332658
IDMNLTDLLGELQR	3	Ste-2024-12-02_HeLa_4mz_sDIA_400-900_20	22.548784940267	22.79859745315	22.673657829417	0	194.0849218788233
IDTEILPSLFMR	2	Ste-2024-12-02_HeLa_4mz_sDIA_400-900_21	21.153559556983	21.401573203233	21.246443065783	0	3318.841793664118
IEEQSQSEK	2	Ste-2024-12-02_HeLa_4mz_sDIA_400-900_21	2.455842538167	2.579443120183	2.517659270633	0	388.09058181062
IEGEGSVLQAK	2	Ste-2024-12-02_HeLa_4mz_sDIA_400-900_21	8.17117392305	8.29351792565	8.232364750267	0	2119.3906721309972
IEYVTVTPEGFR	2	Ste-2024-12-02_HeLa_4mz_sDIA_400-900_21	14.22819260915	14.41180084605	14.289319827417	0	4507.138548745208
IGIPEFK	2	Ste-2024-12-02_HeLa_4mz_sDIA_400-900_22	12.792558880767	13.036787839517	12.9452018221	0	6948.136712893792
IGLDFC[+57.0215]K	2	Ste-2024-12-02_HeLa_4mz_sDIA_400-900_21	11.82896738535	12.07309492955	11.981552180933	0	2690.2095998197897
IIDDSEITK	2	Ste-2024-12-02_HeLa_4mz_sDIA_400-900_21	8.260039566633	8.504810575217	8.382404899033	0	22558.777438690606
IIVEGGGAVAALQAMK	3	Ste-2024-12-02_HeLa_4mz_sDIA_400-900_21	15.549015451467	15.763747926067	15.64105502905	0	3338.087922695167
ILDNVSLPLVLELPVKLK	3	Ste-2024-12-02_HeLa_4mz_sDIA_400-900_21	21.429493971383	21.739583780733	21.584405905867	0	1791.9434719612193
ILETTTFFQR	2	Ste-2024-12-02_HeLa_4mz_sDIA_400-900_21	14.223370821267	14.437687276367	14.345688790617	0	3505.3806063982606
ILHVDNHIGISIAGLTADAR	3	Ste-2024-12-02_HeLa_4mz_sDIA_400-900_22	15.0423982094	15.31802559035	15.226090304783	0	1904.3054546169137
ILQEYITQEGHK	2	Ste-2024-12-02_HeLa_4mz_sDIA_400-900_21	9.267604279917	9.389977007417	9.328785693583	0	1621.0134299919864
IMQQETSVPTLK	3	Ste-2024-12-02_HeLa_4mz_sDIA_400-900_22	10.4455493144	10.659164909033	10.537085268917	0	37531.188440369624
IMSTPGGEEAIER	2	Ste-2024-12-02_HeLa_4mz_sDIA_400-900_21	9.06613323735	9.2495446703	9.096685018433	0	721.8697575785566
IPPC[+57.0215]ISNWK	2	Ste-2024-12-02_HeLa_4mz_sDIA_400-900_20	11.49224562405	11.736632415217	11.6755839486	0	6623.112548043672
IPVPQQVAR	2	Ste-2024-12-02_HeLa_4mz_sDIA_400-900_22	8.82964302725	8.98242587815	8.921387603917	0	1819.6522525708817
IQELENLPGSLAGDLR	2	Ste-2024-12-02_HeLa_4mz_sDIA_400-900_22	16.9875688405	17.233862986133	17.1106879855	0	1910.9446075988894
IQQLQEILQDLQKR	2	Ste-2024-12-02_HeLa_4mz_sDIA_400-900_21	17.615405785633	17.861817621217	17.67702064045	0	1478.4351855790026
IQRPPEDSIQPYEK	2	Ste-2024-12-02_HeLa_4mz_sDIA_400-900_22	8.30072835955	8.484061075267	8.422982375483	0	751.778182722983
ISALALLK	2	Ste-2024-12-02_HeLa_4mz_sDIA_400-900_21	14.854040198133	15.03793453075	14.915208166717	0	6175.407003052862
ITC[+57.0215]LC[+57.0215]QVPQNAANR	2	Ste-2024-12-02_HeLa_4mz_sDIA_400-900_21	9.226697192167	9.41023311935	9.28784736755	0	31964.59448141455
ITQNNAMK	2	Ste-2024-12-02_HeLa_4mz_sDIA_400-900_22	3.249234965017	3.371851445767	3.341174406117	0	2894.7784877192926
IVLELFADIVPK	2	Ste-2024-12-02_HeLa_4mz_sDIA_400-900_22	22.278881548983	22.434809090017	22.372396376867	0	406.9587351276567
IYIGDDNPLTLIVK	2	Ste-2024-12-02_HeLa_4mz_sDIA_400-900_21	20.3232869763	20.570229330383	20.4158051058	0	1035.7976651204538
IYQIYEGTSQIQR	2	Ste-2024-12-02_HeLa_4mz_sDIA_400-900_21	11.332607719167	11.546150036383	11.454605639867	0	1182.1720844476986
KADC[+57.0215]TITMADSDFLALMTGK	3	Ste-2024-12-02_HeLa_4mz_sDIA_400-900_21	19.733364062583	19.918590911067	19.826011068017	0	1753.6388983917682
KADIDLTK	2	Ste-2024-12-02_HeLa_4mz_sDIA_400-900_20	5.616434501067	5.8003013166	5.70836313605	0	4390.890010419379
KEALLQISIPFLLK	3	Ste-2024-12-02_HeLa_4mz_sDIA_400-900_22	19.621054850667	19.775276117567	19.6827923388	0	291.5322886917599
KEDGSEVGVGGAQVTGSNTR	3	Ste-2024-12-02_HeLa_4mz_sDIA_400-900_20	6.639183683567	6.731078651567	6.700472466633	0	971.7936721493428
KIEEVETWLK	2	Ste-2024-12-02_HeLa_4mz_sDIA_400-900_21	11.902723427917	12.024811270517	11.994292716683	0	1303.6717606567872
KPQDQLVIER	2	Ste-2024-12-02_HeLa_4mz_sDIA_400-900_21	7.43899179635	7.653202166667	7.530805679283	0	46861.200361602176
KPYPDDENLVEVK	3	Ste-2024-12-02_HeLa_4mz_sDIA_400-900_21	9.621308934467	9.804823803217	9.713041991983	0	5153.685342217738
LALNQISQISMK	3	Ste-2024-12-02_HeLa_4mz_sDIA_400-900_21	14.74714280905	14.900243223567	14.839031062917	0	979.843945278542
LANIDEEMLQK	2	Ste-2024-12-02_HeLa_4mz_sDIA_400-900_21	11.9645020246	12.086557015233	12.0255296708	0	4067.776437477013
LASTEQTELLASK	2	Ste-2024-12-02_HeLa_4mz_sDIA_400-900_21	10.3190993696	10.56327185165	10.410688755233	0	348.9584444581601
LC[+57.0215]GDTSLNNMQR	2	Ste-2024-12-02_HeLa_4mz_sDIA_400-900_21	8.149028492117	8.332540023367	8.2713545948	0	3210.079808612503
LDQILLNGNNITMLVPGGEGPEV	3	Ste-2024-12-02_HeLa_4mz_sDIA_400-900_21	22.4323308217	22.58836900115	22.494732123133	0	1131.251926827364
LEELTNR	2	Ste-2024-12-02_HeLa_4mz_sDIA_400-900_21	6.233502426117	6.35613951395	6.29482657465	0	4059.8571856683793
LEGFHTQISK	2	Ste-2024-12-02_HeLa_4mz_sDIA_400-900_21	8.018821377833	8.233087420167	8.0800702414	0	2016.6830946333512
LEGHELPADLPPHLVPPSK	3	Ste-2024-12-02_HeLa_4mz_sDIA_400-900_20	12.324098003033	12.568205296967	12.446106643717	0	1365.8740319233443
LEGIITR	2	Ste-2024-12-02_HeLa_4mz_sDIA_400-900_21	8.86505472485	9.017984689533	8.9568080438	0	9079.801161794137
LENTEDIEEVEQHIQTIK	3	Ste-2024-12-02_HeLa_4mz_sDIA_400-900_20	15.261392540983	15.414601760383	15.35331652405	0	1839.3642993445537
LENWITSLAESQLQTR	3	Ste-2024-12-02_HeLa_4mz_sDIA_400-900_21	19.4188426076	19.603907638067	19.542212381883	0	1928.143385214279
LEQEIATYR	2	Ste-2024-12-02_HeLa_4mz_sDIA_400-900_21	8.446204174517	8.629838553483	8.507460733533	0	146304.3011039857
LESEGSPETLTNLRK	2	Ste-2024-12-02_HeLa_4mz_sDIA_400-900_22	9.2605446479	9.382767966483	9.321661097267	0	214.63960951805927
LFEGNALLR	2	Ste-2024-12-02_HeLa_4mz_sDIA_400-900_21	13.422074603	13.605532441467	13.5138114735	0	193343.70231407983
LFELLEK	2	Ste-2024-12-02_HeLa_4mz_sDIA_400-900_21	15.07041682605	15.25418675935	15.162252230333	0	6143.988200296879
LFLLEEITSEELK	3	Ste-2024-12-02_HeLa_4mz_sDIA_400-900_22	21.55174359545	21.707122831667	21.613846337533	0	508.0482393572501
LFPSASATEAIQR	2	Ste-2024-12-02_HeLa_4mz_sDIA_400-900_21	11.7840730594	11.906093792667	11.875575674733	0	883.1902799778795
LFVLLPEQSPVSYSK	2	Ste-2024-12-02_HeLa_4mz_sDIA_400-900_22	17.788185381483	18.004056582467	17.880680072917	0	1932.238220487343
LGQHVVGMAPLSVGSLDDEPGGEAETK	3	Ste-2024-12-02_HeLa_4mz_sDIA_400-900_21	14.3620607629	14.546202551233	14.454090606583	0	1869.7207985099978
LIDEVIEDTR	2	Ste-2024-12-02_HeLa_4mz_sDIA_400-900_21	12.48040585835	12.663653145433	12.541476185783	0	6561.695524770286
LIDFLESGK	2	Ste-2024-12-02_HeLa_4mz_sDIA_400-900_21	14.706648465417	14.890385684033	14.82915972685	0	45948.767623272775
LIIVEGC[+57.0215]QR	2	Ste-2024-12-02_HeLa_4mz_sDIA_400-900_21	9.729640502383	9.882546500333	9.821423087533	0	7035.572672470139
LISLLNEK	2	Ste-2024-12-02_HeLa_4mz_sDIA_400-900_21	12.7776448481	12.960859596633	12.838690766783	0	9065.525518295039
LLAELPASVHALTGVDLSK	3	Ste-2024-12-02_HeLa_4mz_sDIA_400-900_21	17.601431972683	17.847848932383	17.724682646483	0	6501.738676348726
LLANMVYQYK	3	Ste-2024-12-02_HeLa_4mz_sDIA_400-900_21	13.18389416365	13.3671912373	13.245019087817	0	5234.191008656061
LLDWLVDRWQSLVLTIR	3	Ste-2024-12-02_HeLa_4mz_sDIA_400-900_20	22.94856189345	23.230436775417	22.94856189345	0	288.67181777972263
LLGPGPAADFSVSVER	3	Ste-2024-12-02_HeLa_4mz_sDIA_400-900_20	15.3890200063	15.511696566883	15.4503294749	0	1691.200494840983
LLGSLYALGIPK	3	Ste-2024-12-02_HeLa_4mz_sDIA_400-900_20	17.714082890833	17.929686185283	17.806497622883	0	4454.589340398135
LLLEQAANEIWESIK	2	Ste-2024-12-02_HeLa_4mz_sDIA_400-900_22	21.681916901617	21.931004782317	21.837473694717	0	2001.8114229882433
LLQESYK	2	Ste-2024-12-02_HeLa_4mz_sDIA_400-900_21	6.846724883433	7.030529805133	6.969300120317	0	6436.018641948463
LLSPSILKPFPLWTGK	2	Ste-2024-12-02_HeLa_4mz_sDIA_400-900_22	19.9201816253	20.166825556183	20.1051497652	0	1242.6543270285256
LLVVTDPR	2	Ste-2024-12-02_HeLa_4mz_sDIA_400-900_21	10.427033591917	10.610056832533	10.48809182355	0	377910.7747172886
LMAFTLQDLVC[+57.0215]LK	2	Ste-2024-12-02_HeLa_4mz_sDIA_400-900_21	22.97746098475	23.32196140865	23.008782147283	0	247.7539426622848
LNQDVLLVNESK	2	Ste-2024-12-02_HeLa_4mz_sDIA_400-900_20	11.8663753109	12.049516059533	11.89689725495	0	1883.1141438260115
LNQIMVGTGNGLAK	2	Ste-2024-12-02_HeLa_4mz_sDIA_400-900_21	11.418566076033	11.54061291675	11.4795613103	0	1044.9099069252727
LPEAGSLWLLK	3	Ste-2024-12-02_HeLa_4mz_sDIA_400-900_21	18.0491698884	18.264889983283	18.172425831267	0	712.1944326414805
LPEEPITR	2	Ste-2024-12-02_HeLa_4mz_sDIA_400-900_21	8.25763761605	8.441147401233	8.318816841233	0	7243.306412400126
LPGEAPVIQR	2	Ste-2024-12-02_HeLa_4mz_sDIA_400-900_21	9.42369488215	9.576530530033	9.515379721833	0	6488.912719350423
LPLATIVKDLVAQAPLK	2	Ste-2024-12-02_HeLa_4mz_sDIA_400-900_21	22.638565147433	23.013701849967	22.794684522733	0	440.83838189162935
LPLWQQAC[+57.0215]ADPSK	2	Ste-2024-12-02_HeLa_4mz_sDIA_400-900_21	13.039469783933	13.161523497833	13.100488980383	0	1969.9700886334592
LPNVPSSSLPAQPNR	2	Ste-2024-12-02_HeLa_4mz_sDIA_400-900_21	11.057522495567	11.2710767439	11.17953147255	0	654.4190125349484
LPPVLANLMGSMGAGK	3	Ste-2024-12-02_HeLa_4mz_sDIA_400-900_21	21.002298871867	21.250046226417	21.1571676281	0	293.0278394806395
LPQTSDDEK	2	Ste-2024-12-02_HeLa_4mz_sDIA_400-900_21	4.087421108283	4.3341394445	4.210808833033	0	7151.520991036001
LPVDLAEELGHR	3	Ste-2024-12-02_HeLa_4mz_sDIA_400-900_21	13.706565599367	13.8900342239	13.767733216467	0	12461.532504343504
LQESPC[+57.0215]IFALTPR	2	Ste-2024-12-02_HeLa_4mz_sDIA_400-900_21	15.8254278674	16.04060053465	15.948366179383	0	804.8872724541061
LQQTQNQVDEVVDIMR	3	Ste-2024-12-02_HeLa_4mz_sDIA_400-900_21	15.633591436433	15.8177212919	15.694874316283	0	1298.7395543998864
LQQTQSLHSLR	2	Ste-2024-12-02_HeLa_4mz_sDIA_400-900_20	6.56517410405	6.748953086733	6.6264267909	0	1754.906069102215
LQVLSLSHC[+57.0215]ELITDDGIR	3	Ste-2024-12-02_HeLa_4mz_sDIA_400-900_21	16.251214207567	16.43557997015	16.343432074217	0	3180.4355192397475
LQWFEQQAK	2	Ste-2024-12-02_HeLa_4mz_sDIA_400-900_20	12.013214132533	12.165898016683	12.0742512405	0	3435.1487002549493
LSDQFHDILIR	3	Ste-2024-12-02_HeLa_4mz_sDIA_400-900_21	13.24838489515	13.370565508617	13.3094455637	0	15409.966612916505
LSGLEQPQGALQTR	2	Ste-2024-12-02_HeLa_4mz_sDIA_400-900_21	10.536138294833	10.719118012417	10.59711191545	0	2414.447889860301
LSLDGQNIYNAC[+57.0215]C[+57.0215]TLR	3	Ste-2024-12-02_HeLa_4mz_sDIA_400-900_22	14.15057166095	14.39518326055	14.242278472967	0	6707.126336447391
LSTGC[+57.0215]TGTLVAEK	2	Ste-2024-12-02_HeLa_4mz_sDIA_400-900_21	8.697561380017	8.911779656083	8.850587830967	0	1658.1856405080737
LTDC[+57.0215]VVMRDPASK	3	Ste-2024-12-02_HeLa_4mz_sDIA_400-900_21	8.610346916683	8.7939600721	8.671551593633	0	19907.67248747223
LTIIPQDPILFSGSLR	2	Ste-2024-12-02_HeLa_4mz_sDIA_400-900_21	20.39096447775	20.5762563644	20.452716946783	0	502.10980992795385
LVAAGSYQR	2	Ste-2024-12-02_HeLa_4mz_sDIA_400-900_20	5.9859503973	6.139070186167	6.077859367383	0	2145.113937505414
LVAIVDPHIK	2	Ste-2024-12-02_HeLa_4mz_sDIA_400-900_21	11.22635532585	11.348455175133	11.2568549	0	4082.0570514508418
LVEVIPEGAMLR	3	Ste-2024-12-02_HeLa_4mz_sDIA_400-900_20	15.612591627067	15.889052929833	15.735436535033	0	3523.6199610267777
LVHSAVDVPTIQEK	2	Ste-2024-12-02_HeLa_4mz_sDIA_400-900_22	9.91438248535	10.097687698933	10.036567749867	0	2739.01960237704
LVTPHGESEQIGVIPSK	2	Ste-2024-12-02_HeLa_4mz_sDIA_400-900_21	10.270146307533	10.392235300333	10.361693846167	0	237.90574858594465
LWNLLMPTKGLLLDC[+57.0215]NVALTLK	3	Ste-2024-12-02_HeLa_4mz_sDIA_400-900_22	22.209131296633	22.396152231967	22.333752359117	0	516.0856460758711
LWSPDEEVSPEVLAK	3	Ste-2024-12-02_HeLa_4mz_sDIA_400-900_21	15.462313958433	15.676962831433	15.615680155383	0	1113.7627972134721
MELLAHLLGEK	2	Ste-2024-12-02_HeLa_4mz_sDIA_400-900_22	16.7760430877	16.960769772517	16.837620349833	0	3158.0335548555777
MFTSMDPPPVELIR	2	Ste-2024-12-02_HeLa_4mz_sDIA_400-900_20	17.510300556733	17.695073974383	17.571876107417	0	6343.047905980033
MLEQLDMR	2	Ste-2024-12-02_HeLa_4mz_sDIA_400-900_21	11.498784217583	11.742980106033	11.6209054967	0	81334.75156929508
MQEQQADLQRER	2	Ste-2024-12-02_HeLa_4mz_sDIA_400-900_21	4.964301350817	5.1178467238	4.994997062517	0	258.23169170436586
MSDGLFLQK	2	Ste-2024-12-02_HeLa_4mz_sDIA_400-900_20	12.222677564617	12.405707545167	12.28373226225	0	7120.537974590856
MSPLSIVTALVDK	3	Ste-2024-12-02_HeLa_4mz_sDIA_400-900_22	22.761400649683	23.011621940283	22.8864719369	0	388.96485657730113
MSSPETDEEIEK	3	Ste-2024-12-02_HeLa_4mz_sDIA_400-900_22	7.696763698367	7.849743364583	7.75792589315	0	6905.726994662335
MVNHFIAEFK	3	Ste-2024-12-02_HeLa_4mz_sDIA_400-900_21	11.626908013417	11.8709966682	11.748972931733	0	49298.29317613344
NEDLTELLNGMDEELDSPEELGK	3	Ste-2024-12-02_HeLa_4mz_sDIA_400-900_21	21.441317491167	21.658361410233	21.503309429233	0	894.6755828963411
NELFDAAK	2	Ste-2024-12-02_HeLa_4mz_sDIA_400-900_21	9.1433772301	9.4491978067	9.357479676617	0	12555.090361745795
NESSPAPPDSDADK	3	Ste-2024-12-02_HeLa_4mz_sDIA_400-900_20	5.018898131367	5.141585586017	5.049579984983	0	21294.706360159103
NEVSFVIHNLPIIAK	3	Ste-2024-12-02_HeLa_4mz_sDIA_400-900_21	17.873821879033	18.1511009029	18.0278479313	0	2586.1714223267845
NFRPDDPTR	2	Ste-2024-12-02_HeLa_4mz_sDIA_400-900_21	5.412456629167	5.658000732233	5.535270818683	0	2325.600546726421
NFVDSPIIVDITK	2	Ste-2024-12-02_HeLa_4mz_sDIA_400-900_22	18.027420315883	18.212563002617	18.089147264283	0	5183.910605151089
NFYVEHPEVAR	3	Ste-2024-12-02_HeLa_4mz_sDIA_400-900_21	8.929381883083	9.11280058405	9.02111517815	0	38825.75180214798
NIEIDSPYEISR	3	Ste-2024-12-02_HeLa_4mz_sDIA_400-900_21	13.067571467267	13.250790326033	13.159117273517	0	15463.875607424938
NILSVVGTDALK	3	Ste-2024-12-02_HeLa_4mz_sDIA_400-900_21	15.939215609317	16.123674630167	16.062178659967	0	669.7203192209366
NKPNMSDPEESR	2	Ste-2024-12-02_HeLa_4mz_sDIA_400-900_21	4.376017353117	4.56065833125	4.468385926383	0	414.5330392139526
NLQEILHGAVR	2	Ste-2024-12-02_HeLa_4mz_sDIA_400-900_22	12.518521469883	12.701945054833	12.579638399483	0	16519.04522389193
NPLPPSVGVVDKK	3	Ste-2024-12-02_HeLa_4mz_sDIA_400-900_22	8.979302579283	9.1624801726	9.101434110267	0	6101.893519884264
NPPVNAISTTLLR	2	Ste-2024-12-02_HeLa_4mz_sDIA_400-900_21	14.59534127825	14.717949850617	14.656688872267	0	5897.002804595587
NPVLQQVLEGR	2	Ste-2024-12-02_HeLa_4mz_sDIA_400-900_21	14.16223928125	14.406985926867	14.284510147833	0	1506.248315707568
NSEPEEVIPSR	2	Ste-2024-12-02_HeLa_4mz_sDIA_400-900_21	8.480929492117	8.725751574817	8.603355298233	0	14708.824823837325
NSSNTSVGSPSNTIGR	2	Ste-2024-12-02_HeLa_4mz_sDIA_400-900_21	6.591840859567	6.714488528733	6.653172063367	0	130.4208685557015
NTLFNLSNFLDK	3	Ste-2024-12-02_HeLa_4mz_sDIA_400-900_21	20.041054000033	20.28810938085	20.164564757733	0	973.7448222904757
NTPASASLEGLAQTAGR	3	Ste-2024-12-02_HeLa_4mz_sDIA_400-900_22	12.634608094833	12.756765576833	12.695724740333	0	5137.125042761355
NVTLNPDPNEIK	3	Ste-2024-12-02_HeLa_4mz_sDIA_400-900_22	10.611389476033	10.824935362217	10.763875604083	0	7035.384288378431
NYLPLLEPVKPEPK	3	Ste-2024-12-02_HeLa_4mz_sDIA_400-900_22	14.145281211317	14.4205796168	14.32865649785	0	3624.714322977694
PAGLLFQQPDLDSALQIAR	3	Ste-2024-12-02_HeLa_4mz_sDIA_400-900_21	20.131991498083	20.286427491233	20.19379202535	0	590.3818231790265
PENLLFTDENDNLEIK	3	Ste-2024-12-02_HeLa_4mz_sDIA_400-900_22	16.635174101917	16.81987327565	16.727498888583	0	2371.480119711348
PESEELTAER	2	Ste-2024-12-02_HeLa_4mz_sDIA_400-900_20	6.604437491717	6.665724377	6.63509199655	0	556.8003835793794
PFLNSISK	2	Ste-2024-12-02_HeLa_4mz_sDIA_400-900_22	10.201084825	10.445308009017	10.323198468017	0	12538.455713139347
PFSVDFFR	2	Ste-2024-12-02_HeLa_4mz_sDIA_400-900_21	17.00849183025	17.13160915555	17.039261915467	0	996.0960091147908
PGFSIADK	2	Ste-2024-12-02_HeLa_4mz_sDIA_400-900_21	8.988359210267	9.171784018017	9.049510422933	0	36704.57255306573
PGPELGGEFPVQDLK	2	Ste-2024-12-02_HeLa_4mz_sDIA_400-900_20	15.265491213	15.357413369133	15.326750344467	0	527.723041115528
PGVAC[+57.0215]SVSQAQK	3	Ste-2024-12-02_HeLa_4mz_sDIA_400-900_20	5.626292866033	5.810162581517	5.687560796567	0	14020.4529086537
PGVAVAC[+57.0215]C[+57.0215]WLLTVVLR	3	Ste-2024-12-02_HeLa_4mz_sDIA_400-900_22	22.819026570067	23.00671326595	22.94411467855	0	186.0340425167805
PHSVSLNDTETR	2	Ste-2024-12-02_HeLa_4mz_sDIA_400-900_21	5.665224130017	5.849287238817	5.726584080817	0	1977.1240326405896
PNMVTPGHAC[+57.0215]TQK	3	Ste-2024-12-02_HeLa_4mz_sDIA_400-900_21	4.992317473783	5.176642453917	5.0844545861	0	22451.354853816807
PPNLLLVAGGTVLK	2	Ste-2024-12-02_HeLa_4mz_sDIA_400-900_21	17.973950544717	18.15880321965	18.004749745433	0	2489.3423142860706
PSTPGLSVVSGISATSEDIPNK	3	Ste-2024-12-02_HeLa_4mz_sDIA_400-900_21	15.791807935117	16.037711479667	15.85324627105	0	2353.0505616117434
PVHLTAFLGYK	2	Ste-2024-12-02_HeLa_4mz_sDIA_400-900_22	13.862390943967	14.106813231967	13.984698132017	0	2671.8214577791305
PVIC[+57.0215]SLAAIIK	2	Ste-2024-12-02_HeLa_4mz_sDIA_400-900_20	17.066094771217	17.15843856425	17.096871360833	0	683.169873031753
PVTVEPMDQLDDEEGLPEK	3	Ste-2024-12-02_HeLa_4mz_sDIA_400-900_21	14.32039182835	14.535118781867	14.442989592017	0	20584.91573103276
QAGLLAVMAQMGC[+57.0215]YVPAEVC[+57.0215]R	3	Ste-2024-12-02_HeLa_4mz_sDIA_400-900_21	21.901759751033	22.057141999	21.963921655017	0	1861.1756694681453
QC[+57.0215]IHQLC[+57.0215]FTSLR	3	Ste-2024-12-02_HeLa_4mz_sDIA_400-900_22	11.731586589583	11.975610437517	11.823069002867	0	3492.836152218696
QEELTPLGVHLAR	3	Ste-2024-12-02_HeLa_4mz_sDIA_400-900_21	12.381954201883	12.656680004733	12.5345041298	0	5828.233059413063
QFESLPATHIR	2	Ste-2024-12-02_HeLa_4mz_sDIA_400-900_21	9.797338361817	9.950005118217	9.858505543417	0	3416.00943877762
QHLEETTQK	2	Ste-2024-12-02_HeLa_4mz_sDIA_400-900_20	2.48689945405	2.671982202267	2.610287504133	0	403.2453856727623
QHLENDPGSNEDTDIPK	3	Ste-2024-12-02_HeLa_4mz_sDIA_400-900_21	7.134213411333	7.31801295835	7.19552483495	0	4642.742651407771
QILIAC[+57.0215]SPVSSVR	2	Ste-2024-12-02_HeLa_4mz_sDIA_400-900_20	13.028165233433	13.18078035005	13.119711759533	0	1161.6623649798903
QLEMILNKPGLK	2	Ste-2024-12-02_HeLa_4mz_sDIA_400-900_21	11.892152572367	12.136317060933	12.0142491281	0	1580.6670791688837
QLQLYEIHGAQK	2	Ste-2024-12-02_HeLa_4mz_sDIA_400-900_20	9.700110203733	9.852887249383	9.761205717333	0	833.2938529302928
QLQPAPPLAPQGR	3	Ste-2024-12-02_HeLa_4mz_sDIA_400-900_21	10.104883105317	10.288091339783	10.227063890383	0	6227.430389144536
QLSSSVTGLTNIEEENC[+57.0215]QR	3	Ste-2024-12-02_HeLa_4mz_sDIA_400-900_22	12.75074259775	12.933903738767	12.87283872565	0	4444.966631597524
QLVNMC[+57.0215]INPDPEK	3	Ste-2024-12-02_HeLa_4mz_sDIA_400-900_22	12.937276290183	13.120399206317	12.9678302971	0	12567.92283799283
QNEDIEPTSSR	3	Ste-2024-12-02_HeLa_4mz_sDIA_400-900_20	5.3517334694	5.535735202467	5.413085300783	0	3868.7531125696078
QNGTVVGTDIAELLLR	2	Ste-2024-12-02_HeLa_4mz_sDIA_400-900_21	21.037617257167	21.192486662467	21.068573703367	0	397.0979812676395
QPAENVNQYLTDPK	2	Ste-2024-12-02_HeLa_4mz_sDIA_400-900_21	10.9060248309	11.089243124333	10.9670969486	0	42965.99323574077
QPVESTSAKLEATAASSVK	3	Ste-2024-12-02_HeLa_4mz_sDIA_400-900_21	8.909611278733	9.093072164367	9.031955091733	0	3227.9213888111467
QREEITAIVK	2	Ste-2024-12-02_HeLa_4mz_sDIA_400-900_22	7.184870251983	7.307297546467	7.246146298383	0	2137.8615677566745
QSGYGGQTK	2	Ste-2024-12-02_HeLa_4mz_sDIA_400-900_21	2.420368909983	2.5748725802	2.451254870433	0	1435.3341238926546
QSMAFSILNTPK	2	Ste-2024-12-02_HeLa_4mz_sDIA_400-900_21	15.14513165445	15.328902587567	15.206326733633	0	6785.647474366673
QTSDGNWLMVHR	3	Ste-2024-12-02_HeLa_4mz_sDIA_400-900_21	10.79477152805	10.916831936683	10.8557554489	0	2072.1033110443404
QVVEEPSPQLPADK	2	Ste-2024-12-02_HeLa_4mz_sDIA_400-900_22	10.036814646033	10.220075021833	10.15902231075	0	841.2433686493147
RHATAEEVEEEER	2	Ste-2024-12-02_HeLa_4mz_sDIA_400-900_20	4.16301074665	4.31707485485	4.224678298917	0	8237.630117170876
RLEEPEEPK	2	Ste-2024-12-02_HeLa_4mz_sDIA_400-900_21	5.16697070735	5.351258062433	5.28981962285	0	18424.59464371951
RLPVMMDEALSYLEK	3	Ste-2024-12-02_HeLa_4mz_sDIA_400-900_21	18.70757211895	18.830844395883	18.769172192367	0	4229.52557576097
RSENEEFVEVGR	3	Ste-2024-12-02_HeLa_4mz_sDIA_400-900_22	7.911890554083	8.125906970433	8.034177075633	0	15470.384123303313
RVESQLK	2	Ste-2024-12-02_HeLa_4mz_sDIA_400-900_21	2.696388686217	2.881377649967	2.788925151967	0	4784.246529298657
SDHLIQTDTVNLHR	2	Ste-2024-12-02_HeLa_4mz_sDIA_400-900_22	8.818631527817	8.97140944325	8.9103371125	0	121.48042921049398
SDVQIHVPTFTFR	3	Ste-2024-12-02_HeLa_4mz_sDIA_400-900_22	15.7366145325	15.951741818917	15.8288005337	0	925.7372199268266
SDYLNTFEFMDK	2	Ste-2024-12-02_HeLa_4mz_sDIA_400-900_21	17.115749799017	17.3617248635	17.2386916278	0	2937.25530679254
SEAASPALPVITK	3	Ste-2024-12-02_HeLa_4mz_sDIA_400-900_22	11.51196735155	11.695524220367	11.603726277083	0	5279.484103244818
SEDEPPAASASAAPPPQR	2	Ste-2024-12-02_HeLa_4mz_sDIA_400-900_21	6.812557578	7.057596823167	6.904485183867	0	438.38536931402473
SEIEVISEPPEEK	2	Ste-2024-12-02_HeLa_4mz_sDIA_400-900_20	10.984574260267	11.22875545835	11.1066976186	0	360.64554046975843
SFDVNKPGC[+57.0215]EVDDLK	3	Ste-2024-12-02_HeLa_4mz_sDIA_400-900_21	10.420810018183	10.603849916567	10.481879331917	0	10598.455253329623
SGLEELVLSEMNSPSR	3	Ste-2024-12-02_HeLa_4mz_sDIA_400-900_20	18.327848647583	18.512610516217	18.389445818883	0	842.9414949028516
SGLLVLTTPLASLAPR	2	Ste-2024-12-02_HeLa_4mz_sDIA_400-900_21	21.158857130267	21.344733278933	21.28268125405	0	2546.1683976327004
SGSALELSVENVK	2	Ste-2024-12-02_HeLa_4mz_sDIA_400-900_22	12.31993959815	12.50290376535	12.38088029325	0	857.3528843614503
SHILEDDENSVDISMLK	3	Ste-2024-12-02_HeLa_4mz_sDIA_400-900_22	13.968283143483	14.09049135055	14.029473191333	0	1224.684026550165
SHSLSQHTATSSK	2	Ste-2024-12-02_HeLa_4mz_sDIA_400-900_20	2.246280695117	2.432939195133	2.309015416267	0	1343.3213560900729
SHTEEDC[+57.0215]TEELFDFLHAR	3	Ste-2024-12-02_HeLa_4mz_sDIA_400-900_21	16.807720946483	16.992207315733	16.869212975767	0	2847.219904296711
SIATDVLLGLLK	2	Ste-2024-12-02_HeLa_4mz_sDIA_400-900_20	22.56829363975	22.786851299333	22.661926484617	0	564.3524854216975
SIIGMGTGAGAYILTR	2	Ste-2024-12-02_HeLa_4mz_sDIA_400-900_21	16.77964044125	16.902625776767	16.841113480617	0	650.680213732091
SLPAEINRFLPEFPSC[+57.0215]SLLK	3	Ste-2024-12-02_HeLa_4mz_sDIA_400-900_22	19.8819330449	20.066851543467	19.8819330449	0	352.1515386221607
SLVALLVETQMK	2	Ste-2024-12-02_HeLa_4mz_sDIA_400-900_22	18.7331306008	18.85658706305	18.763939031667	0	1178.3289971559318
SNILLLGPTGSGK	2	Ste-2024-12-02_HeLa_4mz_sDIA_400-900_21	13.673344549717	13.826282489867	13.734494106467	0	3559.5795322436175
SPGEPGGAAPER	2	Ste-2024-12-02_HeLa_4mz_sDIA_400-900_20	4.425878858367	4.610337317167	4.54880134405	0	1250.4956663476175
SQGSQAELHPLPQLK	3	Ste-2024-12-02_HeLa_4mz_sDIA_400-900_21	10.249162303333	10.401791688067	10.371263609817	0	2850.407024485884
SQIYGSR	2	Ste-2024-12-02_HeLa_4mz_sDIA_400-900_20	4.5086869059	4.693238670617	4.570148109383	0	3573.9543201987303
SQLIMQAEAEAASVR	2	Ste-2024-12-02_HeLa_4mz_sDIA_400-900_21	14.479026748783	14.662951636133	14.571015516717	0	3372.2885365083557
SQNTELASTASLLR	3	Ste-2024-12-02_HeLa_4mz_sDIA_400-900_20	13.121638241667	13.243835879983	13.15215522675	0	958.9859110031068
SQPDPVDTPTSSKPQSK	2	Ste-2024-12-02_HeLa_4mz_sDIA_400-900_22	5.427227762583	5.61124145765	5.4885609686	0	154.94121802392266
SQTEAVTFLANHDDSR	3	Ste-2024-12-02_HeLa_4mz_sDIA_400-900_21	10.465980849233	10.709980381767	10.587969595417	0	4128.804584787277
SSGPTSLFAVTVAPPGAR	3	Ste-2024-12-02_HeLa_4mz_sDIA_400-900_21	16.4764493972	16.7222207482	16.59929281325	0	5409.4211867923
SSPDLTGVVHIYEELK	3	Ste-2024-12-02_HeLa_4mz_sDIA_400-900_20	17.8048096877	18.02041131215	17.958799802533	0	1203.5727095441816
SSPLLNYNTGVYR	2	Ste-2024-12-02_HeLa_4mz_sDIA_400-900_22	12.568597022433	12.69090496755	12.62979054655	0	579.736633889618
SSTPTTIFPIR	2	Ste-2024-12-02_HeLa_4mz_sDIA_400-900_21	14.161279680517	14.344726132367	14.22240891335	0	2080.8520644237933
STFVNILK	2	Ste-2024-12-02_HeLa_4mz_sDIA_400-900_22	13.376216938067	13.559571905717	13.437325900467	0	1691.1147017796113
STLMDTLFNTK	2	Ste-2024-12-02_HeLa_4mz_sDIA_400-900_21	17.50832897185	17.693134257883	17.631509013283	0	2294.829161338994
STLPGSTTSNK	2	Ste-2024-12-02_HeLa_4mz_sDIA_400-900_21	5.135262920933	5.534547631133	5.31960797855	0	56008.3273782128
STTTGHLIYK	2	Ste-2024-12-02_HeLa_4mz_sDIA_400-900_21	5.995527244417	6.17955213905	6.056889457867	0	79701.81064752048
SVAHGQAPEMPLVK	3	Ste-2024-12-02_HeLa_4mz_sDIA_400-900_21	9.114963553883	9.237255066367	9.176109064967	0	3437.511560522003
SYFPYLMAVLTPK	3	Ste-2024-12-02_HeLa_4mz_sDIA_400-900_21	22.087752553683	22.3680106165	22.212326607767	0	182.76697693443762
SYLYFTQFK	2	Ste-2024-12-02_HeLa_4mz_sDIA_400-900_21	15.355209117617	15.53914047125	15.477828234517	0	20541.34871692558
SYMAPER	2	Ste-2024-12-02_HeLa_4mz_sDIA_400-900_21	5.435249113867	5.588707013	5.496653209883	0	3972.5598882542527
SYSSGGEDGYVR	2	Ste-2024-12-02_HeLa_4mz_sDIA_400-900_21	6.214843526517	6.39883194955	6.276237446267	0	4326.756713813303
TADDPSLSLIK	2	Ste-2024-12-02_HeLa_4mz_sDIA_400-900_21	12.295951833533	12.540036544817	12.448459368567	0	11372.27962495645
TAGDGWFGMK	2	Ste-2024-12-02_HeLa_4mz_sDIA_400-900_20	13.292174757833	13.414352082083	13.353260517433	0	893.0230422967039
TASEGDGGAAAGAAAAGAR	2	Ste-2024-12-02_HeLa_4mz_sDIA_400-900_21	5.670544922517	5.823934344667	5.731907290067	0	374.264912710527
TDSFVPR	2	Ste-2024-12-02_HeLa_4mz_sDIA_400-900_22	7.6628692597	7.846379165533	7.723970785583	0	6370.083050721472
TFQAFELKPLR	3	Ste-2024-12-02_HeLa_4mz_sDIA_400-900_20	13.89832974045	14.0206890859	13.959527878883	0	1429.2033072130025
THQPSDEVGTSIEHPR	3	Ste-2024-12-02_HeLa_4mz_sDIA_400-900_21	6.230439582633	6.47559165795	6.291766594717	0	781.5379046826723
TIILFTK	2	Ste-2024-12-02_HeLa_4mz_sDIA_400-900_21	13.416067438017	13.599526174783	13.477244629533	0	1509.1017584108963
TILSLMTR	2	Ste-2024-12-02_HeLa_4mz_sDIA_400-900_22	14.477023416167	14.660820559417	14.599510988833	0	39646.28594153168
TIVITSHPGQIVK	2	Ste-2024-12-02_HeLa_4mz_sDIA_400-900_21	9.725061518133	9.877970027033	9.786254899367	0	3180.6746143926007
TKPMLETEVLDNDGGGLATIFEP	3	Ste-2024-12-02_HeLa_4mz_sDIA_400-900_20	19.914306778433	20.0376815709	19.975965519667	0	386.17676819169253
TLAAEMQELR	2	Ste-2024-12-02_HeLa_4mz_sDIA_400-900_22	12.223296985117	12.345345568967	12.284347901633	0	8499.34488684257
TLQIFNIEMK	2	Ste-2024-12-02_HeLa_4mz_sDIA_400-900_21	17.415096395483	17.661353824	17.53815739235	0	9445.794821057298
TLSTSDDVEDRENEK	2	Ste-2024-12-02_HeLa_4mz_sDIA_400-900_21	5.584894723283	5.799642904233	5.676930050367	0	677.8030233775323
TLVSEGMLTSLR	3	Ste-2024-12-02_HeLa_4mz_sDIA_400-900_20	15.134843908867	15.410512098433	15.318559249333	0	1340.5593808418575
TNGDSQQPSSSGLASSK	2	Ste-2024-12-02_HeLa_4mz_sDIA_400-900_21	5.183002675267	5.4287294221	5.336550765733	0	955.5252738383263
TPDGTENGDFLALDLGGTNFR	3	Ste-2024-12-02_HeLa_4mz_sDIA_400-900_22	18.860926577367	18.92266660725	18.891792630533	0	144.80947869037252
TPIFLNEVLVKAASEQYIDTEK	3	Ste-2024-12-02_HeLa_4mz_sDIA_400-900_22	19.052176267767	19.299311366067	19.206605777117	0	1947.3959825689249
TQFPSLDIEVDGGVGPDTVHK	3	Ste-2024-12-02_HeLa_4mz_sDIA_400-900_22	15.903763486817	16.02667247215	15.965224868483	0	1573.653970930479
TSPQEGER	2	Ste-2024-12-02_HeLa_4mz_sDIA_400-900_20	2.29450083195	2.48038104075	2.356546589767	0	4386.449187510701
TVDSQGPTPVC[+57.0215]TPTFLER	3	Ste-2024-12-02_HeLa_4mz_sDIA_400-900_21	14.134318781083	14.348331196183	14.256566811733	0	4144.220640896533
TVEFLQEYIVNR	2	Ste-2024-12-02_HeLa_4mz_sDIA_400-900_21	16.65447408005	16.777475468483	16.715947898383	0	904.5022579334473
TVLGSSENALGVC[+57.0215]SDTAAPLAAVDLK	3	Ste-2024-12-02_HeLa_4mz_sDIA_400-900_22	17.603094356567	17.726459746833	17.695617172767	0	1291.1351500900792
TVSGVNGPLVILDHVK	3	Ste-2024-12-02_HeLa_4mz_sDIA_400-900_21	15.720312829167	15.9353652487	15.87386448455	0	3904.6014199363444
TVTPALSSNVLPR	3	Ste-2024-12-02_HeLa_4mz_sDIA_400-900_21	12.790383430417	12.973601042467	12.881977612133	0	6803.791082288529
TWYPEVPK	2	Ste-2024-12-02_HeLa_4mz_sDIA_400-900_21	11.895041083933	12.139208527733	12.017132504617	0	20184.887744348012
TYDLLFK	2	Ste-2024-12-02_HeLa_4mz_sDIA_400-900_21	14.1516544288	14.335105086817	14.273914818717	0	9926.861389299129
VAC[+57.0215]C[+57.0215]PLER	2	Ste-2024-12-02_HeLa_4mz_sDIA_400-900_22	6.3530024229	6.5368705031	6.414261486517	0	4055.850659319277
VAEELALEQAK	2	Ste-2024-12-02_HeLa_4mz_sDIA_400-900_21	9.886157596783	10.13040523825	10.0081145047	0	5846.881453429239
VATLNSEEESDPPTYK	2	Ste-2024-12-02_HeLa_4mz_sDIA_400-900_21	8.833312958967	9.016839901417	8.89451673355	0	1295.809755813923
VAYGGTGDAATR	2	Ste-2024-12-02_HeLa_4mz_sDIA_400-900_21	5.167451102717	5.290301297367	5.228867913633	0	343.41994564012447
VC[+57.0215]GHTYEEDAIVR	2	Ste-2024-12-02_HeLa_4mz_sDIA_400-900_20	7.778585576933	7.839798267267	7.809185507267	0	154.6772848865495
VDAQFGGIDQR	2	Ste-2024-12-02_HeLa_4mz_sDIA_400-900_21	9.58037707835	9.825038670883	9.702679355983	0	12119.208354950597
VDIDVPDVNLEAPEGK	2	Ste-2024-12-02_HeLa_4mz_sDIA_400-900_21	15.738605835867	15.922923249733	15.800002683183	0	4365.8478964882215
VDLQSLPTR	2	Ste-2024-12-02_HeLa_4mz_sDIA_400-900_21	10.582931951983	10.76594248605	10.643920597233	0	10145.373648826808
VESTDVSDLLHQYR	2	Ste-2024-12-02_HeLa_4mz_sDIA_400-900_22	13.215098763067	13.459470188733	13.459470188733	0	16292.478480593436
VFNELLVLLPDTAK	3	Ste-2024-12-02_HeLa_4mz_sDIA_400-900_21	21.12665866145	21.37459615745	21.21957335415	0	463.6406144609242
VGDQILLAIK	2	Ste-2024-12-02_HeLa_4mz_sDIA_400-900_21	15.014446065367	15.198159390233	15.1369554348	0	1654.9830516968586
VGPAVELALAQVKAR	3	Ste-2024-12-02_HeLa_4mz_sDIA_400-900_20	14.146258842483	14.268424658367	14.237918941017	0	3285.847056607106
VGTEC[+57.0215]GNQK	2	Ste-2024-12-02_HeLa_4mz_sDIA_400-900_21	2.267224010017	2.45341684605	2.329900551283	0	7843.809460187485
VHQLYETIQR	2	Ste-2024-12-02_HeLa_4mz_sDIA_400-900_21	7.86957236845	8.053315707783	7.93086248245	0	2002.8414316350545
VKPLQDQNELFGK	2	Ste-2024-12-02_HeLa_4mz_sDIA_400-900_21	10.307797340133	10.490977936217	10.3993910603	0	622.7681833118447
VLC[+57.0215]GGDIYVPEDPK	2	Ste-2024-12-02_HeLa_4mz_sDIA_400-900_21	12.27769042295	12.460733454633	12.369260276867	0	11794.52927613247
VLPANSMAESR	2	Ste-2024-12-02_HeLa_4mz_sDIA_400-900_21	7.3761230308	7.55971968765	7.498535568983	0	2146.25911742759
VLQEALC[+57.0215]VISGVPGLK	2	Ste-2024-12-02_HeLa_4mz_sDIA_400-900_21	18.7838635553	18.968947128367	18.87635255875	0	2383.3126959158208
VLWIPAC[+57.0215]PL	2	Ste-2024-12-02_HeLa_4mz_sDIA_400-900_20	21.380839382633	21.597809160067	21.473866614667	0	660.9435477522537
VLYAYGYYTGEPSK	2	Ste-2024-12-02_HeLa_4mz_sDIA_400-900_21	12.218069422933	12.3707053428	12.248603982583	0	2589.400954323474
VMETQAQVDELK	3	Ste-2024-12-02_HeLa_4mz_sDIA_400-900_21	9.341325140567	9.5247744565	9.463641659033	0	2529.8345457734463
VMIWDDLK	2	Ste-2024-12-02_HeLa_4mz_sDIA_400-900_20	15.7702554935	15.831668991833	15.7702554935	0	401.80131169957156
VMPAPPPK	2	Ste-2024-12-02_HeLa_4mz_sDIA_400-900_21	5.986867020567	6.2936222748	6.109551848867	0	17666.02451421375
VMVLDFVTPTPLGTR	3	Ste-2024-12-02_HeLa_4mz_sDIA_400-900_21	19.584612738633	19.831548192967	19.708044226333	0	2392.961634097297
VNAVPRPIPEK	2	Ste-2024-12-02_HeLa_4mz_sDIA_400-900_22	7.185831922533	7.3693447551	7.308259685333	0	59327.69068988802
VNDFLAEIFKK	3	Ste-2024-12-02_HeLa_4mz_sDIA_400-900_22	17.6090544228	17.732422903317	17.670744201167	0	151.06100171919977
VQAWYMDDAPGDPR	2	Ste-2024-12-02_HeLa_4mz_sDIA_400-900_21	12.737240954933	12.920447364217	12.798331635233	0	2596.6708384455314
VTEGQQER	2	Ste-2024-12-02_HeLa_4mz_sDIA_400-900_22	2.200897821133	2.449587011333	2.3566785909	0	2036.4104104026576
VTMINAIPVASLDPIK	3	Ste-2024-12-02_HeLa_4mz_sDIA_400-900_22	19.361380778817	19.608478062117	19.484919135483	0	1056.4377856325575
VTPPAVTGSPEFER	2	Ste-2024-12-02_HeLa_4mz_sDIA_400-900_21	11.085153980967	11.26818365045	11.207168544833	0	17973.273285096875
VVAC[+57.0215]TSAFLLWDPTK	3	Ste-2024-12-02_HeLa_4mz_sDIA_400-900_20	19.1146446553	19.423097778133	19.268839753583	0	1083.2112392712183
VVEQMC[+57.0215]ITQYERESQAYYQR	3	Ste-2024-12-02_HeLa_4mz_sDIA_400-900_20	12.51799896325	12.701191210583	12.60954724865	0	7675.898799166502
VVNGAAASQPPSK	2	Ste-2024-12-02_HeLa_4mz_sDIA_400-900_21	4.524567372033	4.709206758333	4.586108665517	0	7448.049241580748
VVNSETPVVVDFHAQWC[+57.0215]GPC[+57.0215]K	3	Ste-2024-12-02_HeLa_4mz_sDIA_400-900_21	14.72469749155	14.908427573033	14.755334026033	0	1045.1594881084459
VVQVYADTQEINLK	3	Ste-2024-12-02_HeLa_4mz_sDIA_400-900_21	12.889920030033	13.0425988328	12.981549431	0	11427.902488223717
VVVC[+57.0215]DNGTGFVK	3	Ste-2024-12-02_HeLa_4mz_sDIA_400-900_20	9.879335632717	10.123809528533	10.001536761933	0	23016.373608131147
WLAPDGLIFPDR	2	Ste-2024-12-02_HeLa_4mz_sDIA_400-900_21	18.682767494883	18.867677101383	18.77518965875	0	3124.7333524269684
WLLLC[+57.0215]NPGLAELIAEK	3	Ste-2024-12-02_HeLa_4mz_sDIA_400-900_22	22.507059640117	22.600792451967	22.507059640117	0	151.44545731165869
WNENVQYLSEDR	2	Ste-2024-12-02_HeLa_4mz_sDIA_400-900_20	11.5054724688	11.719348740183	11.658286792617	0	1675.6644073751816
WQPTASEPVK	2	Ste-2024-12-02_HeLa_4mz_sDIA_400-900_22	8.4061056482	8.52829371145	8.467196541733	0	857.1728971969115
WSNAGELMELIR	2	Ste-2024-12-02_HeLa_4mz_sDIA_400-900_21	18.498633807833	18.683490336467	18.529456285783	0	2645.160051464254
YDNEAIGLWLPLTK	3	Ste-2024-12-02_HeLa_4mz_sDIA_400-900_20	19.914547493283	20.0996753624	20.007052886167	0	274.12065391738156
YEDEINK	2	Ste-2024-12-02_HeLa_4mz_sDIA_400-900_21	4.914711670567	5.0990163753	4.97617098075	0	27736.86017526414
YEELFPAFSDSR	2	Ste-2024-12-02_HeLa_4mz_sDIA_400-900_21	16.253622862317	16.499487534183	16.376581695083	0	10084.789386308703
YGGQPVPNFPSK	2	Ste-2024-12-02_HeLa_4mz_sDIA_400-900_21	10.194142286867	10.438340036467	10.316211257133	0	42485.33843204211
YIFTMLSTLARLLFPAVDDNLLK	3	Ste-2024-12-02_HeLa_4mz_sDIA_400-900_22	23.055222692083	23.399838983967	23.180473531133	0	75.06732286527843
YIGTGHADTTKWEWLVNQHR	3	Ste-2024-12-02_HeLa_4mz_sDIA_400-900_22	12.2062472231	12.45031450435	12.328362443133	0	10497.406881586716
YITQNGDYQLR	3	Ste-2024-12-02_HeLa_4mz_sDIA_400-900_21	9.340842501067	9.52429254225	9.402029928117	0	82859.03658592512
YLAVESPFLK	2	Ste-2024-12-02_HeLa_4mz_sDIA_400-900_21	15.47687144785	15.660833098583	15.538177526917	0	5557.411525177129
YNVLGAETVLNQMR	2	Ste-2024-12-02_HeLa_4mz_sDIA_400-900_21	16.565207493067	16.749619111583	16.626661344267	0	1862.659463157992
YPC[+57.0215]VLDLKC[+57.0215]EQSTSATLGVR	3	Ste-2024-12-02_HeLa_4mz_sDIA_400-900_22	13.822397105933	13.97526519845	13.914081047117	0	558.2434492670975
YYFEGIK	2	Ste-2024-12-02_HeLa_4mz_sDIA_400-900_22	11.513656545467	11.636101449033	11.544293567283	0	1650.5022658871035
