peptideModSeq	precursorCharge	FileName	RunQValue	DiscriminantScore	PosteriorErrorProb
AAAEEQIKQLASVILK	3	Ste-2024-12-02_HeLa_4mz_sDIA_400-900_22	0.0048305982001058765	0	0
AAEIYGVTHTR	2	Ste-2024-12-02_HeLa_4mz_sDIA_400-900_21	0.00854673998428908	0	0
AAGFKDPLLASGTDGVGTK	3	Ste-2024-12-02_HeLa_4mz_sDIA_400-900_21	0.001712612562841832	0	0
AATENIPVVR	2	Ste-2024-12-02_HeLa_4mz_sDIA_400-900_21	0.0009791921664626683	0	0
AAVENLPTFLVELSR	3	Ste-2024-12-02_HeLa_4mz_sDIA_400-900_20	0.0005167958656330749	0	0
AESVQGGETR	2	Ste-2024-12-02_HeLa_4mz_sDIA_400-900_20	0.0005167958656330749	0	0
AEVLWLMGAK	2	Ste-2024-12-02_HeLa_4mz_sDIA_400-900_21	0.0005566157760814249	0	0
AFPEHFTYEPNEADAAQGYR	3	Ste-2024-12-02_HeLa_4mz_sDIA_400-900_22	0.004843768610791281	0	0
AFVSGLLIGQC[+57.0215]SSQK	3	Ste-2024-12-02_HeLa_4mz_sDIA_400-900_20	0.006133726817695223	0	0
AGEGTYALDSESC[+57.0215]MEK	2	Ste-2024-12-02_HeLa_4mz_sDIA_400-900_21	0.0005566157760814249	0	0
AGVNTVTTLVENKK	3	Ste-2024-12-02_HeLa_4mz_sDIA_400-900_20	0.0005167958656330749	0	0
AIEINPDSAQPYK	2	Ste-2024-12-02_HeLa_4mz_sDIA_400-900_20	0.0005167958656330749	0	0
AIPSFLNSFNR	2	Ste-2024-12-02_HeLa_4mz_sDIA_400-900_21	0.0005566157760814249	0	0
AKPAEAPAAAAPK	2	Ste-2024-12-02_HeLa_4mz_sDIA_400-900_21	0.0005566157760814249	0	0
ALDDISESIK	2	Ste-2024-12-02_HeLa_4mz_sDIA_400-900_22	0.0010043762106320396	0	0
ALDELFEAIEQK	3	Ste-2024-12-02_HeLa_4mz_sDIA_400-900_22	0.007603041216486595	0	0
ALLESMVDAAENLC[+57.0215]PNVMK	3	Ste-2024-12-02_HeLa_4mz_sDIA_400-900_20	0.006004686584651435	0	0
ALWEDEGVR	2	Ste-2024-12-02_HeLa_4mz_sDIA_400-900_21	0.0005566157760814249	0	0
AQAALAVNISAAR	2	Ste-2024-12-02_HeLa_4mz_sDIA_400-900_21	0.0009791921664626683	0	0
AQAEAQQPTFDALRDELR	3	Ste-2024-12-02_HeLa_4mz_sDIA_400-900_22	0.0018706422538404851	0	0
AQEAGLQQEQR	2	Ste-2024-12-02_HeLa_4mz_sDIA_400-900_22	0.0066671370114293775	0	0
AQEEADYIEWLK	2	Ste-2024-12-02_HeLa_4mz_sDIA_400-900_20	0.0059092130002686	0	0
AQQEHQSLLEK	2	Ste-2024-12-02_HeLa_4mz_sDIA_400-900_20	0.00857843137254902	0	0
AQTAHIVLEDGTK	2	Ste-2024-12-02_HeLa_4mz_sDIA_400-900_20	0.0005167958656330749	0	0
AQVARPGGDTIFGK	3	Ste-2024-12-02_HeLa_4mz_sDIA_400-900_21	0.0005566157760814249	0	0
ASLLQNESTNEQLQIHYK	3	Ste-2024-12-02_HeLa_4mz_sDIA_400-900_20	0.0013392585377731783	0	0
ATAGAYIASQTVK	2	Ste-2024-12-02_HeLa_4mz_sDIA_400-900_20	0.0005167958656330749	0	0
AVDEDPENQTLR	2	Ste-2024-12-02_HeLa_4mz_sDIA_400-900_21	0.006323448733866544	0	0
AVEVQGPSLESGDHGK	2	Ste-2024-12-02_HeLa_4mz_sDIA_400-900_21	0.0005566157760814249	0	0
AVIEHNLLSASK	3	Ste-2024-12-02_HeLa_4mz_sDIA_400-900_21	0.002584222149133111	0	0
AVLQEEQANLWFSK	2	Ste-2024-12-02_HeLa_4mz_sDIA_400-900_21	0.00262987911783704	0	0
AVSSAIAQLLGEVAQGNENYAGIAAR	3	Ste-2024-12-02_HeLa_4mz_sDIA_400-900_20	0.0005167958656330749	0	0
C[+57.0215]C[+57.0215]LTYC[+57.0215]FNKPEDK	3	Ste-2024-12-02_HeLa_4mz_sDIA_400-900_20	0.0005167958656330749	0	0
C[+57.0215]EAVVADVLDK	2	Ste-2024-12-02_HeLa_4mz_sDIA_400-900_20	0.005005005005005005	0	0
C[+57.0215]FNTLTNSFQPSLLGR	3	Ste-2024-12-02_HeLa_4mz_sDIA_400-900_20	0.005750582575358942	0	0
C[+57.0215]LYFADTFLR	2	Ste-2024-12-02_HeLa_4mz_sDIA_400-900_22	0.005045767700617783	0	0
C[+57.0215]PLC[+57.0215]QESNFTR	2	Ste-2024-12-02_HeLa_4mz_sDIA_400-900_21	0.006811569399281191	0	0
DAGYGGISLAVEGPSK	2	Ste-2024-12-02_HeLa_4mz_sDIA_400-900_21	0.0005566157760814249	0	0
DATNVAAAFEEAVR	2	Ste-2024-12-02_HeLa_4mz_sDIA_400-900_20	0.008375610223030535	0	0
DC[+57.0215]LNVLNKELLVPLTSSMYVPGK	3	Ste-2024-12-02_HeLa_4mz_sDIA_400-900_20	0.006689318326608622	0	0
DC[+57.0215]LTESNLIK	2	Ste-2024-12-02_HeLa_4mz_sDIA_400-900_20	0.007820749736008447	0	0
DC[+57.0215]QIAHGAAQFLR	2	Ste-2024-12-02_HeLa_4mz_sDIA_400-900_22	0.0022862611654615055	0	0
DDEPVC[+57.0215]GRPLGIR	3	Ste-2024-12-02_HeLa_4mz_sDIA_400-900_22	0.0046448306238488024	0	0
DDTTLNALNTLHESGYDAGK	3	Ste-2024-12-02_HeLa_4mz_sDIA_400-900_21	0.008164977731878914	0	0
DDVIVTASNFSSER	2	Ste-2024-12-02_HeLa_4mz_sDIA_400-900_21	0.0009176717357105401	0	0
DEPIHILNVAIK	2	Ste-2024-12-02_HeLa_4mz_sDIA_400-900_22	0.0013368132917435864	0	0
DGDGTITTK	2	Ste-2024-12-02_HeLa_4mz_sDIA_400-900_20	0.0005167958656330749	0	0
DGIDDESYEAIFKPVMSK	3	Ste-2024-12-02_HeLa_4mz_sDIA_400-900_21	0.0005566157760814249	0	0
DGTYAVTYIPDK	3	Ste-2024-12-02_HeLa_4mz_sDIA_400-900_20	0.0037407407407407407	0	0
DHLVTAYNHLFETK	3	Ste-2024-12-02_HeLa_4mz_sDIA_400-900_20	0.0005167958656330749	0	0
DHSPDLYSLELAGLDEIGK	3	Ste-2024-12-02_HeLa_4mz_sDIA_400-900_20	0.002930887775361634	0	0
DHVYLQLHHLPPEQLATR	3	Ste-2024-12-02_HeLa_4mz_sDIA_400-900_22	0.007389580014236806	0	0
DILVATDVAGR	2	Ste-2024-12-02_HeLa_4mz_sDIA_400-900_21	0.0005566157760814249	0	0
DITDLINNTFIR	3	Ste-2024-12-02_HeLa_4mz_sDIA_400-900_20	0.008632325705496437	0	0
DLEALMFDR	2	Ste-2024-12-02_HeLa_4mz_sDIA_400-900_20	0.0005167958656330749	0	0
DLLFQALGR	2	Ste-2024-12-02_HeLa_4mz_sDIA_400-900_21	0.0005566157760814249	0	0
DMPLLSC[+57.0215]LESLR	2	Ste-2024-12-02_HeLa_4mz_sDIA_400-900_21	0.0005566157760814249	0	0
DMSPLSETEMALGK	2	Ste-2024-12-02_HeLa_4mz_sDIA_400-900_21	0.0005566157760814249	0	0
DNTSVYHISGK	2	Ste-2024-12-02_HeLa_4mz_sDIA_400-900_21	0.0020173805090006208	0	0
DNVDLLGSLADLYFR	3	Ste-2024-12-02_HeLa_4mz_sDIA_400-900_21	0.006615488024905367	0	0
DPSASNGGGSPAR	2	Ste-2024-12-02_HeLa_4mz_sDIA_400-900_22	0.0010043762106320396	0	0
DPSQPQQWVSSQVLLC[+57.0215]K	3	Ste-2024-12-02_HeLa_4mz_sDIA_400-900_21	0.0018782870022539444	0	0
DSDGDGRGDAC[+57.0215]K	2	Ste-2024-12-02_HeLa_4mz_sDIA_400-900_22	0.008410829339511854	0	0
DSLSVNEFK	2	Ste-2024-12-02_HeLa_4mz_sDIA_400-900_20	0.0009340182800720528	0	0
DTIYSEVATLISQNESR	3	Ste-2024-12-02_HeLa_4mz_sDIA_400-900_20	0.0070560699411420505	0	0
DTSFSGLSLEEYK	2	Ste-2024-12-02_HeLa_4mz_sDIA_400-900_21	0.006684677195899141	0	0
DTSVEDALER	2	Ste-2024-12-02_HeLa_4mz_sDIA_400-900_21	0.0009791921664626683	0	0
DTVVEGLRVSMEVAAAK	2	Ste-2024-12-02_HeLa_4mz_sDIA_400-900_21	0.006735318675201781	0	0
DVEGSTSPQIGDK	2	Ste-2024-12-02_HeLa_4mz_sDIA_400-900_21	0.0005566157760814249	0	0
DVQNFPAATDEK	2	Ste-2024-12-02_HeLa_4mz_sDIA_400-900_22	0.0015275571306366858	0	0
DVYLSLLRMYLSPPSIHC[+57.0215]LGPIK	3	Ste-2024-12-02_HeLa_4mz_sDIA_400-900_20	0.0023865110246433204	0	0
EAC[+57.0215]PELDYFVVFSSVSC[+57.0215]GR	3	Ste-2024-12-02_HeLa_4mz_sDIA_400-900_22	0.001968396303789163	0	0
EAEVLLLQQR	2	Ste-2024-12-02_HeLa_4mz_sDIA_400-900_21	0.00916390829961996	0	0
EAFAIVSVPVSEIR	3	Ste-2024-12-02_HeLa_4mz_sDIA_400-900_21	0.00555001247193814	0	0
EANFTVSSMHGDMPQK	3	Ste-2024-12-02_HeLa_4mz_sDIA_400-900_21	0.0005566157760814249	0	0
EAQNDLEQVLR	2	Ste-2024-12-02_HeLa_4mz_sDIA_400-900_22	0.0009690644800596348	0	0
EASFEYLQNEGER	2	Ste-2024-12-02_HeLa_4mz_sDIA_400-900_20	0.005397070161912105	0	0
EATTDFTVDSR	2	Ste-2024-12-02_HeLa_4mz_sDIA_400-900_21	0.0005566157760814249	0	0
EDEISLEDLIER	2	Ste-2024-12-02_HeLa_4mz_sDIA_400-900_20	0.0009266519352769263	0	0
EDELWASFLNDVGPK	2	Ste-2024-12-02_HeLa_4mz_sDIA_400-900_22	0.004429497170043475	0	0
EDFLNIC[+57.0215]IEPDTISK	2	Ste-2024-12-02_HeLa_4mz_sDIA_400-900_21	0.0007305135510263716	0	0
EDIPSEK	2	Ste-2024-12-02_HeLa_4mz_sDIA_400-900_20	0.007801088832824326	0	0
EDISQGVHISVYR	3	Ste-2024-12-02_HeLa_4mz_sDIA_400-900_20	0.0009266519352769263	0	0
EDLEEWVTIGR	3	Ste-2024-12-02_HeLa_4mz_sDIA_400-900_20	0.004806872805372789	0	0
EEDQATLVEQVK	2	Ste-2024-12-02_HeLa_4mz_sDIA_400-900_20	0.003800310934531007	0	0
EEFAVPENSSVQQFK	2	Ste-2024-12-02_HeLa_4mz_sDIA_400-900_21	0.0005566157760814249	0	0
EEIPEEELAEDVEEIDHAER	3	Ste-2024-12-02_HeLa_4mz_sDIA_400-900_21	0.0005566157760814249	0	0
EELVITPLPSGDVAATFQFR	3	Ste-2024-12-02_HeLa_4mz_sDIA_400-900_21	0.0021110081351045206	0	0
EENC[+57.0215]AILKTSQTVATFLDELAQK	3	Ste-2024-12-02_HeLa_4mz_sDIA_400-900_21	0.007698407453908676	0	0
EFLVAGGEDFK	3	Ste-2024-12-02_HeLa_4mz_sDIA_400-900_22	0.00549092601209865	0	0
EGNVPNIIIAGPPGTGK	3	Ste-2024-12-02_HeLa_4mz_sDIA_400-900_22	0.006433453960595094	0	0
EHMDEVC[+57.0215]SSQLLTSVR	3	Ste-2024-12-02_HeLa_4mz_sDIA_400-900_22	0.009943860487338748	0	0
EIC[+57.0215]AVSRFC[+57.0215]SNLC[+57.0215]LPK	3	Ste-2024-12-02_HeLa_4mz_sDIA_400-900_20	0.005328251400124455	0	0
EIHDLFQSFDDTPLGTASLAQVHK	3	Ste-2024-12-02_HeLa_4mz_sDIA_400-900_22	0.0043078452489437495	0	0
EKSDDILEEGEK	2	Ste-2024-12-02_HeLa_4mz_sDIA_400-900_21	0.00615283795099574	0	0
ELAQQIQK	2	Ste-2024-12-02_HeLa_4mz_sDIA_400-900_21	0.0005566157760814249	0	0
ELC[+57.0215]GPWPSHQLLTNQLQR	3	Ste-2024-12-02_HeLa_4mz_sDIA_400-900_20	0.0018720217835262083	0	0
ELDFVSHHVR	3	Ste-2024-12-02_HeLa_4mz_sDIA_400-900_20	0.0049504950495049506	0	0
ELEEAMAGER	2	Ste-2024-12-02_HeLa_4mz_sDIA_400-900_22	0.0033088568579457893	0	0
ELLEPLFK	2	Ste-2024-12-02_HeLa_4mz_sDIA_400-900_22	0.004029350638333969	0	0
ELLEQQGIDIK	3	Ste-2024-12-02_HeLa_4mz_sDIA_400-900_20	0.004295563657365629	0	0
ELSTTLNADEAVTR	2	Ste-2024-12-02_HeLa_4mz_sDIA_400-900_22	0.004173622704507512	0	0
ENAGVDPTLAIPMIQK	2	Ste-2024-12-02_HeLa_4mz_sDIA_400-900_21	0.0021886191802626344	0	0
ENLELILTQSVENVGVR	3	Ste-2024-12-02_HeLa_4mz_sDIA_400-900_21	0.0005566157760814249	0	0
EPEVLSTMAIIVNK	2	Ste-2024-12-02_HeLa_4mz_sDIA_400-900_22	0.0066967976630105275	0	0
EPGIAGLMK	2	Ste-2024-12-02_HeLa_4mz_sDIA_400-900_21	0.0005566157760814249	0	0
ERDFTSLENTVEER	2	Ste-2024-12-02_HeLa_4mz_sDIA_400-900_20	0.0015015015015015015	0	0
ESEFDDEPK	2	Ste-2024-12-02_HeLa_4mz_sDIA_400-900_21	0.0012261341741110527	0	0
ESENLASGDQPR	2	Ste-2024-12-02_HeLa_4mz_sDIA_400-900_21	0.0005566157760814249	0	0
ESLEALLQR	2	Ste-2024-12-02_HeLa_4mz_sDIA_400-900_21	0.0005566157760814249	0	0
ESNEEEQVWHFLGK	2	Ste-2024-12-02_HeLa_4mz_sDIA_400-900_21	0.0005566157760814249	0	0
ESTTSEQSAR	2	Ste-2024-12-02_HeLa_4mz_sDIA_400-900_21	0.00854673998428908	0	0
ESYSVYVYK	2	Ste-2024-12-02_HeLa_4mz_sDIA_400-900_20	0.0005167958656330749	0	0
ETADAITK	2	Ste-2024-12-02_HeLa_4mz_sDIA_400-900_20	0.0009035649745358961	0	0
ETLPNVR	2	Ste-2024-12-02_HeLa_4mz_sDIA_400-900_21	0.001712612562841832	0	0
ETSSLQELEAQK	2	Ste-2024-12-02_HeLa_4mz_sDIA_400-900_21	0.003917202704931552	0	0
EVC[+57.0215]PSAIDPEDGEK	2	Ste-2024-12-02_HeLa_4mz_sDIA_400-900_21	0.003200138384362567	0	0
EVLPALENNKIIETLTQQLQAK	3	Ste-2024-12-02_HeLa_4mz_sDIA_400-900_20	0.006462900806969935	0	0
EVSDFIQDSGQIK	2	Ste-2024-12-02_HeLa_4mz_sDIA_400-900_20	0.00413958686923045	0	0
EYNALVAQGVR	2	Ste-2024-12-02_HeLa_4mz_sDIA_400-900_21	0.003138622493461203	0	0
EYQDLLNVK	2	Ste-2024-12-02_HeLa_4mz_sDIA_400-900_20	0.0005167958656330749	0	0
FAELVYTGFWHSPEC[+57.0215]EFVR	3	Ste-2024-12-02_HeLa_4mz_sDIA_400-900_21	0.004966175262972667	0	0
FFPASFPNR	2	Ste-2024-12-02_HeLa_4mz_sDIA_400-900_22	0.0008678044547295343	0	0
FGIQAQMVTTDFQK	2	Ste-2024-12-02_HeLa_4mz_sDIA_400-900_20	0.0005167958656330749	0	0
FGNQADHFLGSLAFAK	3	Ste-2024-12-02_HeLa_4mz_sDIA_400-900_21	0.0005566157760814249	0	0
FLAAGTHLGGTNLDFQMEQYIYK	3	Ste-2024-12-02_HeLa_4mz_sDIA_400-900_21	0.0005566157760814249	0	0
FLELVQLK	2	Ste-2024-12-02_HeLa_4mz_sDIA_400-900_21	0.008164977731878914	0	0
FLENPDLSQTEEK	3	Ste-2024-12-02_HeLa_4mz_sDIA_400-900_20	0.0019933196853787307	0	0
FLIC[+57.0215]TDVAAR	2	Ste-2024-12-02_HeLa_4mz_sDIA_400-900_21	0.0005566157760814249	0	0
FLLDTNK	2	Ste-2024-12-02_HeLa_4mz_sDIA_400-900_21	0.0007305135510263716	0	0
FNPETDYLTGTDGKK	3	Ste-2024-12-02_HeLa_4mz_sDIA_400-900_21	0.0033743251349730055	0	0
FSNTGEDWYVLVGVAK	2	Ste-2024-12-02_HeLa_4mz_sDIA_400-900_21	0.0009791921664626683	0	0
FSTGTLSNTADAR	2	Ste-2024-12-02_HeLa_4mz_sDIA_400-900_21	0.009265645146781012	0	0
FTITPPTAQVVGVLK	3	Ste-2024-12-02_HeLa_4mz_sDIA_400-900_21	0.0005566157760814249	0	0
FTLRDEGK	2	Ste-2024-12-02_HeLa_4mz_sDIA_400-900_22	0.005037981658598024	0	0
GAGSIAGASASPK	2	Ste-2024-12-02_HeLa_4mz_sDIA_400-900_20	0.0009266519352769263	0	0
GDEC[+57.0215]ILKTIADLELHYQEFIR	3	Ste-2024-12-02_HeLa_4mz_sDIA_400-900_22	0.007973640856672157	0	0
GDPPQLSNSEER	3	Ste-2024-12-02_HeLa_4mz_sDIA_400-900_21	0.005440158259149357	0	0
GDSHLNVQVSNFK	2	Ste-2024-12-02_HeLa_4mz_sDIA_400-900_21	0.0005566157760814249	0	0
GDTPGHATPGHGGATSSAR	3	Ste-2024-12-02_HeLa_4mz_sDIA_400-900_21	0.0005566157760814249	0	0
GEPLHIINSSNVTDEPLLK	3	Ste-2024-12-02_HeLa_4mz_sDIA_400-900_22	0.009056110540565774	0	0
GFVDDIIQPSSTR	3	Ste-2024-12-02_HeLa_4mz_sDIA_400-900_22	0.007616047916559095	0	0
GFVLYPVK	2	Ste-2024-12-02_HeLa_4mz_sDIA_400-900_21	0.0031601731601731604	0	0
GGAEVQIFAPDVPQMHVIDHTK	3	Ste-2024-12-02_HeLa_4mz_sDIA_400-900_20	0.0019933196853787307	0	0
GGAVVDEGPTGVK	2	Ste-2024-12-02_HeLa_4mz_sDIA_400-900_21	0.0005566157760814249	0	0
GGTLLSVTGEVEPR	2	Ste-2024-12-02_HeLa_4mz_sDIA_400-900_21	0.0008409250175192712	0	0
GILDALLQTAR	2	Ste-2024-12-02_HeLa_4mz_sDIA_400-900_21	0.006570535587441398	0	0
GILTVDELLAIR	2	Ste-2024-12-02_HeLa_4mz_sDIA_400-900_21	0.0005566157760814249	0	0
GIVEFSGK	2	Ste-2024-12-02_HeLa_4mz_sDIA_400-900_20	0.0005167958656330749	0	0
GIYFADMVSK	2	Ste-2024-12-02_HeLa_4mz_sDIA_400-900_21	0.0005566157760814249	0	0
GLGTDEDAIISVLAYR	2	Ste-2024-12-02_HeLa_4mz_sDIA_400-900_21	0.0005566157760814249	0	0
GLGTDEDSLIEIIC[+57.0215]SR	3	Ste-2024-12-02_HeLa_4mz_sDIA_400-900_20	0.0005167958656330749	0	0
GNFVPQGWVLPPLPSNDIWATAVK	3	Ste-2024-12-02_HeLa_4mz_sDIA_400-900_21	0.00854673998428908	0	0
GNIIGYSQVDK	2	Ste-2024-12-02_HeLa_4mz_sDIA_400-900_21	0.0009791921664626683	0	0
GNNVLYISTQK	2	Ste-2024-12-02_HeLa_4mz_sDIA_400-900_22	0.0010043762106320396	0	0
GPPGPESQSR	2	Ste-2024-12-02_HeLa_4mz_sDIA_400-900_20	0.0026841052169245035	0	0
GPTPEEAIQK	2	Ste-2024-12-02_HeLa_4mz_sDIA_400-900_21	0.00854673998428908	0	0
GQGLWVSLKMGFPEIILPGDVR	3	Ste-2024-12-02_HeLa_4mz_sDIA_400-900_22	0.00697754749568221	0	0
GSLAALYDLAVLK	2	Ste-2024-12-02_HeLa_4mz_sDIA_400-900_22	0.0066671370114293775	0	0
GTEIGVLAK	2	Ste-2024-12-02_HeLa_4mz_sDIA_400-900_21	0.004913715161759503	0	0
HASSGSFLPSANEHLK	3	Ste-2024-12-02_HeLa_4mz_sDIA_400-900_20	0.0013392585377731783	0	0
HGAEVIDTPVFELKDQGGELLSLR	3	Ste-2024-12-02_HeLa_4mz_sDIA_400-900_21	0.004680867943988258	0	0
HGLVPFAFVR	2	Ste-2024-12-02_HeLa_4mz_sDIA_400-900_21	0.005406846133343487	0	0
HLAC[+57.0215]LPR	2	Ste-2024-12-02_HeLa_4mz_sDIA_400-900_20	0.005783753914164671	0	0
HLATSDMLAAASK	3	Ste-2024-12-02_HeLa_4mz_sDIA_400-900_21	0.0016144296609697712	0	0
HLLVSNVGGDGEEIER	2	Ste-2024-12-02_HeLa_4mz_sDIA_400-900_21	0.0006796710392170189	0	0
HLSPYATLTVGDSSHK	2	Ste-2024-12-02_HeLa_4mz_sDIA_400-900_22	0.002518454190186713	0	0
HMNSAGVLATLR	3	Ste-2024-12-02_HeLa_4mz_sDIA_400-900_22	0.0009690644800596348	0	0
HNEFDFISGTR	2	Ste-2024-12-02_HeLa_4mz_sDIA_400-900_21	0.0009176717357105401	0	0
HPSTNSLLR	2	Ste-2024-12-02_HeLa_4mz_sDIA_400-900_20	0.004859283255719781	0	0
HSELLQKNVESFASMLR	3	Ste-2024-12-02_HeLa_4mz_sDIA_400-900_21	0.009265645146781012	0	0
HSFFSTIDWNK	3	Ste-2024-12-02_HeLa_4mz_sDIA_400-900_21	0.0020173805090006208	0	0
HSQEELLQR	2	Ste-2024-12-02_HeLa_4mz_sDIA_400-900_21	0.003810560696788242	0	0
HSVDGESLSSELQQLGLPK	3	Ste-2024-12-02_HeLa_4mz_sDIA_400-900_21	0.0009791921664626683	0	0
HVGMAVAGLLADAR	2	Ste-2024-12-02_HeLa_4mz_sDIA_400-900_20	0.0005167958656330749	0	0
HVVAVVLGDVGR	3	Ste-2024-12-02_HeLa_4mz_sDIA_400-900_22	0.0026954177897574125	0	0
IADQLEELNK	2	Ste-2024-12-02_HeLa_4mz_sDIA_400-900_21	0.0008409250175192712	0	0
IAMENDDGRTEEEK	2	Ste-2024-12-02_HeLa_4mz_sDIA_400-900_22	0.0008678044547295343	0	0
IAQLEEQLDNETK	2	Ste-2024-12-02_HeLa_4mz_sDIA_400-900_20	0.0005167958656330749	0	0
IASQELGPAVDK	3	Ste-2024-12-02_HeLa_4mz_sDIA_400-900_20	0.005846662989520132	0	0
IAVSNLHK	2	Ste-2024-12-02_HeLa_4mz_sDIA_400-900_20	0.0019933196853787307	0	0
IDASQTEFEKNVWSFLK	3	Ste-2024-12-02_HeLa_4mz_sDIA_400-900_21	0.0009633911368015414	0	0
IDMNLTDLLGELQR	2	Ste-2024-12-02_HeLa_4mz_sDIA_400-900_20	0.0005167958656330749	0	0
IDMNLTDLLGELQR	3	Ste-2024-12-02_HeLa_4mz_sDIA_400-900_20	0.0052609495529806665	0	0
IDTEILPSLFMR	2	Ste-2024-12-02_HeLa_4mz_sDIA_400-900_21	0.005993494865329094	0	0
IEEQSQSEK	2	Ste-2024-12-02_HeLa_4mz_sDIA_400-900_20	0.0019933196853787307	0	0
IEGEGSVLQAK	2	Ste-2024-12-02_HeLa_4mz_sDIA_400-900_20	0.001970609762963797	0	0
IEYVTVTPEGFR	2	Ste-2024-12-02_HeLa_4mz_sDIA_400-900_21	0.007199424046076314	0	0
IGIPEFK	2	Ste-2024-12-02_HeLa_4mz_sDIA_400-900_22	0.0010740417533731624	0	0
IGLDFC[+57.0215]K	2	Ste-2024-12-02_HeLa_4mz_sDIA_400-900_21	0.00854673998428908	0	0
IIDDSEITK	2	Ste-2024-12-02_HeLa_4mz_sDIA_400-900_21	0.0005566157760814249	0	0
IIVEGGGAVAALQAMK	3	Ste-2024-12-02_HeLa_4mz_sDIA_400-900_21	0.0018350604490500863	0	0
IIWSC[+57.0215]DWSPDSK	3	Ste-2024-12-02_HeLa_4mz_sDIA_400-900_21	0.007689980333820786	0	0
ILDNVSLPLVLELPVKLK	3	Ste-2024-12-02_HeLa_4mz_sDIA_400-900_21	0.006965444599232103	0	0
ILETTTFFQR	2	Ste-2024-12-02_HeLa_4mz_sDIA_400-900_21	0.0009176717357105401	0	0
ILHVDNHIGISIAGLTADAR	3	Ste-2024-12-02_HeLa_4mz_sDIA_400-900_22	0.007253566907311732	0	0
ILQEYITQEGHK	2	Ste-2024-12-02_HeLa_4mz_sDIA_400-900_21	0.0018493053250509745	0	0
IMSTPGGEEAIER	2	Ste-2024-12-02_HeLa_4mz_sDIA_400-900_21	0.00731961185911426	0	0
IPVPQQVAR	2	Ste-2024-12-02_HeLa_4mz_sDIA_400-900_20	0.0021865500506639646	0	0
IQELENLPGSLAGDLR	2	Ste-2024-12-02_HeLa_4mz_sDIA_400-900_22	0.0027008777852802163	0	0
IQFGTLSDFFDALDK	3	Ste-2024-12-02_HeLa_4mz_sDIA_400-900_20	0.006133726817695223	0	0
IQQLQEILQDLQKR	2	Ste-2024-12-02_HeLa_4mz_sDIA_400-900_21	0.005594363300976746	0	0
IQRPPEDSIQPYEK	2	Ste-2024-12-02_HeLa_4mz_sDIA_400-900_22	0.0038439942987949726	0	0
ISALALLK	2	Ste-2024-12-02_HeLa_4mz_sDIA_400-900_20	0.000847457627118644	0	0
ITC[+57.0215]LC[+57.0215]QVPQNAANR	2	Ste-2024-12-02_HeLa_4mz_sDIA_400-900_20	0.0005167958656330749	0	0
ITQNNAMK	2	Ste-2024-12-02_HeLa_4mz_sDIA_400-900_21	0.0009791921664626683	0	0
IVLELFADIVPK	2	Ste-2024-12-02_HeLa_4mz_sDIA_400-900_22	0.003455871183351056	0	0
IYIGDDNPLTLIVK	2	Ste-2024-12-02_HeLa_4mz_sDIA_400-900_21	0.0009791921664626683	0	0
IYQIYEGTSQIQR	2	Ste-2024-12-02_HeLa_4mz_sDIA_400-900_21	0.0005566157760814249	0	0
KADC[+57.0215]TITMADSDFLALMTGK	3	Ste-2024-12-02_HeLa_4mz_sDIA_400-900_20	0.000606354596167839	0	0
KADIDLTK	2	Ste-2024-12-02_HeLa_4mz_sDIA_400-900_20	0.0009266519352769263	0	0
KEDGSEVGVGGAQVTGSNTR	3	Ste-2024-12-02_HeLa_4mz_sDIA_400-900_20	0.006307215454479925	0	0
KIEEVETWLK	2	Ste-2024-12-02_HeLa_4mz_sDIA_400-900_20	0.009035313592054442	0	0
KPQDQLVIER	2	Ste-2024-12-02_HeLa_4mz_sDIA_400-900_21	0.0005566157760814249	0	0
KPYPDDENLVEVK	3	Ste-2024-12-02_HeLa_4mz_sDIA_400-900_21	0.0005566157760814249	0	0
LALNQISQISMK	3	Ste-2024-12-02_HeLa_4mz_sDIA_400-900_22	0.0060801879864884716	0	0
LANIDEEMLQK	2	Ste-2024-12-02_HeLa_4mz_sDIA_400-900_21	0.0009791921664626683	0	0
LASTEQTELLASK	2	Ste-2024-12-02_HeLa_4mz_sDIA_400-900_22	0.008313880983596074	0	0
LC[+57.0215]GDTSLNNMQR	2	Ste-2024-12-02_HeLa_4mz_sDIA_400-900_21	0.0005566157760814249	0	0
LDQILLNGNNITMLVPGGEGPEV	3	Ste-2024-12-02_HeLa_4mz_sDIA_400-900_21	0.0005566157760814249	0	0
LEELTNR	2	Ste-2024-12-02_HeLa_4mz_sDIA_400-900_21	0.0038584408579844832	0	0
LEGFHTQISK	2	Ste-2024-12-02_HeLa_4mz_sDIA_400-900_22	0.0008678044547295343	0	0
LEGHELPADLPPHLVPPSK	3	Ste-2024-12-02_HeLa_4mz_sDIA_400-900_20	0.00767220584293755	0	0
LEGIITR	2	Ste-2024-12-02_HeLa_4mz_sDIA_400-900_21	0.007948918425853532	0	0
LENTEDIEEVEQHIQTIK	3	Ste-2024-12-02_HeLa_4mz_sDIA_400-900_20	0.003067484662576687	0	0
LENWITSLAESQLQTR	3	Ste-2024-12-02_HeLa_4mz_sDIA_400-900_21	0.0005566157760814249	0	0
LEQEIATYR	2	Ste-2024-12-02_HeLa_4mz_sDIA_400-900_20	0.0005167958656330749	0	0
LESEGSPETLTNLRK	2	Ste-2024-12-02_HeLa_4mz_sDIA_400-900_21	0.0007305135510263716	0	0
LFEGNALLR	2	Ste-2024-12-02_HeLa_4mz_sDIA_400-900_20	0.0005167958656330749	0	0
LFELLEK	2	Ste-2024-12-02_HeLa_4mz_sDIA_400-900_21	0.0005566157760814249	0	0
LFLLEEITSEELK	3	Ste-2024-12-02_HeLa_4mz_sDIA_400-900_22	0.004896644648197443	0	0
LFPSASATEAIQR	2	Ste-2024-12-02_HeLa_4mz_sDIA_400-900_21	0.005545460241869791	0	0
LFVLLPEQSPVSYSK	2	Ste-2024-12-02_HeLa_4mz_sDIA_400-900_22	0.001968396303789163	0	0
LGQHVVGMAPLSVGSLDDEPGGEAETK	3	Ste-2024-12-02_HeLa_4mz_sDIA_400-900_21	0.0005566157760814249	0	0
LIDEVIEDTR	2	Ste-2024-12-02_HeLa_4mz_sDIA_400-900_21	0.0021886191802626344	0	0
LIDFLESGK	2	Ste-2024-12-02_HeLa_4mz_sDIA_400-900_20	0.0005167958656330749	0	0
LIIVEGC[+57.0215]QR	2	Ste-2024-12-02_HeLa_4mz_sDIA_400-900_21	0.0005566157760814249	0	0
LISLLNEK	2	Ste-2024-12-02_HeLa_4mz_sDIA_400-900_20	0.0009935748824269723	0	0
LLAELPASVHALTGVDLSK	3	Ste-2024-12-02_HeLa_4mz_sDIA_400-900_21	0.0005566157760814249	0	0
LLANMVYQYK	3	Ste-2024-12-02_HeLa_4mz_sDIA_400-900_21	0.0018043684710351377	0	0
LLASTTPEEILEK	3	Ste-2024-12-02_HeLa_4mz_sDIA_400-900_22	0.006539783684078142	0	0
LLDWLVDRWQSLVLTIR	3	Ste-2024-12-02_HeLa_4mz_sDIA_400-900_20	0.00701887836249222	0	0
LLGSLYALGIPK	3	Ste-2024-12-02_HeLa_4mz_sDIA_400-900_20	0.004970568999345977	0	0
LLLEQAANEIWESIK	2	Ste-2024-12-02_HeLa_4mz_sDIA_400-900_22	0.008213153980469508	0	0
LLSPSILKPFPLWTGK	2	Ste-2024-12-02_HeLa_4mz_sDIA_400-900_22	0.003455871183351056	0	0
LLVVTDPR	2	Ste-2024-12-02_HeLa_4mz_sDIA_400-900_20	0.0005167958656330749	0	0
LNQDVLLVNESK	2	Ste-2024-12-02_HeLa_4mz_sDIA_400-900_20	0.009249680520903062	0	0
LNQIMVGTGNGLAK	2	Ste-2024-12-02_HeLa_4mz_sDIA_400-900_21	0.0016660187704781474	0	0
LPEAGSLWLLK	3	Ste-2024-12-02_HeLa_4mz_sDIA_400-900_20	0.0013681518053655344	0	0
LPEEPITR	2	Ste-2024-12-02_HeLa_4mz_sDIA_400-900_21	0.007079945799457994	0	0
LPGEAPVIQR	2	Ste-2024-12-02_HeLa_4mz_sDIA_400-900_22	0.00896818948815699	0	0
LPLATIVKDLVAQAPLK	2	Ste-2024-12-02_HeLa_4mz_sDIA_400-900_21	0.007676527033287009	0	0
LPPVLANLMGSMGAGK	3	Ste-2024-12-02_HeLa_4mz_sDIA_400-900_22	0.001574993942330991	0	0
LPQTSDDEK	2	Ste-2024-12-02_HeLa_4mz_sDIA_400-900_20	0.0013681518053655344	0	0
LPVDLAEELGHR	3	Ste-2024-12-02_HeLa_4mz_sDIA_400-900_20	0.0005167958656330749	0	0
LQESPC[+57.0215]IFALTPR	2	Ste-2024-12-02_HeLa_4mz_sDIA_400-900_21	0.0053453684143140645	0	0
LQQTQNQVDEVVDIMR	3	Ste-2024-12-02_HeLa_4mz_sDIA_400-900_21	0.0006818181818181819	0	0
LQVLSLSHC[+57.0215]ELITDDGIR	3	Ste-2024-12-02_HeLa_4mz_sDIA_400-900_21	0.006270722214213637	0	0
LQWFEQQAK	2	Ste-2024-12-02_HeLa_4mz_sDIA_400-900_20	0.003396344460830317	0	0
LSDQFHDILIR	3	Ste-2024-12-02_HeLa_4mz_sDIA_400-900_20	0.0005167958656330749	0	0
LSGLEQPQGALQTR	2	Ste-2024-12-02_HeLa_4mz_sDIA_400-900_20	0.0005167958656330749	0	0
LSLDGQNIYNAC[+57.0215]C[+57.0215]TLR	3	Ste-2024-12-02_HeLa_4mz_sDIA_400-900_22	0.0010587238848108413	0	0
LSQQLC[+57.0215]DVTLQVKVVLASSSPVFK	3	Ste-2024-12-02_HeLa_4mz_sDIA_400-900_21	0.005993494865329094	0	0
LSTGC[+57.0215]TGTLVAEK	2	Ste-2024-12-02_HeLa_4mz_sDIA_400-900_21	0.0005566157760814249	0	0
LTDC[+57.0215]VVMRDPASK	3	Ste-2024-12-02_HeLa_4mz_sDIA_400-900_20	0.0005167958656330749	0	0
LTIIPQDPILFSGSLR	2	Ste-2024-12-02_HeLa_4mz_sDIA_400-900_21	0.0005566157760814249	0	0
LVAAGSYQR	2	Ste-2024-12-02_HeLa_4mz_sDIA_400-900_20	0.0022808041160558	0	0
LVAIVDPHIK	2	Ste-2024-12-02_HeLa_4mz_sDIA_400-900_21	0.0021886191802626344	0	0
LVEVIPEGAMLR	3	Ste-2024-12-02_HeLa_4mz_sDIA_400-900_21	0.0026069549834737676	0	0
LVHSAVDVPTIQEK	2	Ste-2024-12-02_HeLa_4mz_sDIA_400-900_22	0.004969431457808873	0	0
LVLSLEPLEHPLISSPSFFSK	3	Ste-2024-12-02_HeLa_4mz_sDIA_400-900_21	0.009253379297831807	0	0
LVPELDTIVPLESTK	3	Ste-2024-12-02_HeLa_4mz_sDIA_400-900_20	0.004970568999345977	0	0
LVTPHGESEQIGVIPSK	2	Ste-2024-12-02_HeLa_4mz_sDIA_400-900_21	0.005507563469010525	0	0
LWNLLMPTKGLLLDC[+57.0215]NVALTLK	3	Ste-2024-12-02_HeLa_4mz_sDIA_400-900_22	0.0032287822878228783	0	0
MFTSMDPPPVELIR	2	Ste-2024-12-02_HeLa_4mz_sDIA_400-900_20	0.003205421741917758	0	0
MLEQLDMR	2	Ste-2024-12-02_HeLa_4mz_sDIA_400-900_20	0.0005167958656330749	0	0
MQEQQADLQRER	2	Ste-2024-12-02_HeLa_4mz_sDIA_400-900_20	0.006689318326608622	0	0
MSDGLFLQK	2	Ste-2024-12-02_HeLa_4mz_sDIA_400-900_20	0.0019933196853787307	0	0
MSPLSIVTALVDK	3	Ste-2024-12-02_HeLa_4mz_sDIA_400-900_22	0.002314709753551491	0	0
MVNHFIAEFK	3	Ste-2024-12-02_HeLa_4mz_sDIA_400-900_21	0.0005566157760814249	0	0
NAGQVVHLTLVR	3	Ste-2024-12-02_HeLa_4mz_sDIA_400-900_21	0.006446252578501031	0	0
NEDLTELLNGMDEELDSPEELGK	3	Ste-2024-12-02_HeLa_4mz_sDIA_400-900_21	0.0031601731601731604	0	0
NELFDAAK	2	Ste-2024-12-02_HeLa_4mz_sDIA_400-900_21	0.0017591116486174482	0	0
NEVSFVIHNLPIIAK	3	Ste-2024-12-02_HeLa_4mz_sDIA_400-900_22	0.0008678044547295343	0	0
NFRPDDPTR	2	Ste-2024-12-02_HeLa_4mz_sDIA_400-900_21	0.006397124887690926	0	0
NFVDSPIIVDITK	2	Ste-2024-12-02_HeLa_4mz_sDIA_400-900_22	0.0026290986656084133	0	0
NFYVEHPEVAR	3	Ste-2024-12-02_HeLa_4mz_sDIA_400-900_20	0.0005167958656330749	0	0
NILSVVGTDALK	3	Ste-2024-12-02_HeLa_4mz_sDIA_400-900_21	0.0016869263210121557	0	0
NKPNMSDPEESR	2	Ste-2024-12-02_HeLa_4mz_sDIA_400-900_21	0.0057962398751579105	0	0
NPLPPSVGVVDKK	3	Ste-2024-12-02_HeLa_4mz_sDIA_400-900_21	0.0008409250175192712	0	0
NPVLQQVLEGR	2	Ste-2024-12-02_HeLa_4mz_sDIA_400-900_21	0.0013282513282513282	0	0
NSEPEEVIPSR	2	Ste-2024-12-02_HeLa_4mz_sDIA_400-900_21	0.0005566157760814249	0	0
NSSNTSVGSPSNTIGR	2	Ste-2024-12-02_HeLa_4mz_sDIA_400-900_21	0.0005566157760814249	0	0
NTLFNLSNFLDK	3	Ste-2024-12-02_HeLa_4mz_sDIA_400-900_20	0.005836692941813587	0	0
NTPASASLEGLAQTAGR	3	Ste-2024-12-02_HeLa_4mz_sDIA_400-900_20	0.005672364241415822	0	0
NVTLNPDPNEIK	3	Ste-2024-12-02_HeLa_4mz_sDIA_400-900_22	0.002839973658215344	0	0
NYLPLLEPVKPEPK	3	Ste-2024-12-02_HeLa_4mz_sDIA_400-900_22	0.0008678044547295343	0	0
PAGLLFQQPDLDSALQIAR	3	Ste-2024-12-02_HeLa_4mz_sDIA_400-900_21	0.0008409250175192712	0	0
PFSVDFFR	2	Ste-2024-12-02_HeLa_4mz_sDIA_400-900_21	0.005406846133343487	0	0
PGFSIADK	2	Ste-2024-12-02_HeLa_4mz_sDIA_400-900_21	0.0005566157760814249	0	0
PGPELGGEFPVQDLK	2	Ste-2024-12-02_HeLa_4mz_sDIA_400-900_20	0.005100830367734282	0	0
PGVAC[+57.0215]SVSQAQK	3	Ste-2024-12-02_HeLa_4mz_sDIA_400-900_20	0.004806872805372789	0	0
PGVAVAC[+57.0215]C[+57.0215]WLLTVVLR	3	Ste-2024-12-02_HeLa_4mz_sDIA_400-900_22	0.004089893325462749	0	0
PHSVSLNDTETR	2	Ste-2024-12-02_HeLa_4mz_sDIA_400-900_20	0.0005167958656330749	0	0
PNMVTPGHAC[+57.0215]TQK	3	Ste-2024-12-02_HeLa_4mz_sDIA_400-900_20	0.0005167958656330749	0	0
PSTPGLSVVSGISATSEDIPNK	3	Ste-2024-12-02_HeLa_4mz_sDIA_400-900_21	0.008351662363329189	0	0
PVHLTAFLGYK	2	Ste-2024-12-02_HeLa_4mz_sDIA_400-900_22	0.004423249706268574	0	0
PVIC[+57.0215]SLAAIIK	2	Ste-2024-12-02_HeLa_4mz_sDIA_400-900_20	0.009177388865174706	0	0
PVTVEPMDQLDDEEGLPEK	3	Ste-2024-12-02_HeLa_4mz_sDIA_400-900_21	0.0009633911368015414	0	0
QAGLLAVMAQMGC[+57.0215]YVPAEVC[+57.0215]R	3	Ste-2024-12-02_HeLa_4mz_sDIA_400-900_21	0.0009176717357105401	0	0
QC[+57.0215]IHQLC[+57.0215]FTSLR	3	Ste-2024-12-02_HeLa_4mz_sDIA_400-900_21	0.0005566157760814249	0	0
QEELTPLGVHLAR	3	Ste-2024-12-02_HeLa_4mz_sDIA_400-900_20	0.0013392585377731783	0	0
QFESLPATHIR	2	Ste-2024-12-02_HeLa_4mz_sDIA_400-900_22	0.0056041501003445795	0	0
QHLEETTQK	2	Ste-2024-12-02_HeLa_4mz_sDIA_400-900_20	0.005328251400124455	0	0
QHLENDPGSNEDTDIPK	3	Ste-2024-12-02_HeLa_4mz_sDIA_400-900_21	0.0008409250175192712	0	0
QILIAC[+57.0215]SPVSSVR	2	Ste-2024-12-02_HeLa_4mz_sDIA_400-900_21	0.001028495371770827	0	0
QLEMILNKPGLK	2	Ste-2024-12-02_HeLa_4mz_sDIA_400-900_22	0.0009972575417601596	0	0
QLSSSVTGLTNIEEENC[+57.0215]QR	3	Ste-2024-12-02_HeLa_4mz_sDIA_400-900_21	0.006945863125638407	0	0
QLVNMC[+57.0215]INPDPEK	3	Ste-2024-12-02_HeLa_4mz_sDIA_400-900_22	0.004089893325462749	0	0
QNEDIEPTSSR	3	Ste-2024-12-02_HeLa_4mz_sDIA_400-900_21	0.005993494865329094	0	0
QNGTVVGTDIAELLLR	2	Ste-2024-12-02_HeLa_4mz_sDIA_400-900_20	0.004995918367346939	0	0
QPAENVNQYLTDPK	2	Ste-2024-12-02_HeLa_4mz_sDIA_400-900_21	0.0005566157760814249	0	0
QSGYGGQTK	2	Ste-2024-12-02_HeLa_4mz_sDIA_400-900_21	0.0013582342954159593	0	0
QSMAFSILNTPK	2	Ste-2024-12-02_HeLa_4mz_sDIA_400-900_21	0.002987470459713738	0	0
QTSDGNWLMVHR	3	Ste-2024-12-02_HeLa_4mz_sDIA_400-900_20	0.0009266519352769263	0	0
QVVEEPSPQLPADK	2	Ste-2024-12-02_HeLa_4mz_sDIA_400-900_22	0.0009690644800596348	0	0
RHATAEEVEEEER	2	Ste-2024-12-02_HeLa_4mz_sDIA_400-900_20	0.005632595585759329	0	0
RLEEPEEPK	2	Ste-2024-12-02_HeLa_4mz_sDIA_400-900_21	0.0005566157760814249	0	0
RPTPAEEPGELEDNYLEYLR	3	Ste-2024-12-02_HeLa_4mz_sDIA_400-900_20	0.006364617044228695	0	0
RVESQLK	2	Ste-2024-12-02_HeLa_4mz_sDIA_400-900_21	0.0005566157760814249	0	0
SDHLIQTDTVNLHR	2	Ste-2024-12-02_HeLa_4mz_sDIA_400-900_22	0.0024864024864024864	0	0
SDVQIHVPTFTFR	3	Ste-2024-12-02_HeLa_4mz_sDIA_400-900_22	0.007313671463074463	0	0
SDYLNTFEFMDK	2	Ste-2024-12-02_HeLa_4mz_sDIA_400-900_20	0.0005167958656330749	0	0
SEAASPALPVITK	3	Ste-2024-12-02_HeLa_4mz_sDIA_400-900_22	0.0010740417533731624	0	0
SEDEPPAASASAAPPPQR	2	Ste-2024-12-02_HeLa_4mz_sDIA_400-900_21	0.005244890088700347	0	0
SEFEQNLSEK	2	Ste-2024-12-02_HeLa_4mz_sDIA_400-900_22	0.0008678044547295343	0	0
SEIEVISEPPEEK	2	Ste-2024-12-02_HeLa_4mz_sDIA_400-900_20	0.0036107802263251935	0	0
SFDVNKPGC[+57.0215]EVDDLK	3	Ste-2024-12-02_HeLa_4mz_sDIA_400-900_20	0.0005167958656330749	0	0
SGLEELVLSEMNSPSR	3	Ste-2024-12-02_HeLa_4mz_sDIA_400-900_20	0.0017802393432894868	0	0
SGLLVLTTPLASLAPR	2	Ste-2024-12-02_HeLa_4mz_sDIA_400-900_20	0.0005167958656330749	0	0
SGSALELSVENVK	2	Ste-2024-12-02_HeLa_4mz_sDIA_400-900_20	0.002528510243046597	0	0
SHSLSQHTATSSK	2	Ste-2024-12-02_HeLa_4mz_sDIA_400-900_20	0.0011613652493709273	0	0
SHTEEDC[+57.0215]TEELFDFLHAR	3	Ste-2024-12-02_HeLa_4mz_sDIA_400-900_21	0.0005566157760814249	0	0
SIATDVLLGLLK	2	Ste-2024-12-02_HeLa_4mz_sDIA_400-900_20	0.0030041306796845663	0	0
SIIGMGTGAGAYILTR	2	Ste-2024-12-02_HeLa_4mz_sDIA_400-900_21	0.0009633911368015414	0	0
SINDMMSSMSDQTVR	2	Ste-2024-12-02_HeLa_4mz_sDIA_400-900_21	0.002584222149133111	0	0
SLPAEINRFLPEFPSC[+57.0215]SLLK	3	Ste-2024-12-02_HeLa_4mz_sDIA_400-900_21	0.0020173805090006208	0	0
SLPSAVYC[+57.0215]IEDK	3	Ste-2024-12-02_HeLa_4mz_sDIA_400-900_21	0.0045291107730604345	0	0
SLVALLVETQMK	2	Ste-2024-12-02_HeLa_4mz_sDIA_400-900_21	0.0005566157760814249	0	0
SNILLLGPTGSGK	2	Ste-2024-12-02_HeLa_4mz_sDIA_400-900_20	0.0009266519352769263	0	0
SPGEPGGAAPER	2	Ste-2024-12-02_HeLa_4mz_sDIA_400-900_20	0.006689318326608622	0	0
SQGSQAELHPLPQLK	3	Ste-2024-12-02_HeLa_4mz_sDIA_400-900_21	0.005884275907159202	0	0
SQIYGSR	2	Ste-2024-12-02_HeLa_4mz_sDIA_400-900_20	0.006337318162177733	0	0
SQLIMQAEAEAASVR	2	Ste-2024-12-02_HeLa_4mz_sDIA_400-900_21	0.0006818181818181819	0	0
SQPDPVDTPTSSKPQSK	2	Ste-2024-12-02_HeLa_4mz_sDIA_400-900_20	0.0006349878293999365	0	0
SQTEAVTFLANHDDSR	3	Ste-2024-12-02_HeLa_4mz_sDIA_400-900_21	0.0008969228646336415	0	0
SSC[+57.0215]ELEVLLR	2	Ste-2024-12-02_HeLa_4mz_sDIA_400-900_20	0.005540483741545986	0	0
SSGPTSLFAVTVAPPGAR	3	Ste-2024-12-02_HeLa_4mz_sDIA_400-900_20	0.0005680527152919791	0	0
SSPDLTGVVHIYEELK	3	Ste-2024-12-02_HeLa_4mz_sDIA_400-900_21	0.0026069549834737676	0	0
SSPLLNYNTGVYR	2	Ste-2024-12-02_HeLa_4mz_sDIA_400-900_22	0.008313880983596074	0	0
SSTPTTIFPIR	2	Ste-2024-12-02_HeLa_4mz_sDIA_400-900_21	0.0009791921664626683	0	0
STFVNILK	2	Ste-2024-12-02_HeLa_4mz_sDIA_400-900_22	0.003602811950790861	0	0
STLMDTLFNTK	2	Ste-2024-12-02_HeLa_4mz_sDIA_400-900_21	0.0005566157760814249	0	0
STLPGSTTSNK	2	Ste-2024-12-02_HeLa_4mz_sDIA_400-900_21	0.0007305135510263716	0	0
STTTGHLIYK	2	Ste-2024-12-02_HeLa_4mz_sDIA_400-900_20	0.0005167958656330749	0	0
SVAHGQAPEMPLVK	3	Ste-2024-12-02_HeLa_4mz_sDIA_400-900_21	0.005625984547295777	0	0
SYFPYLMAVLTPK	3	Ste-2024-12-02_HeLa_4mz_sDIA_400-900_20	0.003525626900533251	0	0
SYLYFTQFK	2	Ste-2024-12-02_HeLa_4mz_sDIA_400-900_20	0.0009266519352769263	0	0
SYMAPER	2	Ste-2024-12-02_HeLa_4mz_sDIA_400-900_21	0.005179144281683608	0	0
SYSSGGEDGYVR	2	Ste-2024-12-02_HeLa_4mz_sDIA_400-900_20	0.0005167958656330749	0	0
TADDPSLSLIK	2	Ste-2024-12-02_HeLa_4mz_sDIA_400-900_21	0.0013582342954159593	0	0
TAGDGWFGMK	2	Ste-2024-12-02_HeLa_4mz_sDIA_400-900_20	0.003067484662576687	0	0
TASEGDGGAAAGAAAAGAR	2	Ste-2024-12-02_HeLa_4mz_sDIA_400-900_21	0.0009176717357105401	0	0
TDPSSLGATSASFNFGKDTTQSK	3	Ste-2024-12-02_HeLa_4mz_sDIA_400-900_20	0.0030735354832790497	0	0
TDSFVPR	2	Ste-2024-12-02_HeLa_4mz_sDIA_400-900_22	0.006972146102882514	0	0
THQPSDEVGTSIEHPR	3	Ste-2024-12-02_HeLa_4mz_sDIA_400-900_20	0.0009935748824269723	0	0
TIILFTK	2	Ste-2024-12-02_HeLa_4mz_sDIA_400-900_21	0.001028495371770827	0	0
TILSLMTR	2	Ste-2024-12-02_HeLa_4mz_sDIA_400-900_20	0.0005167958656330749	0	0
TIVITSHPGQIVK	2	Ste-2024-12-02_HeLa_4mz_sDIA_400-900_20	0.0007898894154818325	0	0
TKPMLETEVLDNDGGGLATIFEP	3	Ste-2024-12-02_HeLa_4mz_sDIA_400-900_22	0.0033088568579457893	0	0
TLAAEMQELR	2	Ste-2024-12-02_HeLa_4mz_sDIA_400-900_22	0.0016170569563394622	0	0
TLQIFNIEMK	2	Ste-2024-12-02_HeLa_4mz_sDIA_400-900_20	0.0005167958656330749	0	0
TLSTSDDVEDRENEK	2	Ste-2024-12-02_HeLa_4mz_sDIA_400-900_21	0.0036797360741022715	0	0
TNGDSQQPSSSGLASSK	2	Ste-2024-12-02_HeLa_4mz_sDIA_400-900_20	0.000847457627118644	0	0
TPDGTENGDFLALDLGGTNFR	3	Ste-2024-12-02_HeLa_4mz_sDIA_400-900_21	0.0020173805090006208	0	0
TPIFLNEVLVKAASEQYIDTEK	3	Ste-2024-12-02_HeLa_4mz_sDIA_400-900_22	0.009695459242599234	0	0
TQFPSLDIEVDGGVGPDTVHK	3	Ste-2024-12-02_HeLa_4mz_sDIA_400-900_22	0.0017017780646675664	0	0
TSPQEGER	2	Ste-2024-12-02_HeLa_4mz_sDIA_400-900_20	0.0009340182800720528	0	0
TVDSQGPTPVC[+57.0215]TPTFLER	3	Ste-2024-12-02_HeLa_4mz_sDIA_400-900_21	0.0005566157760814249	0	0
TVEFLQEYIVNR	2	Ste-2024-12-02_HeLa_4mz_sDIA_400-900_21	0.0021886191802626344	0	0
TVSGVNGPLVILDHVK	3	Ste-2024-12-02_HeLa_4mz_sDIA_400-900_21	0.0024667931688804553	0	0
TVTPALSSNVLPR	3	Ste-2024-12-02_HeLa_4mz_sDIA_400-900_21	0.0019700022386389075	0	0
TWYPEVPK	2	Ste-2024-12-02_HeLa_4mz_sDIA_400-900_22	0.0018706422538404851	0	0
TYDLLFK	2	Ste-2024-12-02_HeLa_4mz_sDIA_400-900_21	0.0005566157760814249	0	0
VAC[+57.0215]C[+57.0215]PLER	2	Ste-2024-12-02_HeLa_4mz_sDIA_400-900_22	0.005402068220404383	0	0
VAEELALEQAK	2	Ste-2024-12-02_HeLa_4mz_sDIA_400-900_21	0.0005566157760814249	0	0
VATLNSEEESDPPTYK	2	Ste-2024-12-02_HeLa_4mz_sDIA_400-900_21	0.0005566157760814249	0	0
VAYGGTGDAATR	2	Ste-2024-12-02_HeLa_4mz_sDIA_400-900_20	0.007428918754643074	0	0
VDAQFGGIDQR	2	Ste-2024-12-02_HeLa_4mz_sDIA_400-900_20	0.0005167958656330749	0	0
VDIDVPDVNLEAPEGK	2	Ste-2024-12-02_HeLa_4mz_sDIA_400-900_20	0.0005167958656330749	0	0
VDLQSLPTR	2	Ste-2024-12-02_HeLa_4mz_sDIA_400-900_21	0.0005566157760814249	0	0
VFNELLVLLPDTAK	3	Ste-2024-12-02_HeLa_4mz_sDIA_400-900_22	0.00487724501565332	0	0
VGDQILLAIK	2	Ste-2024-12-02_HeLa_4mz_sDIA_400-900_21	0.0005566157760814249	0	0
VGTEC[+57.0215]GNQK	2	Ste-2024-12-02_HeLa_4mz_sDIA_400-900_21	0.0005566157760814249	0	0
VHQLYETIQR	2	Ste-2024-12-02_HeLa_4mz_sDIA_400-900_21	0.0005566157760814249	0	0
VKPLQDQNELFGK	2	Ste-2024-12-02_HeLa_4mz_sDIA_400-900_22	0.0009690644800596348	0	0
VLAFLSSVAGDALTR	3	Ste-2024-12-02_HeLa_4mz_sDIA_400-900_22	0.003149532270953791	0	0
VLC[+57.0215]GGDIYVPEDPK	2	Ste-2024-12-02_HeLa_4mz_sDIA_400-900_20	0.0005167958656330749	0	0
VLPANSMAESR	2	Ste-2024-12-02_HeLa_4mz_sDIA_400-900_21	0.0005566157760814249	0	0
VLQEALC[+57.0215]VISGVPGLK	2	Ste-2024-12-02_HeLa_4mz_sDIA_400-900_21	0.0005566157760814249	0	0
VLWIPAC[+57.0215]PL	2	Ste-2024-12-02_HeLa_4mz_sDIA_400-900_20	0.0014718869590815426	0	0
VLYAYGYYTGEPSK	2	Ste-2024-12-02_HeLa_4mz_sDIA_400-900_21	0.0006818181818181819	0	0
VMIWDDLK	2	Ste-2024-12-02_HeLa_4mz_sDIA_400-900_20	0.0047476059081317966	0	0
VMPAPPPK	2	Ste-2024-12-02_HeLa_4mz_sDIA_400-900_21	0.0005566157760814249	0	0
VMVLDFVTPTPLGTR	3	Ste-2024-12-02_HeLa_4mz_sDIA_400-900_21	0.0005566157760814249	0	0
VNAVPRPIPEK	2	Ste-2024-12-02_HeLa_4mz_sDIA_400-900_22	0.007531690259238089	0	0
VNDFLAEIFKK	3	Ste-2024-12-02_HeLa_4mz_sDIA_400-900_22	0.002204064079131276	0	0
VQAWYMDDAPGDPR	2	Ste-2024-12-02_HeLa_4mz_sDIA_400-900_21	0.0008409250175192712	0	0
VTEGQQER	2	Ste-2024-12-02_HeLa_4mz_sDIA_400-900_20	0.000606354596167839	0	0
VTMINAIPVASLDPIK	3	Ste-2024-12-02_HeLa_4mz_sDIA_400-900_22	0.0039733676975945015	0	0
VTPPAVTGSPEFER	2	Ste-2024-12-02_HeLa_4mz_sDIA_400-900_21	0.0005566157760814249	0	0
VVNGAAASQPPSK	2	Ste-2024-12-02_HeLa_4mz_sDIA_400-900_20	0.0005167958656330749	0	0
VVNSETPVVVDFHAQWC[+57.0215]GPC[+57.0215]K	3	Ste-2024-12-02_HeLa_4mz_sDIA_400-900_21	0.007848523496517218	0	0
VVVC[+57.0215]DNGTGFVK	3	Ste-2024-12-02_HeLa_4mz_sDIA_400-900_20	0.005080771235018239	0	0
VWDDGIIDPADTR	3	Ste-2024-12-02_HeLa_4mz_sDIA_400-900_21	0.00568904858148065	0	0
VWNNSSTVNAVPVAPPVC[+57.0215]DVAR	3	Ste-2024-12-02_HeLa_4mz_sDIA_400-900_20	0.007786131996658312	0	0
WLAPDGLIFPDR	2	Ste-2024-12-02_HeLa_4mz_sDIA_400-900_20	0.0005167958656330749	0	0
WLLLC[+57.0215]NPGLAELIAEK	3	Ste-2024-12-02_HeLa_4mz_sDIA_400-900_20	0.002365930599369085	0	0
WNENVQYLSEDR	2	Ste-2024-12-02_HeLa_4mz_sDIA_400-900_20	0.005397070161912105	0	0
WQPTASEPVK	2	Ste-2024-12-02_HeLa_4mz_sDIA_400-900_22	0.006129340086618219	0	0
WSNAGELMELIR	2	Ste-2024-12-02_HeLa_4mz_sDIA_400-900_21	0.0005566157760814249	0	0
YC[+57.0215]LELTEAGLK	3	Ste-2024-12-02_HeLa_4mz_sDIA_400-900_20	0.004211047807778053	0	0
YDNEAIGLWLPLTK	3	Ste-2024-12-02_HeLa_4mz_sDIA_400-900_20	0.006364617044228695	0	0
YEDEINK	2	Ste-2024-12-02_HeLa_4mz_sDIA_400-900_20	0.0005167958656330749	0	0
YEELFPAFSDSR	2	Ste-2024-12-02_HeLa_4mz_sDIA_400-900_21	0.0005566157760814249	0	0
YGGQPVPNFPSK	2	Ste-2024-12-02_HeLa_4mz_sDIA_400-900_20	0.0005167958656330749	0	0
YIGTGHADTTKWEWLVNQHR	3	Ste-2024-12-02_HeLa_4mz_sDIA_400-900_22	0.009943860487338748	0	0
YITQNGDYQLR	3	Ste-2024-12-02_HeLa_4mz_sDIA_400-900_22	0.007444946579242966	0	0
YLAVESPFLK	2	Ste-2024-12-02_HeLa_4mz_sDIA_400-900_21	0.0005566157760814249	0	0
YNVLGAETVLNQMR	2	Ste-2024-12-02_HeLa_4mz_sDIA_400-900_21	0.0005566157760814249	0	0
YVTGAC[+57.0215]C[+57.0215]LFLAGK	3	Ste-2024-12-02_HeLa_4mz_sDIA_400-900_22	0.006220670086216305	0	0
YYFEGIK	2	Ste-2024-12-02_HeLa_4mz_sDIA_400-900_22	0.0026163522012578617	0	0
