peptideModSeq	precursorCharge	FileName	StartRT	EndRT	ApexRT	ApexIntensity	IntegratedArea
AAGFKDPLLASGTDGVGTK	3	Ste-2024-12-02_HeLa_4mz_sDIA_400-900_22	12.13293108395	12.37702650975	12.255034064117	0	3139.0554539709456
AASVVQPQPLVVVK	2	Ste-2024-12-02_HeLa_4mz_sDIA_400-900_21	12.914910999967	13.067571467267	13.006531524267	0	781.9423628176348
AATENIPVVR	2	Ste-2024-12-02_HeLa_4mz_sDIA_400-900_21	9.20931321885	9.392872280367	9.331683773267	0	1947.2768057011315
AAVENLPTFLVELSR	3	Ste-2024-12-02_HeLa_4mz_sDIA_400-900_22	21.089528076233	21.337454491733	21.213476983717	0	6873.333597971444
AEVLWLMGAK	2	Ste-2024-12-02_HeLa_4mz_sDIA_400-900_21	16.8579001154	17.011618907167	16.950147563867	0	5484.5665096202165
AFPEHFTYEPNEADAAQGYR	3	Ste-2024-12-02_HeLa_4mz_sDIA_400-900_20	12.14618541325	12.39037309075	12.268368283883	0	2058.581474389163
AGEGTYALDSESC[+57.0215]MEK	2	Ste-2024-12-02_HeLa_4mz_sDIA_400-900_21	9.535656850433	9.78027449365	9.6579157259	0	1394.2951455400896
AGVNTVTTLVENKK	3	Ste-2024-12-02_HeLa_4mz_sDIA_400-900_22	10.034884695583	10.218151355267	10.096006168333	0	6464.050368248906
AIEINPDSAQPYK	2	Ste-2024-12-02_HeLa_4mz_sDIA_400-900_22	10.675034130533	10.858077009917	10.797068436917	0	7142.927669052584
AIPSFLNSFNR	2	Ste-2024-12-02_HeLa_4mz_sDIA_400-900_21	16.462949833933	16.616534600767	16.555089936383	0	1748.542112963464
AKPAEAPAAAAPK	2	Ste-2024-12-02_HeLa_4mz_sDIA_400-900_22	4.3342681788	4.580079915683	4.457204872867	0	2097.4719561169245
ALDDISESIK	2	Ste-2024-12-02_HeLa_4mz_sDIA_400-900_22	11.152855597133	11.305420787783	11.24438365105	0	5906.632748699515
ALWEDEGVR	2	Ste-2024-12-02_HeLa_4mz_sDIA_400-900_21	10.859126455433	10.98127673575	10.920190693583	0	5198.317358837551
AQAALAVNISAAR	2	Ste-2024-12-02_HeLa_4mz_sDIA_400-900_21	11.38326092825	11.50527292065	11.444252912517	0	2489.4957900706722
AQAEAQQPTFDALRDELR	3	Ste-2024-12-02_HeLa_4mz_sDIA_400-900_22	13.69518656935	13.8787473571	13.817585654133	0	5217.94056119633
AQEAGLQQEQR	2	Ste-2024-12-02_HeLa_4mz_sDIA_400-900_22	4.582006285917	4.70499971705	4.61277050855	0	240.7315754243497
AQTAHIVLEDGTK	2	Ste-2024-12-02_HeLa_4mz_sDIA_400-900_22	7.526919899783	7.710222491133	7.58807366095	0	3880.9796615651876
AQVARPGGDTIFGK	3	Ste-2024-12-02_HeLa_4mz_sDIA_400-900_22	8.964413911517	9.147592536433	9.086526118867	0	16522.08460244795
ATAGAYIASQTVK	2	Ste-2024-12-02_HeLa_4mz_sDIA_400-900_22	8.685369536267	8.868651606767	8.807540902617	0	9873.36624715032
AVEVQGPSLESGDHGK	2	Ste-2024-12-02_HeLa_4mz_sDIA_400-900_22	7.808993360233	8.053668056983	7.931409569117	0	1625.223966417666
AVLQEEQANLWFSK	2	Ste-2024-12-02_HeLa_4mz_sDIA_400-900_20	15.666692817567	15.789510851733	15.6974057367	0	727.9002681671766
AVSSAIAQLLGEVAQGNENYAGIAAR	3	Ste-2024-12-02_HeLa_4mz_sDIA_400-900_22	22.210109832367	22.397114395917	22.334720333633	0	1855.404236844078
C[+57.0215]C[+57.0215]LTYC[+57.0215]FNKPEDK	3	Ste-2024-12-02_HeLa_4mz_sDIA_400-900_22	9.5060860576	9.689349986633	9.567120143617	0	16195.611188223227
DAGYGGISLAVEGPSK	2	Ste-2024-12-02_HeLa_4mz_sDIA_400-900_22	13.913839970917	14.158274715333	13.975025764117	0	11041.353984300591
DC[+57.0215]QIAHGAAQFLR	2	Ste-2024-12-02_HeLa_4mz_sDIA_400-900_22	12.049835587383	12.23292671095	12.110839957317	0	687.9318126209745
DDVIVTASNFSSER	2	Ste-2024-12-02_HeLa_4mz_sDIA_400-900_20	12.695650829617	12.878861068117	12.78726928355	0	918.0245624049684
DGDGTITTK	2	Ste-2024-12-02_HeLa_4mz_sDIA_400-900_21	3.86772130265	4.176095293883	3.960161442033	0	10982.93018958985
DGIDDESYEAIFKPVMSK	3	Ste-2024-12-02_HeLa_4mz_sDIA_400-900_22	17.069009502117	17.253768765767	17.192193467333	0	1448.1329558295313
DHLVTAYNHLFETK	3	Ste-2024-12-02_HeLa_4mz_sDIA_400-900_22	12.222097128967	12.344146309517	12.283143401183	0	7772.552585840861
DHSPDLYSLELAGLDEIGK	3	Ste-2024-12-02_HeLa_4mz_sDIA_400-900_21	19.175685438333	19.360791325567	19.237365500933	0	1792.0400481923018
DILVATDVAGR	2	Ste-2024-12-02_HeLa_4mz_sDIA_400-900_21	12.508747823833	12.692048226567	12.5698976359	0	11500.94509002729
DLEALMFDR	2	Ste-2024-12-02_HeLa_4mz_sDIA_400-900_22	17.615847594517	17.8625887909	17.739220541267	0	6276.526111335307
DLLFQALGR	2	Ste-2024-12-02_HeLa_4mz_sDIA_400-900_21	17.501354655583	17.7477883872	17.624533095217	0	2109.3221645842273
DMPLLSC[+57.0215]LESLR	2	Ste-2024-12-02_HeLa_4mz_sDIA_400-900_21	21.401573203233	21.711685795667	21.61855685335	0	4486.539429130834
DMSPLSETEMALGK	2	Ste-2024-12-02_HeLa_4mz_sDIA_400-900_21	16.132104846667	16.31656112725	16.193582725683	0	3409.3547800650704
DNTSVYHISGK	2	Ste-2024-12-02_HeLa_4mz_sDIA_400-900_21	6.6116366268	6.73426431075	6.672974556283	0	1574.4465454522956
DPSASNGGGSPAR	2	Ste-2024-12-02_HeLa_4mz_sDIA_400-900_20	3.074046886717	3.196970234017	3.135523088817	0	214.0462529767658
DPSQPQQWVSSQVLLC[+57.0215]K	3	Ste-2024-12-02_HeLa_4mz_sDIA_400-900_21	16.21900748545	16.4034709425	16.28051789895	0	979.1242996541478
DSLSVNEFK	2	Ste-2024-12-02_HeLa_4mz_sDIA_400-900_21	10.949542957217	11.193693860167	11.071675567917	0	7115.337087363619
DTSVEDALER	2	Ste-2024-12-02_HeLa_4mz_sDIA_400-900_21	10.280881919017	10.4640580247	10.341927700083	0	2412.9513471623063
DVEGSTSPQIGDK	2	Ste-2024-12-02_HeLa_4mz_sDIA_400-900_22	7.03629108495	7.2198500679	7.09741440585	0	4825.066134261858
DVQNFPAATDEK	2	Ste-2024-12-02_HeLa_4mz_sDIA_400-900_22	8.747896799183	8.870095549233	8.808985507517	0	1111.727422835888
EAC[+57.0215]PELDYFVVFSSVSC[+57.0215]GR	3	Ste-2024-12-02_HeLa_4mz_sDIA_400-900_22	20.83673016445	20.960244356533	20.898432826867	0	379.27401351680714
EANFTVSSMHGDMPQK	3	Ste-2024-12-02_HeLa_4mz_sDIA_400-900_22	9.8429857397	10.026233195533	9.9040376635	0	9286.981867897066
EAQNDLEQVLR	2	Ste-2024-12-02_HeLa_4mz_sDIA_400-900_20	12.4446614882	12.566764003083	12.475177723667	0	1567.9435854627795
EATTDFTVDSR	2	Ste-2024-12-02_HeLa_4mz_sDIA_400-900_22	8.65361078915	8.867446095667	8.714716804633	0	14348.521990039259
EDEISLEDLIER	2	Ste-2024-12-02_HeLa_4mz_sDIA_400-900_20	18.1826841325	18.429143936117	18.305945405333	0	8287.309142730377
EDFLNIC[+57.0215]IEPDTISK	2	Ste-2024-12-02_HeLa_4mz_sDIA_400-900_20	18.25444973475	18.4084708505	18.316062345517	0	901.7806537582508
EEDQATLVEQVK	2	Ste-2024-12-02_HeLa_4mz_sDIA_400-900_21	9.7082257518	10.07479270205	9.891698771717	0	2651.140666496958
EEFAVPENSSVQQFK	2	Ste-2024-12-02_HeLa_4mz_sDIA_400-900_22	12.606820576167	12.851216023983	12.7291233631	0	3322.4946213464295
EEIPEEELAEDVEEIDHAER	3	Ste-2024-12-02_HeLa_4mz_sDIA_400-900_21	17.3641346391	17.610346433183	17.4872163209	0	3211.200726668044
EELVITPLPSGDVAATFQFR	3	Ste-2024-12-02_HeLa_4mz_sDIA_400-900_21	20.381559181667	20.597745099083	20.4742066037	0	591.0477206189236
ELAQQIQK	2	Ste-2024-12-02_HeLa_4mz_sDIA_400-900_21	5.898601541467	6.08249758625	6.021148034917	0	43161.31634183878
ELEEAMAGER	2	Ste-2024-12-02_HeLa_4mz_sDIA_400-900_20	7.7049019883	7.91908377745	7.79666100475	0	10195.319838803516
ENAGVDPTLAIPMIQK	2	Ste-2024-12-02_HeLa_4mz_sDIA_400-900_21	16.721738473983	16.906239959217	16.813990669333	0	1004.9542618123223
ENLELILTQSVENVGVR	3	Ste-2024-12-02_HeLa_4mz_sDIA_400-900_22	20.336306157567	20.521313222167	20.39798887595	0	1781.7056057384746
ERDFTSLENTVEER	2	Ste-2024-12-02_HeLa_4mz_sDIA_400-900_20	11.327531515917	11.541050727317	11.480012600383	0	497.7015989821542
ESEFDDEPK	2	Ste-2024-12-02_HeLa_4mz_sDIA_400-900_20	6.32670235235	6.571663199767	6.4491873926	0	7961.989885676253
ESENLASGDQPR	2	Ste-2024-12-02_HeLa_4mz_sDIA_400-900_21	5.38728387155	5.602196524017	5.479446316783	0	831.5553195037892
ESLEALLQR	2	Ste-2024-12-02_HeLa_4mz_sDIA_400-900_21	14.554644508917	14.738503896533	14.615882640867	0	12244.684365772599
ESNEEEQVWHFLGK	2	Ste-2024-12-02_HeLa_4mz_sDIA_400-900_21	15.5245909701	15.708609815417	15.585971107133	0	1054.6677015185826
ESTTSEQSAR	2	Ste-2024-12-02_HeLa_4mz_sDIA_400-900_20	2.237670480517	2.42436268695	2.331765141483	0	602.4299995055297
ESYSVYVYK	2	Ste-2024-12-02_HeLa_4mz_sDIA_400-900_22	10.29961941705	10.482803370133	10.360707419267	0	777767.3153913186
ETADAITK	2	Ste-2024-12-02_HeLa_4mz_sDIA_400-900_20	4.509887205783	4.632953614783	4.57135125965	0	6516.678898740204
ETLPNVR	2	Ste-2024-12-02_HeLa_4mz_sDIA_400-900_22	7.479780447717	7.66311036	7.602005911283	0	4898.881983738032
EVSDFIQDSGQIK	2	Ste-2024-12-02_HeLa_4mz_sDIA_400-900_20	12.479753325817	12.662908638067	12.54081738615	0	7252.838898416296
EYNALVAQGVR	2	Ste-2024-12-02_HeLa_4mz_sDIA_400-900_21	10.0085938964	10.1308853952	10.06973599555	0	1640.0165963760505
EYQDLLNVK	2	Ste-2024-12-02_HeLa_4mz_sDIA_400-900_22	12.344146309517	12.527182080617	12.4051138263	0	64140.74278801056
FAELVYTGFWHSPEC[+57.0215]EFVR	3	Ste-2024-12-02_HeLa_4mz_sDIA_400-900_21	18.349479790883	18.5034505704	18.441852440483	0	766.2246780479077
FGIQAQMVTTDFQK	2	Ste-2024-12-02_HeLa_4mz_sDIA_400-900_22	14.8958633401	15.079807666767	15.018447504767	0	6312.258408575252
FGNQADHFLGSLAFAK	3	Ste-2024-12-02_HeLa_4mz_sDIA_400-900_21	15.813877598	16.059774536367	15.8753097904	0	2771.1275836813
FLAAGTHLGGTNLDFQMEQYIYK	3	Ste-2024-12-02_HeLa_4mz_sDIA_400-900_22	17.635140632683	17.8818857535	17.75852763165	0	3638.185574861601
FLIC[+57.0215]TDVAAR	2	Ste-2024-12-02_HeLa_4mz_sDIA_400-900_22	13.078127960633	13.322357058983	13.200170404883	0	13577.218460366694
FLLDTNK	2	Ste-2024-12-02_HeLa_4mz_sDIA_400-900_20	10.629609002067	10.8433865363	10.751717990933	0	9266.0606331476
FSNTGEDWYVLVGVAK	2	Ste-2024-12-02_HeLa_4mz_sDIA_400-900_21	18.38652928215	18.571361390667	18.4481150843	0	1400.6080770499925
FTITPPTAQVVGVLK	3	Ste-2024-12-02_HeLa_4mz_sDIA_400-900_21	17.548278981867	17.794695841117	17.67147807025	0	755.5526257147578
FTLRDEGK	2	Ste-2024-12-02_HeLa_4mz_sDIA_400-900_22	5.984212104617	6.106721007717	6.04544139485	0	988.3825822231302
GAGSIAGASASPK	2	Ste-2024-12-02_HeLa_4mz_sDIA_400-900_22	5.31330395625	5.49737730895	5.436062530317	0	2281.8620312916323
GDTPGHATPGHGGATSSAR	3	Ste-2024-12-02_HeLa_4mz_sDIA_400-900_22	2.7819438477	2.966661792417	2.843539654283	0	1352.4703431110145
GFVLYPVK	2	Ste-2024-12-02_HeLa_4mz_sDIA_400-900_21	13.693801185833	13.846770226917	13.754990196517	0	3614.7994541030193
GGAEVQIFAPDVPQMHVIDHTK	3	Ste-2024-12-02_HeLa_4mz_sDIA_400-900_22	14.92597606795	15.07932512465	15.01796495095	0	466.4507701346938
GGAVVDEGPTGVK	2	Ste-2024-12-02_HeLa_4mz_sDIA_400-900_22	7.21551242755	7.398933268183	7.337835923633	0	7128.952487585406
GGTLLSVTGEVEPR	2	Ste-2024-12-02_HeLa_4mz_sDIA_400-900_22	13.574239898817	13.757556291283	13.66587900705	0	4366.531860252373
GIVEFSGK	2	Ste-2024-12-02_HeLa_4mz_sDIA_400-900_22	9.313239420317	9.496475957717	9.374361398267	0	12891.517575229382
GIYFADMVSK	2	Ste-2024-12-02_HeLa_4mz_sDIA_400-900_21	14.403377572317	14.587405200517	14.495512391633	0	5201.224363260299
GLGTDEDAIISVLAYR	2	Ste-2024-12-02_HeLa_4mz_sDIA_400-900_21	19.894702268733	20.079876096167	19.956457136383	0	1610.9830513485915
GLGTDEDSLIEIIC[+57.0215]SR	3	Ste-2024-12-02_HeLa_4mz_sDIA_400-900_22	19.333369990117	19.5804830536	19.45691776815	0	48317.925720771265
GNIIGYSQVDK	2	Ste-2024-12-02_HeLa_4mz_sDIA_400-900_22	9.782142657017	9.904277111567	9.843226963817	0	2839.161371783015
GNNVLYISTQK	2	Ste-2024-12-02_HeLa_4mz_sDIA_400-900_21	10.131368482733	10.3145255402	10.25349493055	0	4167.504811124833
HASSGSFLPSANEHLK	3	Ste-2024-12-02_HeLa_4mz_sDIA_400-900_20	8.316256338383	8.560743280867	8.438441901633	0	5387.827763240412
HLLVSNVGGDGEEIER	2	Ste-2024-12-02_HeLa_4mz_sDIA_400-900_22	10.256156635283	10.4393300171	10.317205687683	0	1697.3660255474465
HMNSAGVLATLR	3	Ste-2024-12-02_HeLa_4mz_sDIA_400-900_22	10.425614950517	10.547669111617	10.4866541355	0	1170.2617290786336
HNEFDFISGTR	2	Ste-2024-12-02_HeLa_4mz_sDIA_400-900_21	12.117813330333	12.300995017817	12.17886082255	0	1382.9080082164671
HSQEELLQR	2	Ste-2024-12-02_HeLa_4mz_sDIA_400-900_22	5.9283109989	6.050739230467	5.989501019367	0	1887.7876140016313
HSVDGESLSSELQQLGLPK	3	Ste-2024-12-02_HeLa_4mz_sDIA_400-900_20	16.640597060383	16.825003435717	16.70200693025	0	3581.86119527063
HVGMAVAGLLADAR	2	Ste-2024-12-02_HeLa_4mz_sDIA_400-900_22	13.940087676883	14.184503052567	14.062416180333	0	9509.918277295217
IADQLEELNK	2	Ste-2024-12-02_HeLa_4mz_sDIA_400-900_22	10.361668428233	10.544782074033	10.42272305195	0	3215.9868125413036
IAMENDDGRTEEEK	2	Ste-2024-12-02_HeLa_4mz_sDIA_400-900_22	5.1154096829	5.299567995083	5.238175774733	0	366.0562676831513
IAQLEEQLDNETK	2	Ste-2024-12-02_HeLa_4mz_sDIA_400-900_22	10.891268557683	11.074543428083	10.982923168317	0	6756.794917734733
IAVSNLHK	2	Ste-2024-12-02_HeLa_4mz_sDIA_400-900_21	5.65101012585	5.773749418217	5.712373867217	0	2550.3920581618504
IDMNLTDLLGELQR	2	Ste-2024-12-02_HeLa_4mz_sDIA_400-900_22	22.5505420444	22.8005050674	22.67547680775	0	2320.306936327265
IEEQSQSEK	2	Ste-2024-12-02_HeLa_4mz_sDIA_400-900_21	2.455842538167	2.579443120183	2.517659270633	0	388.09058181062
IEGEGSVLQAK	2	Ste-2024-12-02_HeLa_4mz_sDIA_400-900_20	8.16371574295	8.285951883017	8.224861678183	0	2078.2877728810563
IGIPEFK	2	Ste-2024-12-02_HeLa_4mz_sDIA_400-900_22	12.792558880767	13.036787839517	12.9452018221	0	6948.136712893792
IIDDSEITK	2	Ste-2024-12-02_HeLa_4mz_sDIA_400-900_22	8.28074609045	8.4640739834	8.372408035817	0	25015.671443267605
ILETTTFFQR	2	Ste-2024-12-02_HeLa_4mz_sDIA_400-900_21	14.253917852567	14.437687276367	14.345688790617	0	3137.0362546877955
ILQEYITQEGHK	2	Ste-2024-12-02_HeLa_4mz_sDIA_400-900_22	9.256212578217	9.378442767367	9.317329405117	0	2003.4950531185764
IMSTPGGEEAIER	2	Ste-2024-12-02_HeLa_4mz_sDIA_400-900_21	9.06613323735	9.2495446703	9.096685018433	0	721.8697575785566
ITC[+57.0215]LC[+57.0215]QVPQNAANR	2	Ste-2024-12-02_HeLa_4mz_sDIA_400-900_21	9.226697192167	9.41023311935	9.28784736755	0	31964.59448141455
IYIGDDNPLTLIVK	2	Ste-2024-12-02_HeLa_4mz_sDIA_400-900_20	20.313810497383	20.498978894583	20.375461641567	0	1896.168257793667
IYQIYEGTSQIQR	2	Ste-2024-12-02_HeLa_4mz_sDIA_400-900_22	11.381603742117	11.534135273233	11.442594990633	0	1062.951009813676
KADC[+57.0215]TITMADSDFLALMTGK	3	Ste-2024-12-02_HeLa_4mz_sDIA_400-900_22	19.786810583317	19.971722878367	19.848467884033	0	1879.2304315714143
KADIDLTK	2	Ste-2024-12-02_HeLa_4mz_sDIA_400-900_22	5.614771441167	5.798633245533	5.706690216633	0	4648.458966570026
KPQDQLVIER	2	Ste-2024-12-02_HeLa_4mz_sDIA_400-900_21	7.43899179635	7.653202166667	7.530805679283	0	46861.200361602176
KPYPDDENLVEVK	3	Ste-2024-12-02_HeLa_4mz_sDIA_400-900_21	9.6362138985	9.941844036883	9.758543752217	0	4522.882037195472
LANIDEEMLQK	2	Ste-2024-12-02_HeLa_4mz_sDIA_400-900_20	11.925244338433	12.0778600391	12.016814921383	0	4462.781852322583
LC[+57.0215]GDTSLNNMQR	2	Ste-2024-12-02_HeLa_4mz_sDIA_400-900_22	8.200447682417	8.383733279483	8.261527650517	0	2638.5319595407996
LEGFHTQISK	2	Ste-2024-12-02_HeLa_4mz_sDIA_400-900_22	8.00936442105	8.223318212317	8.10106337055	0	2161.5821142192194
LENWITSLAESQLQTR	3	Ste-2024-12-02_HeLa_4mz_sDIA_400-900_21	19.4188426076	19.603907638067	19.542212381883	0	1928.143385214279
LEQEIATYR	2	Ste-2024-12-02_HeLa_4mz_sDIA_400-900_22	8.405623889533	8.588891733967	8.527812003283	0	131589.51060579382
LFEGNALLR	2	Ste-2024-12-02_HeLa_4mz_sDIA_400-900_20	13.413387778067	13.596840373017	13.505145879433	0	210552.925759668
LFELLEK	2	Ste-2024-12-02_HeLa_4mz_sDIA_400-900_20	15.030513777717	15.275441316517	15.152885682867	0	6393.1506358472425
LFVLLPEQSPVSYSK	2	Ste-2024-12-02_HeLa_4mz_sDIA_400-900_22	17.788185381483	17.973210906483	17.880680072917	0	1653.8406331303065
LGQHVVGMAPLSVGSLDDEPGGEAETK	3	Ste-2024-12-02_HeLa_4mz_sDIA_400-900_22	14.41107315935	14.594909085017	14.47238422695	0	7280.855035070867
LIDEVIEDTR	2	Ste-2024-12-02_HeLa_4mz_sDIA_400-900_20	12.471809853567	12.654967013	12.563399399	0	6303.977896922265
LIDFLESGK	2	Ste-2024-12-02_HeLa_4mz_sDIA_400-900_22	14.694088544483	14.939284733217	14.816660466317	0	43866.810249410286
LIIVEGC[+57.0215]QR	2	Ste-2024-12-02_HeLa_4mz_sDIA_400-900_22	9.748247176767	9.931415553483	9.809318880017	0	6439.781952357288
LISLLNEK	2	Ste-2024-12-02_HeLa_4mz_sDIA_400-900_22	12.79640815965	12.91851603725	12.857449599883	0	6866.143477495317
LLAELPASVHALTGVDLSK	3	Ste-2024-12-02_HeLa_4mz_sDIA_400-900_21	17.601431972683	17.847848932383	17.724682646483	0	6501.738676348726
LLVVTDPR	2	Ste-2024-12-02_HeLa_4mz_sDIA_400-900_21	10.427033591917	10.610056832533	10.48809182355	0	377910.7747172886
LNQIMVGTGNGLAK	2	Ste-2024-12-02_HeLa_4mz_sDIA_400-900_21	11.418566076033	11.54061291675	11.4795613103	0	1044.9099069252727
LPEEPITR	2	Ste-2024-12-02_HeLa_4mz_sDIA_400-900_22	8.247823762533	8.43112774025	8.339424242383	0	7742.800908888828
LPQTSDDEK	2	Ste-2024-12-02_HeLa_4mz_sDIA_400-900_21	4.087421108283	4.3341394445	4.210808833033	0	7151.520991036001
LPVDLAEELGHR	3	Ste-2024-12-02_HeLa_4mz_sDIA_400-900_22	13.6504906481	13.895064872083	13.772796295567	0	14474.953739739381
LQQTQNQVDEVVDIMR	3	Ste-2024-12-02_HeLa_4mz_sDIA_400-900_22	15.590604956517	15.83626224185	15.713364882767	0	1843.4088830446526
LSDQFHDILIR	3	Ste-2024-12-02_HeLa_4mz_sDIA_400-900_22	13.20594155665	13.419739524917	13.328123921233	0	14511.61950144134
LSGLEQPQGALQTR	2	Ste-2024-12-02_HeLa_4mz_sDIA_400-900_22	10.49362659925	10.67671628675	10.615720256067	0	1991.1828936614763
LSLDGQNIYNAC[+57.0215]C[+57.0215]TLR	3	Ste-2024-12-02_HeLa_4mz_sDIA_400-900_22	14.15057166095	14.39518326055	14.242278472967	0	6707.126336447391
LSTGC[+57.0215]TGTLVAEK	2	Ste-2024-12-02_HeLa_4mz_sDIA_400-900_22	8.778698920783	8.96200850225	8.839741517617	0	1374.2256912643325
LTDC[+57.0215]VVMRDPASK	3	Ste-2024-12-02_HeLa_4mz_sDIA_400-900_22	8.569406333717	8.8137916611	8.69163204025	0	17532.28750808526
LTIIPQDPILFSGSLR	2	Ste-2024-12-02_HeLa_4mz_sDIA_400-900_21	20.39096447775	20.5762563644	20.452716946783	0	502.10980992795385
LVPSQEETK	2	Ste-2024-12-02_HeLa_4mz_sDIA_400-900_22	4.94360011125	5.12772896785	5.004968570033	0	2570.7360251926684
MFTSMDPPPVELIR	2	Ste-2024-12-02_HeLa_4mz_sDIA_400-900_20	17.510300556733	17.695073974383	17.571876107417	0	6343.047905980033
MLEQLDMR	2	Ste-2024-12-02_HeLa_4mz_sDIA_400-900_22	11.54790412995	11.731347716683	11.609010191917	0	71019.52238252904
MSDGLFLQK	2	Ste-2024-12-02_HeLa_4mz_sDIA_400-900_20	12.222677564617	12.405707545167	12.28373226225	0	7120.537974590856
MSPLSIVTALVDK	3	Ste-2024-12-02_HeLa_4mz_sDIA_400-900_22	22.761400649683	23.011621940283	22.8864719369	0	388.96485657730113
MVNHFIAEFK	3	Ste-2024-12-02_HeLa_4mz_sDIA_400-900_21	11.626908013417	11.8709966682	11.748972931733	0	49298.29317613344
NEVSFVIHNLPIIAK	3	Ste-2024-12-02_HeLa_4mz_sDIA_400-900_22	17.986697192717	18.171819407867	18.0484074187	0	645.4639327090357
NFVDSPIIVDITK	2	Ste-2024-12-02_HeLa_4mz_sDIA_400-900_22	17.96573298855	18.212563002617	18.089147264283	0	5477.769470585267
NFYVEHPEVAR	3	Ste-2024-12-02_HeLa_4mz_sDIA_400-900_20	8.92105997525	9.1043188324	9.043238667383	0	36013.22348053203
NPVLQQVLEGR	2	Ste-2024-12-02_HeLa_4mz_sDIA_400-900_22	14.15008947015	14.394705283217	14.272342917433	0	1700.410598398058
NSEPEEVIPSR	2	Ste-2024-12-02_HeLa_4mz_sDIA_400-900_21	8.480929492117	8.725751574817	8.603355298233	0	14708.824823837325
NSSNTSVGSPSNTIGR	2	Ste-2024-12-02_HeLa_4mz_sDIA_400-900_21	6.591840859567	6.714488528733	6.653172063367	0	130.4208685557015
NYLPLLEPVKPEPK	3	Ste-2024-12-02_HeLa_4mz_sDIA_400-900_20	14.179235949783	14.4237785593	14.33191382585	0	3749.0023689002237
PAGLLFQQPDLDSALQIAR	3	Ste-2024-12-02_HeLa_4mz_sDIA_400-900_21	20.131991498083	20.286427491233	20.19379202535	0	590.3818231790265
PGFSIADK	2	Ste-2024-12-02_HeLa_4mz_sDIA_400-900_21	8.988359210267	9.171784018017	9.049510422933	0	36704.57255306573
PHSVSLNDTETR	2	Ste-2024-12-02_HeLa_4mz_sDIA_400-900_22	5.68977008925	5.873563060533	5.751044922067	0	1828.8444161354253
PNMVTPGHAC[+57.0215]TQK	3	Ste-2024-12-02_HeLa_4mz_sDIA_400-900_22	4.986825740133	5.23230661565	5.10954201545	0	20543.896187271468
PVHLTAFLGYK	2	Ste-2024-12-02_HeLa_4mz_sDIA_400-900_22	13.862390943967	14.106813231967	13.984698132017	0	2106.301226861536
QAGLLAVMAQMGC[+57.0215]YVPAEVC[+57.0215]R	3	Ste-2024-12-02_HeLa_4mz_sDIA_400-900_21	21.901759751033	22.057141999	21.963921655017	0	1861.1756694681453
QC[+57.0215]IHQLC[+57.0215]FTSLR	3	Ste-2024-12-02_HeLa_4mz_sDIA_400-900_22	11.731586589583	11.945061792733	11.823069002867	0	3469.92665276749
QHLEETTQK	2	Ste-2024-12-02_HeLa_4mz_sDIA_400-900_21	2.487988568067	2.73496656205	2.611498706683	0	343.1715769187363
QHLENDPGSNEDTDIPK	3	Ste-2024-12-02_HeLa_4mz_sDIA_400-900_20	7.097630112583	7.2812871202	7.220122708	0	4142.897270403431
QILIAC[+57.0215]SPVSSVR	2	Ste-2024-12-02_HeLa_4mz_sDIA_400-900_22	13.055547554233	13.17756569755	13.116555739733	0	1110.7697269116932
QLSSSVTGLTNIEEENC[+57.0215]QR	3	Ste-2024-12-02_HeLa_4mz_sDIA_400-900_21	12.793029850317	12.97624674105	12.854074980383	0	4601.743544255182
QPAENVNQYLTDPK	2	Ste-2024-12-02_HeLa_4mz_sDIA_400-900_22	10.863375658	11.107703367933	10.985565170483	0	46219.15188318159
QSGYGGQTK	2	Ste-2024-12-02_HeLa_4mz_sDIA_400-900_22	2.418004651233	2.541460090167	2.44887015875	0	1266.9904024688456
QSMAFSILNTPK	2	Ste-2024-12-02_HeLa_4mz_sDIA_400-900_21	15.14513165445	15.328902587567	15.206326733633	0	6785.647474366673
QTSDGNWLMVHR	3	Ste-2024-12-02_HeLa_4mz_sDIA_400-900_20	10.78573218415	10.938373248133	10.8467490764	0	2399.0493129385777
QVVEEPSPQLPADK	2	Ste-2024-12-02_HeLa_4mz_sDIA_400-900_22	10.067366419967	10.220075021833	10.15902231075	0	755.0370221129122
RLEEPEEPK	2	Ste-2024-12-02_HeLa_4mz_sDIA_400-900_22	5.161317328117	5.406803608967	5.284034264083	0	19184.719229550425
RLPVMMDEALSYLEK	3	Ste-2024-12-02_HeLa_4mz_sDIA_400-900_21	19.2318310837	19.44776618155	19.386081338717	0	4601.586246627779
RVESQLK	2	Ste-2024-12-02_HeLa_4mz_sDIA_400-900_22	2.75544874135	2.940161800483	2.817032807017	0	5314.36999981391
SDHLIQTDTVNLHR	2	Ste-2024-12-02_HeLa_4mz_sDIA_400-900_22	8.818631527817	8.97140944325	8.9103371125	0	121.48042921049398
SDVQIHVPTFTFR	3	Ste-2024-12-02_HeLa_4mz_sDIA_400-900_21	15.718150882733	15.9639495517	15.871696921167	0	1033.5460917507125
SDYLNTFEFMDK	2	Ste-2024-12-02_HeLa_4mz_sDIA_400-900_22	17.134993459717	17.31966730515	17.2581161856	0	2789.0557045917585
SFDVNKPGC[+57.0215]EVDDLK	3	Ste-2024-12-02_HeLa_4mz_sDIA_400-900_22	10.378287062317	10.561417469617	10.500397102667	0	13291.23643506141
SGLEELVLSEMNSPSR	3	Ste-2024-12-02_HeLa_4mz_sDIA_400-900_20	18.327848647583	18.481799520933	18.389445818883	0	802.1783262367582
SGLLVLTTPLASLAPR	2	Ste-2024-12-02_HeLa_4mz_sDIA_400-900_22	21.150047976033	21.398099763417	21.273993831117	0	2596.9547771493053
SHSLSQHTATSSK	2	Ste-2024-12-02_HeLa_4mz_sDIA_400-900_20	2.246280695117	2.432939195133	2.309015416267	0	1343.3213560900729
SHTEEDC[+57.0215]TEELFDFLHAR	3	Ste-2024-12-02_HeLa_4mz_sDIA_400-900_22	16.826624433967	17.01130498625	16.888189214	0	3295.6159179015863
SIATDVLLGLLK	2	Ste-2024-12-02_HeLa_4mz_sDIA_400-900_20	22.56829363975	22.786851299333	22.661926484617	0	564.3524854216975
SIIGMGTGAGAYILTR	2	Ste-2024-12-02_HeLa_4mz_sDIA_400-900_21	16.77964044125	16.902625776767	16.841113480617	0	650.680213732091
SLVALLVETQMK	2	Ste-2024-12-02_HeLa_4mz_sDIA_400-900_22	18.7331306008	18.85658706305	18.763939031667	0	1178.3289971559318
SNILLLGPTGSGK	2	Ste-2024-12-02_HeLa_4mz_sDIA_400-900_21	13.673344549717	13.826282489867	13.734494106467	0	3356.4717150787005
SQLIMQAEAEAASVR	2	Ste-2024-12-02_HeLa_4mz_sDIA_400-900_21	14.479026748783	14.662951636133	14.571015516717	0	3372.2885365083557
SQPDPVDTPTSSKPQSK	2	Ste-2024-12-02_HeLa_4mz_sDIA_400-900_20	5.398255784817	5.582232592717	5.520892520283	0	87.67277274395802
SSENGVDYVIMGMPHR	3	Ste-2024-12-02_HeLa_4mz_sDIA_400-900_22	13.689904497	13.78170055935	13.720472636717	0	5939.12288281344
SSGPTSLFAVTVAPPGAR	3	Ste-2024-12-02_HeLa_4mz_sDIA_400-900_20	16.467427432533	16.713090033067	16.59030044015	0	6480.637917195555
SSPLLNYNTGVYR	2	Ste-2024-12-02_HeLa_4mz_sDIA_400-900_22	12.568597022433	12.69090496755	12.62979054655	0	579.736633889618
SSTPTTIFPIR	2	Ste-2024-12-02_HeLa_4mz_sDIA_400-900_21	14.161279680517	14.344726132367	14.22240891335	0	4281.284151688717
STFVNILK	2	Ste-2024-12-02_HeLa_4mz_sDIA_400-900_22	13.376216938067	13.559571905717	13.437325900467	0	1691.1147017796113
STLMDTLFNTK	2	Ste-2024-12-02_HeLa_4mz_sDIA_400-900_21	17.50832897185	17.693134257883	17.631509013283	0	2294.829161338994
STTTGHLIYK	2	Ste-2024-12-02_HeLa_4mz_sDIA_400-900_22	5.958417319417	6.203421554117	6.050257521183	0	72023.65774939761
SYLYFTQFK	2	Ste-2024-12-02_HeLa_4mz_sDIA_400-900_22	15.373514750283	15.55749755015	15.496148982317	0	19252.450227320325
SYSSGGEDGYVR	2	Ste-2024-12-02_HeLa_4mz_sDIA_400-900_22	6.177309095533	6.3611849407	6.299974906433	0	6567.134334446823
TADDPSLSLIK	2	Ste-2024-12-02_HeLa_4mz_sDIA_400-900_21	12.295951833533	12.540036544817	12.448459368567	0	11372.27962495645
TASEGDGGAAAGAAAAGAR	2	Ste-2024-12-02_HeLa_4mz_sDIA_400-900_20	5.635449767383	5.880601357067	5.7580210688	0	383.9804817857662
THQPSDEVGTSIEHPR	3	Ste-2024-12-02_HeLa_4mz_sDIA_400-900_22	6.26694638025	6.420046835267	6.358779067317	0	735.0766884141988
TIILFTK	2	Ste-2024-12-02_HeLa_4mz_sDIA_400-900_21	13.416067438017	13.599526174783	13.477244629533	0	1509.1017584108963
TILSLMTR	2	Ste-2024-12-02_HeLa_4mz_sDIA_400-900_21	14.458774510133	14.6427414103	14.5813906761	0	34600.66808956079
TIVITSHPGQIVK	2	Ste-2024-12-02_HeLa_4mz_sDIA_400-900_22	9.7436862817	9.865832449167	9.8047488351	0	3923.627095663803
TLAAEMQELR	2	Ste-2024-12-02_HeLa_4mz_sDIA_400-900_22	12.223296985117	12.345345568967	12.284347901633	0	8499.34488684257
TLQIFNIEMK	2	Ste-2024-12-02_HeLa_4mz_sDIA_400-900_22	17.434766244767	17.619703669733	17.558045815433	0	7684.283280814936
TNGDSQQPSSSGLASSK	2	Ste-2024-12-02_HeLa_4mz_sDIA_400-900_20	5.20977081575	5.455185330933	5.332487576417	0	280.0663078088047
TQFPSLDIEVDGGVGPDTVHK	3	Ste-2024-12-02_HeLa_4mz_sDIA_400-900_22	15.903763486817	16.02667247215	15.965224868483	0	1573.653970930479
TVDSQGPTPVC[+57.0215]TPTFLER	3	Ste-2024-12-02_HeLa_4mz_sDIA_400-900_22	14.183301053633	14.366694739117	14.213884489883	0	1914.3677443995925
TWYPEVPK	2	Ste-2024-12-02_HeLa_4mz_sDIA_400-900_20	11.88633221655	12.1305387259	12.008413902883	0	17460.739157742555
TYDLLFK	2	Ste-2024-12-02_HeLa_4mz_sDIA_400-900_21	14.1516544288	14.335105086817	14.273914818717	0	9926.861389299129
VAC[+57.0215]C[+57.0215]PLER	2	Ste-2024-12-02_HeLa_4mz_sDIA_400-900_21	6.35998948235	6.4825054096	6.4212733779	0	1894.1845859321663
VAEELALEQAK	2	Ste-2024-12-02_HeLa_4mz_sDIA_400-900_22	9.935018058517	10.057256805417	9.996134635133	0	4805.854299885158
VATLNSEEESDPPTYK	2	Ste-2024-12-02_HeLa_4mz_sDIA_400-900_22	8.791986457233	8.9752942166	8.91424296625	0	1088.3799829418588
VDAQFGGIDQR	2	Ste-2024-12-02_HeLa_4mz_sDIA_400-900_22	9.629661046033	9.812927657033	9.690796506633	0	11277.544269755357
VDIDVPDVNLEAPEGK	2	Ste-2024-12-02_HeLa_4mz_sDIA_400-900_22	15.695659042633	15.880002610233	15.818557695667	0	4030.4636182051127
VGDQILLAIK	2	Ste-2024-12-02_HeLa_4mz_sDIA_400-900_21	15.014446065367	15.198159390233	15.1369554348	0	1654.9830516968586
VGTEC[+57.0215]GNQK	2	Ste-2024-12-02_HeLa_4mz_sDIA_400-900_21	2.267224010017	2.45341684605	2.329900551283	0	7843.809460187485
VHQLYETIQR	2	Ste-2024-12-02_HeLa_4mz_sDIA_400-900_22	7.829687748733	8.043793547417	7.952093960517	0	2164.692459416111
VKPLQDQNELFGK	2	Ste-2024-12-02_HeLa_4mz_sDIA_400-900_22	10.31093709435	10.494108545717	10.4330711796	0	537.3411196243845
VLC[+57.0215]GGDIYVPEDPK	2	Ste-2024-12-02_HeLa_4mz_sDIA_400-900_22	12.26587097235	12.50988989755	12.3878639581	0	2377.1822341449374
VLPANSMAESR	2	Ste-2024-12-02_HeLa_4mz_sDIA_400-900_20	7.369883376183	7.614398100133	7.492131127333	0	2191.1004899852146
VLQEALC[+57.0215]VISGVPGLK	2	Ste-2024-12-02_HeLa_4mz_sDIA_400-900_22	18.743748079533	18.928940050917	18.86719575165	0	2522.742571302635
VLYAYGYYTGEPSK	2	Ste-2024-12-02_HeLa_4mz_sDIA_400-900_21	12.218069422933	12.3707053428	12.248603982583	0	2589.400954323474
VMPAPPPK	2	Ste-2024-12-02_HeLa_4mz_sDIA_400-900_21	5.986867020567	6.2936222748	6.109551848867	0	17666.02451421375
VMVLDFVTPTPLGTR	3	Ste-2024-12-02_HeLa_4mz_sDIA_400-900_22	19.607270416383	19.7923396608	19.73071158725	0	1513.8943954388596
VQAWYMDDAPGDPR	2	Ste-2024-12-02_HeLa_4mz_sDIA_400-900_21	12.737240954933	12.920447364217	12.798331635233	0	2596.6708384455314
VTEGQQER	2	Ste-2024-12-02_HeLa_4mz_sDIA_400-900_22	2.200897821133	2.449587011333	2.3566785909	0	2036.4104104026576
VTPPAVTGSPEFER	2	Ste-2024-12-02_HeLa_4mz_sDIA_400-900_22	11.07310070975	11.317209388933	11.195157423383	0	19151.886749714722
VVNGAAASQPPSK	2	Ste-2024-12-02_HeLa_4mz_sDIA_400-900_21	4.524567372033	4.709206758333	4.586108665517	0	7448.049241580748
VVNSETPVVVDFHAQWC[+57.0215]GPC[+57.0215]K	3	Ste-2024-12-02_HeLa_4mz_sDIA_400-900_21	14.72469749155	14.908427573033	14.755334026033	0	1045.1594881084459
WLAPDGLIFPDR	2	Ste-2024-12-02_HeLa_4mz_sDIA_400-900_22	18.7350600043	18.920257077967	18.79672509005	0	3116.2155442288545
WSNAGELMELIR	2	Ste-2024-12-02_HeLa_4mz_sDIA_400-900_22	18.488938434217	18.643221388383	18.550650850167	0	2644.265504698005
YEDEINK	2	Ste-2024-12-02_HeLa_4mz_sDIA_400-900_20	4.880412577617	5.064608374817	5.003233084983	0	28542.558511576783
YEELFPAFSDSR	2	Ste-2024-12-02_HeLa_4mz_sDIA_400-900_21	16.253622862317	16.499487534183	16.376581695083	0	10084.789386308703
YGGQPVPNFPSK	2	Ste-2024-12-02_HeLa_4mz_sDIA_400-900_22	10.212617271933	10.456850697533	10.304192079917	0	16371.692004255507
YLAVESPFLK	2	Ste-2024-12-02_HeLa_4mz_sDIA_400-900_21	15.47687144785	15.660833098583	15.538177526917	0	5557.411525177129
YNVLGAETVLNQMR	2	Ste-2024-12-02_HeLa_4mz_sDIA_400-900_22	16.5837898312	16.7684240833	16.645303774517	0	1479.5424469626962
YYFEGIK	2	Ste-2024-12-02_HeLa_4mz_sDIA_400-900_22	11.513656545467	11.636101449033	11.544293567283	0	1650.5022658871035
