peptideModSeq	precursorCharge	peakHash
AAGFKDPLLASGTDGVGTK	3	8F11DB4A19260243114C1DB6578B0CFDF4F7A6332B00034E79D2D74AFCDBEEE0
AASVVQPQPLVVVK	2	1B66C7CA22F0492D50CB7B496BED9FDCF678E55D7AC3802804CE7FD0713073DC
AATENIPVVR	2	C28FE614DFB8F25D96439C72DCC048DED8752108E731CC968B7839991F0F0591
AAVENLPTFLVELSR	3	DDA7EFD189EDB653283FF6CF0ABC7000C7AA261361367B9C46C5F34E841CFD84
AEVLWLMGAK	2	BC24B4CCB530A796A95491A36AF629907F44A514B8665554CD0D4F7738957B69
AFPEHFTYEPNEADAAQGYR	3	3231A755ADC793C58310A42174D23D25DB5B34F3E3E59FE82A9E07D2F9DBCC5A
AGEGTYALDSESC[+57.0215]MEK	2	276E0B39F9BEE5166CFE684258AEE059DFE7388D89B53127A782717CA30CF53F
AGVNTVTTLVENKK	3	20FCCBC9FC52E2FCAE7D8AEF922FE8D2AB62EDB7E6557228CC12DFA6B90F5F0E
AIEINPDSAQPYK	2	BEF63CFD5C03A013B9355E802BDB8B95EB869F63707677D695452A1597952EE9
AIPSFLNSFNR	2	9BD753CE9C4B3EF7F9006D8DE660353421CE2C7771841604F3D340AECEBE2A72
AKPAEAPAAAAPK	2	AFC584A79B28F89F79DC8A9522EDDC70F50322C93927FB84C5F1C5594EBB1C93
ALDDISESIK	2	4BC654DA0A7C97A0030BE58AC5A052B277E97205DE37C42D1199D02E020A53C1
ALLESMVDAAENLC[+57.0215]PNVMK	3	B5727EA1C8DBAFC9B6CCFCCA6EA65AA2E14A6F63F576B6ABE2EA2087D91A10B3
ALWEDEGVR	2	7AB4792C2F1464CEDDFDB21F68D811617CE62708F81BB82F4E35952B5B2FC1C2
AQAALAVNISAAR	2	9388F7CCF6FCEBADADAA241DEDD3D25B9119C6349EAC2E4E23853719B98ECCB3
AQAEAQQPTFDALRDELR	3	57345DC938CA2BDE4E1F3DA57E2AC7B7ABAEBA5B32619756B301DD10BD23B468
AQEAGLQQEQR	2	1F569A751E0687BCE7AF7E8C2AC3FD57AD1C3B0016AF5104C8569BDEC9DA30DF
AQQMHTGPVLDVC[+57.0215]WSDDGSK	3	9366B6655351F7F4E50D9ADA5F14597DB1A8432AE368E8EC4474766F3083D9AC
AQTAHIVLEDGTK	2	D8744B95F36F3C503936A9AD03F40EF582DD02E37A23087FDE52E39C33B9B7E1
AQVARPGGDTIFGK	3	2ABA00F4EE86E52E5C25CA314CE8D02F8A03E4D1E0F2FCE96180488ECCFD6AD6
ATAGAYIASQTVK	2	5D8C908938822D4E46B0E59C3F118E999AC6EFF896081C9FFAA2989AEB8747F4
AVEVQGPSLESGDHGK	2	615B99DFCD2C966D8D13B1B8E3E622768AB8C56E0B0170918DFDC55ED4D9A320
AVLQEEQANLWFSK	2	F122E7BDF844F36EEE696E44C302343060EABF004EE53FA6DB46CB214788F492
AVSSAIAQLLGEVAQGNENYAGIAAR	3	A3F926673A7A80EA7E80821078B13F9837805CDB8E733BB266C0616EF5C5C6B4
C[+57.0215]C[+57.0215]LTYC[+57.0215]FNKPEDK	3	595B6E94E58798BEBC4C91FD6DD7B4C5BEF83E234B8E6A3A62390F3E6857A519
C[+57.0215]EAVVADVLDK	2	BE5F3BD2660B53D63C76ED787B9AE1D31FDFA8267FAEAACC41299CB3D129CB21
C[+57.0215]FNTLTNSFQPSLLGR	3	77C8E6044A0E96F823A495D59FB61521E7760AF374C22120BC0BF33A55DD1D1C
DAGYGGISLAVEGPSK	2	812339901EC67D4484AB91F84881C7E76107A570D27EFA31F3108D82FBCCF59B
DC[+57.0215]QIAHGAAQFLR	2	1A1A245CD9D669D2D43B451F923F0F7ED9D5FAD922C634F49035A92B30499226
DDVIVTASNFSSER	2	C848DAF74EBB68EA2761E996A927735EB069F318F23A937C35F54802FEFB2500
DGDGTITTK	2	A112489C244ED109FF7E0464618018076FAB4CC70A3721068BC1482F0150FC39
DGIDDESYEAIFKPVMSK	3	3E8B4EB5D1338B08DDCB4809EC280DB1BF57F67CEC9AA3C67ADFCEA0EED9DE74
DHLVTAYNHLFETK	3	908BBE9AD937DFEB079EE91D83846B91EAF3E4C1A7AEEB4C625F56FC42760E8A
DHSPDLYSLELAGLDEIGK	3	4889CEEEF00C1E987E3005DB3E5D1F7347914A95362A83C142FF21714C088B88
DILVATDVAGR	2	EBA4DF46371BCDEAA95B54E689B9A850AB89CF4CF73B21171FD5E41DD8451C58
DLEALMFDR	2	57C93A0EAACA1DDC5E57C22E39A628935F67A9C90654E480DB04B6C64DE2B3B3
DLLFQALGR	2	91DB02D237C50D902BA52A2AA135EC0DD162A213B21BAC8ABA223F4E1185C5B3
DMPLLSC[+57.0215]LESLR	2	595A48C124CB4A3DF6C0BC9DEF772A8DB4D6AF50AF7A81CD557E8D61585C1B82
DMSPLSETEMALGK	2	3CD1D1D8E3EADBCD139A8F3DC7725C3E05B9483213FF800775ADCD13173EE502
DNTSVYHISGK	2	B15030FB49EFBE33FED32B1B382925C3E0954B9E3BF25DC162E9AB2F26AE2566
DPSASNGGGSPAR	2	5B29E1C661D842B424462B7B6568EAB4F9F20EE7D7204A77BAC2D2E3C505D5DB
DPSQPQQWVSSQVLLC[+57.0215]K	3	4E9655321B3852E7A5BC99735265CCD2C7A9C3BB470DFC33E3AF820B58749B66
DSDGDGRGDAC[+57.0215]K	2	50736A04C73232C8025164BE01022C8364962FC1CAC42DC8147F24587172222F
DSLSVNEFK	2	DF5C6BD3163394BDF6BAA0AFD97663519AC958C34C99E6BD6BCB6BC990AC504D
DTSFSGLSLEEYK	2	59B443CD63597DCB39A88E94B3FDDA8FB030A0567A7EB4F0E190B3C68116A740
DTSVEDALER	2	5C750D061D71EF658131FA9C03AFB33C71EF03A96A4A4A058789BAC047170515
DVEGSTSPQIGDK	2	1EE1E52DA2843EB1141667649BAFCB658E72D11F141640F93B926F4BA5F7712E
DVQNFPAATDEK	2	F4CAB38E4F5B29550D05FEC1F338EC875F64218395C634CAB731006821756769
EAC[+57.0215]PELDYFVVFSSVSC[+57.0215]GR	3	143F2F8A660BD9795C01ECEEC4DBF99E9B39C6F3356E68985A60619191D1996C
EANFTVSSMHGDMPQK	3	1C94F089FAD11A3DCCEE4F315B6638F60CF4EFF6C566C1BA34B98641DED51517
EAQNDLEQVLR	2	B59F2F1A07C7A4A69AF3EA75E261A8070E1951A92948B45EAFE70913A91E3105
EATTDFTVDSR	2	49E32B95ED9E76A609289FA9E3F33B4A7B623AB1546F1685519AA2EA4CDA5C54
EDEISLEDLIER	2	DEEAB37324BFD67DEC54F87F26D81AB36E9E3B27E2F08CBE7BCD2C30786F02E2
EDFLNIC[+57.0215]IEPDTISK	2	012E3EE4026BAF06DD8E5738F8FB7F1F4F29C434F6385C77C62FF8D9F04382BC
EEDQATLVEQVK	2	F3F3AA61E004BF6AFEAE68FBC7853C800E17B5EFB9AD95AA7DA23E3C12434671
EEFAVPENSSVQQFK	2	EB04958FA8AAEEC123FC14F9114B3395C40B6308185D6520934C85F0F00B02F1
EEIPEEELAEDVEEIDHAER	3	3B7D9B3893A626AE7FC2BA319F043BBD5D363CD4E504E7B0715B2F99E3EAB983
EELVITPLPSGDVAATFQFR	3	856332FAFC4D9C90B178DBC9E3B9DAEC0A73A7D3C64D843477FE528B75D9CE53
ELAQQIQK	2	16C847BBA1322D761A8669DC19643ED7C7C8C1DA36ACB4E1E324022D88E5888B
ELC[+57.0215]GPWPSHQLLTNQLQR	3	CE1F039FCE53AC4CE0570B80564DF53EBEE0D0EF0C5D8E7FE1FA2BEE3B562B4E
ELEEAMAGER	2	5B669A7BD21D541941B38D63623C02726F16ECEA3E0A3FD31DC308C430FD513E
ENAGVDPTLAIPMIQK	2	F23C36BCE7843B5A07A8119F99C7CA1A07543FA926E0D4E3415B3EDD5B70D075
ENLELILTQSVENVGVR	3	AB769AEC8641EFA9CA207516AAD5789A5CAD0EBE7616AC19283AF76E082AEBBB
ERDFTSLENTVEER	2	0774CCD22DC7B05134A590390D73A6B135F526A35BC93FA77DA98CD1393F7980
ESEFDDEPK	2	80F4A550071A007E169EACDD740C3C4A1B1E8A5DB965777949356832333E4C10
ESENLASGDQPR	2	7FFFDC0C0ED459E270DE240CFF3C6E3AB678D3E386C9480402F4B194A5353892
ESLEALLQR	2	CFFD319A1E459CC9BAD9E412A1E6E2B9CDD22F77FCB8C4EAE3F11B4608C7E5F8
ESNEEEQVWHFLGK	2	784038E9A73FD1713BAD4C287C417948B271A8A1B1FF87E8B2497908B6A4A8A4
ESTTSEQSAR	2	BAE1A6C49709680D7D5266A5E4EF5478026A45D20C2C25050B4E394B4F235C27
ESYSVYVYK	2	901358825B3AF377CD534A6B12C26E46DCC8283450E4CF29B0BD8DCDBEF8E215
ETADAITK	2	21CED64D97CB0794A2AFCF2D232053B2E891CDFF862F2143719EDDAC00E97D5A
ETLPNVR	2	37C781BE9D26D41AFBC165F40335FE602E679C131C92CF12540625B2FA15B5A5
ETSSLQELEAQK	2	78C4FACB03F1C3E89FF9E755353197B78ADFD2E1E98D7BD9DC985C492C3AF2E5
EVC[+57.0215]PSAIDPEDGEK	2	EA9604A176E06CDF3C0544B94F63E6F596235557C941E3C99F303A3E58D61952
EVSDFIQDSGQIK	2	8DD661C455923638CE5B5B01BB1F77B1DACC5DC3C786711C0FE549897605B0A2
EYNALVAQGVR	2	604579F17C0C436F6B2C850DBAE54E7226177CFC88270817465F0504FE84F9AA
EYQDLLNVK	2	4D324DD946B820715EAADCBEBF2F865CC570A1644DD1D90EDF7409CF51F17D6C
FAELVYTGFWHSPEC[+57.0215]EFVR	3	BCC74473F69CCEB81B50B3EB3220C924D3F370807EF6F5E46EAF00D05D071521
FFPASFPNR	2	6335C12F4DDB9CD58195E9377E5B9727C865A98C0AD2F3AD5FD675E03165B43B
FGIQAQMVTTDFQK	2	CAEEE8F85BC65B94D20FC8C0F175BCD5AD847676BF04B44F1687EED38EB886EF
FGNQADHFLGSLAFAK	3	EB223A0ECA45563A8DFDEE0DD267B7E9E1EB926B154723BCC12AE3E3977FC399
FLAAGTHLGGTNLDFQMEQYIYK	3	16F6AD3B35257DC8C225E1C00C19312F2F303B9ADF2D3CE353F6CCC6ACE99A43
FLIC[+57.0215]TDVAAR	2	3ABBD59ADC1BED77AC332E335F1F286F0F6450B8E3D1C46E44313D5BBF402543
FLLDTNK	2	145478B057DB70DF82E389F8608DC2C7E8956D8EE7716F22FAB7C18F6169E63E
FSNTGEDWYVLVGVAK	2	A0C146B2AB9AB25C352C1734FC6BCDD8F344418A01F76B1A1A788B536A4AFE4A
FTITPPTAQVVGVLK	3	36970CED4AF58818155F4B586FA9F6A552F4BC47A47E0E9C04F14C60433DAD39
FTLRDEGK	2	99B12DD23A247C8A3BE76E3D1A2D7ED1941391D4D87EF57E9050E8E3EA19BC63
GAGSIAGASASPK	2	FC8925864B03DC2BAF0EC533511A9A1DBA8A1D40B1CF30AC544A18609BDD1E71
GDSHLNVQVSNFK	2	9C4C5FEABFB0D00E09D188A4843DF11B1D5CB575D7F92C2F4691D842B3DCF7A0
GDTPGHATPGHGGATSSAR	3	12682751034228BB9BDEEA1FF0378E781B3CE4E012F9E8A02FBE139F9DC98C68
GFVLYPVK	2	96237AD6ED09847EE6F8CA6E538FBAF5778FD6D6BC24CAFE3BED82529CF08EB2
GGAEVQIFAPDVPQMHVIDHTK	3	38C9CDC0CCE5986158E36E9084E425E300340A8692B5280757992E668483764A
GGAVVDEGPTGVK	2	A5E34B40E0DACBBFAFAF14E34FCE4B798A8E3EC6E3B0C010B1D5D2755A763A99
GGTLLSVTGEVEPR	2	EE4D9F6E064590F6B878C97E170001BCE5D73030F0178E08CDAB3135E96289B8
GIVEFSGK	2	AF8F15E611FF34AD62A557476FE85A65DA7AEFEBD679737C151C79525AA03C50
GIYFADMVSK	2	6732E0C9996E57D1F0CF8F9F76F86B209BE7A7BD8531E16E2C0A9AF9A40B5EDE
GLGTDEDAIISVLAYR	2	2D222F5994CA1BE7110EA08BAB7B45FA3ACDFCCDFA3F89CFCD31AEB36E5D6878
GLGTDEDSLIEIIC[+57.0215]SR	3	347C6008BCEE39E82245DD10835743B51153A637304AD2603EB60FEF04C3EA1F
GNIIGYSQVDK	2	73A308BC7220733A58805E13CA6DE27167716E21915E3FD46968CA6F6B3EF727
GNNVLYISTQK	2	06FC10A66EA9BC5EAF837706CEA659FAD5C708A2DB6EEC39ACAF844D60EB6E4B
GPPGPESQSR	2	1F1D60B1A56C1BFE186740B4169CDFA9E4107F08815A4ADD18FC4124E33E991D
HASSGSFLPSANEHLK	3	B30C5DEEA38687364D3124DD38222EA81544696045A8DA7D1E7AAE00F9561358
HGLVPFAFVR	2	6ED8263779EC83FC27E85FE4DFF89D8CC7F390494A0C57D0E04A141AFB630EAD
HLAC[+57.0215]LPR	2	2511DC1CC9A8A12CC0E314351E45CB6ECC98FE4F12898E22CA351AEAAF767668
HLATSDMLAAASK	3	F2D96926ED27A2A2F5D33F013D40EDF66BF9B21CA2A4F12C196901152BBBD1E0
HLLVSNVGGDGEEIER	2	7AE80CBACF7D86623F2336F193724AEA9129C068E6353257DEE62ADC852B57F8
HMNSAGVLATLR	3	CE40277F60DDE28F8925CA2049D2DFA029760DEDB2C771A3F2F902094536A2C2
HNEFDFISGTR	2	8563A473A0F8042910D47757C00B9C3F56A0D38ED80AB5C54B4FC3CDF14188BD
HPSTNSLLR	2	5D865216395A3B4416C32B8588884A0EEAF8D4F5B1C203F2A4C8E52F5D8A8E91
HSFFSTIDWNK	3	B72E5DEB65F0A82D32952399C22670F434E339194081C0CE5D7C7CF9AEC06C6C
HSQEELLQR	2	D925E7F5622E5881F6D1C1635FF819F75F1B5B0705783FECE7B4A2AB565CFBB9
HSVDGESLSSELQQLGLPK	3	DD128779DE1C323EB025EBBBC211A12C846F3B5FEA787705050046E678AD8108
HVGMAVAGLLADAR	2	4D31EDFE89D50A5E69CDFE3C6E274BA0B4EF5A2E05F00B3ED95CE6CC838BF72C
IADQLEELNK	2	D1C3FEC3031AE944B362EC547070E49872D7B66AA14CB6BE456D93D4A5199DB3
IAMENDDGRTEEEK	2	362DF16404EAF8DE9AE08174FD2E4146F0801A004D6677B3C08715BBAE82DE44
IAQLEEQLDNETK	2	12BBB6B740496EF06CDFCCED8E49792D78B4DC8124C8CD9B4A4CB1E41590F7D3
IAVSNLHK	2	9F7AC39E0D9232FBCB8A3CCB134FD6F466B812F4143C152F6B178592C6EE3AE3
IDMNLTDLLGELQR	2	CA756277BD1213B9EAB4F78BA52F1005506DF0EA5734A438EBE7354C3DC3C269
IDTEILPSLFMR	2	FD56D16B74807D34D5F81034DC695F960FFD179DD2A1EB04E53B670AE1359A24
IEEQSQSEK	2	98F78BB04B3535CFD72367DEC9DC755E71C9364720AEE79714A5EF4E53698F8C
IEGEGSVLQAK	2	5B0AA58376A34633714FB5EB56FAF36C2515130A89DA16A162F022E4F8FE6398
IGIPEFK	2	F489404A91F753526F18C392944001C5CCB225BC5E96C6B363E04F8873B8F246
IGLDFC[+57.0215]K	2	3B16FF3966113584A2DDF0B44E2C5174D76AF028D4F0261B265398EEDAC33308
IIDDSEITK	2	6BBF8F72253450E1513E0C699FB3B94432E47A6734E063CAED29BD4C0B9928F2
ILETTTFFQR	2	E044FBF4275E76F91156FCE283FDF8D8747BD97331211AC07D294E8139B2F8F4
ILQEYITQEGHK	2	56B3DDD730B490C7936B1A53A5E3B32E2A0D24AB49BC516365A8513EF4F17D6E
IPVPQQVAR	2	084D473629FF1CF45CA6B4BD8348F2B47E36D4B67F29B6D05B03A415CBF94807
ISALALLK	2	B86FD0FE8333E6D655C92DF503F28C1729F7F2595CDC7225380D3C65693714E2
ITC[+57.0215]LC[+57.0215]QVPQNAANR	2	A5F6ACFB4C744D3880324C60E9E2E5C3CA5613CFF82C30B6DDBFB9A1026C97F4
IYIGDDNPLTLIVK	2	24EA2281878BAE8CEB1E76CD616A9F37EC380A9DB5E10EA935DD6E909D04087B
IYQIYEGTSQIQR	2	3488FDD8B42158D2414F3BD83063DF0E05B7C6D255FE5887053900976856D906
KADC[+57.0215]TITMADSDFLALMTGK	3	C0C7AAD4960AD084EEA81745691C1A25D2117D83194F4FF1B6AA71C6B2D47D41
KADIDLTK	2	E878C273D3DD547BCB99117D0C3425D2214ECB1EBD348040526ACF4FD720A4A4
KPQDQLVIER	2	9A3B203D1ED3D25C8D48DD26C37819276E80B7FAD3478FCCAFDDFED0F06E4961
KPYPDDENLVEVK	3	64AA1FC485AB0CA52ED71A0A76206A5A80E5BF5F31F033BCAFDF1927F3457739
LANIDEEMLQK	2	25533072213063D61A0EF23874BFFFE1355214FD9348126B9FB7CE8067354965
LC[+57.0215]GDTSLNNMQR	2	E7FF6D1C3F87452E429787FD2D62C094D64D68011F5DA6F1C0C5AFFD05D2B38A
LEELTNR	2	884670A11E1C6185C02CE153D4E62277C24C7B2D919CFEADB6804C5DB1EFB32B
LEGFHTQISK	2	FA021F2948BB36E71E24470F96BE3C64310B3D7B7534C5F773FD1F62D24BCEF9
LEGIITR	2	C379D9146E43E6C260E88F16C6F298371E737D45B74E2C0CE21AF5ACF50DABEF
LENWITSLAESQLQTR	3	443465538F76595A500AE0501128A4ED4E766FE70605A911E3FCB6376CB3A12E
LEQEIATYR	2	8EFA3273E3CEF1899B5AF7F0D312881E3EFD52AC7B6DAE9276DF4D7489FFE5D5
LESEGSPETLTNLRK	2	F4605D5DE0BFC4B91EE3AC3458D4E766026804389D9A098EC1B7BBFDEC8FFFDE
LFEGNALLR	2	8D84C49D31FD29EA70B978C89F5066CF941B122F693D45AAD1E29BE6535EB0DD
LFELLEK	2	0EE5C8B40EF9B0AC51F15551257F688E2DBE77FB84626D54E5DF82012C5C247B
LFVLLPEQSPVSYSK	2	BA4191A01877FED30CD0586B9D1595F2D9A70A108AC92C388495BCB484B74D47
LGQHVVGMAPLSVGSLDDEPGGEAETK	3	28AFF7ED30CC96103D073556D384E156091B9E6F32EAFBEB1EF230189A7EBCD8
LIDEVIEDTR	2	CC774CBCECA21B74B70C02E5222DF9EF8B7AB2CE0C165F37FBAA356BC9AA1813
LIDFLESGK	2	AF51A2DAA9EF8A4F8355FDDD904DADE1B9E6A08B8CFDB91FC6CB900CD2FD4028
LIIVEGC[+57.0215]QR	2	5331B3BD5B1024F33211927315BD3C672CC5149C1478D9FDB54F94213D8E4BB0
LISLLNEK	2	855A632A6361811BC498B47D1EF246F118A6F99CC92180C3BE1A3A793DD8F0ED
LLAELPASVHALTGVDLSK	3	B0FCCCED8CA55B49B386F14D2C6E91BDA3865B9DE3666A275137B92788EB8CE4
LLVVTDPR	2	C2904E4C0854C654C553239E4C538CCA604CD9DE8895D7AA03923EC91D36F8CB
LNQIMVGTGNGLAK	2	861C6E711F245260856B8E294D79981E53DF282867E1ADF3436BDF97C1514F6E
LPEEPITR	2	8486A97DE1EB6EDA6B116F6BE00135E488ECC3CAB332C7F40F7DD2D3B1D334A1
LPPVLANLMGSMGAGK	3	C53DBDD7D04364829EA459918850FDCE4A16321F5AA09131EC3B817D485DCBB8
LPQTSDDEK	2	B55A14635A4280A66052209F078750A2430BD4C7C8D9E137C73F1063BF6EC90F
LPVDLAEELGHR	3	9547D72CD39CAD9B794024E7B7DB6BC935EF52287DA93D92F598D492D6968D0E
LQQTQNQVDEVVDIMR	3	D3AEB0C06D47222E0F4AFF688E53068F0ECF0E011C057247B9D73DCE61F04BA9
LQWFEQQAK	2	6472AFA79F04AA67B0B3DF20BE588AA35392FA9952FF193543276AD502DEEA78
LSDQFHDILIR	3	F7E1B54532863D80CD5D25E86520CAD4D58EB6B9255A56288459892A4CC00379
LSGLEQPQGALQTR	2	3A9C1AFA7810365A508FC5A3BBE0808E576CE2682F861108486D96233FB83C77
LSLDGQNIYNAC[+57.0215]C[+57.0215]TLR	3	3B2EDACCE83F04C53DD0EF88EBDE931F4091D72B010379957FE46D9365E8B1A7
LSTGC[+57.0215]TGTLVAEK	2	A54ECEDD1974F8C1A4DC586A4A4EFAF37E59720E0CD057E5DBD89AEC651316CB
LTDC[+57.0215]VVMRDPASK	3	A9A577EEF83FE155D4E63BDCF0435A345E8C0ABDB8B86DCF4D38266DEE69CC2E
LTIIPQDPILFSGSLR	2	9E2EE87DE4703FEE58F91B48553D672A5A1DEA16D2E8563DBD271FAE42E6B3AF
LVAAGSYQR	2	454AF1EAACA813E91CFD4BEE0F4950439C77002490E49DE310E571CCFC8DAF28
LVAIVDPHIK	2	91D16DBD7B522D24B3B83583907DD6FEE0E7EF908C5525C7F3D3DA92C0923F54
LVPSQEETK	2	1CD7204E3D4AD3C656E5CAC974CCCCB7248176D77B66E3C6A43B58DB0F74779F
MFTSMDPPPVELIR	2	C047636B20D56C6F93BFF06965E5194FC15FDE8B1FF1CB50C2ADB66737AE4692
MLEQLDMR	2	824996E9D19A0D5AD556D6219133210FC40FD0A96809890FFBE6B0D6CBEDE0A4
MSDGLFLQK	2	D50238D6A52F24C6499ECC26516CF9A05628D59CBB6BBD4D3051F39F2A95E92A
MSPLSIVTALVDK	3	4C1B0ECE486CC5EB458E3D3E7F6FC6AE3279AC43B2EF2E2E12C0D312A92FCECD
MVNHFIAEFK	3	AED06E4E15D1F6E4BC0E76C59B1D12DE2884C8228587B22BCC5033E021B0427F
NEVSFVIHNLPIIAK	3	DB14E9F93F719BCEBC70AD5FE3F6EDBECD996522E441B23C339488CEC98DCA01
NFVDSPIIVDITK	2	A27B2B810C536FE96BC3CC11CB893117B5BDC8571FAEB74BA1D22EDDBC738D04
NFYVEHPEVAR	3	26A9D7AC9A1DB7435E1F07FA37823A3844321E67F14F2005E1D79B00D6BDAFEA
NKPNMSDPEESR	2	B6E3AE14E379603B6FB7438A700EEB1B1B9A467FC4009C66D79F6FABCC07A659
NPVLQQVLEGR	2	2D69354D22ECDA648A5FAC841CFF6A8592835B2C1202F9611864205419505EF4
NSEPEEVIPSR	2	FF0187BA76F8C904AA1E17B222797A02943949EFA63E492F509EF6B5D877D78E
NSSNTSVGSPSNTIGR	2	3008F966BD3DB1B4B477183D5C7FC35BB41F1062D31E2160568786FF9E0DC84B
NYLPLLEPVKPEPK	3	BEAEC150E507A623FE3D4D13DCF3E71F7817D6440076AE275FD9E80C4576821B
PAGLLFQQPDLDSALQIAR	3	4F3535CAF8C634961A8DE9B44237F364FF43E9A36575D788C7EB7585E63A01CA
PENLLFTDENDNLEIK	3	561C5352B3B9BDA3F866F1FF33478E2018B14482DFD3F06C1275A9BF19BD23FB
PFSVDFFR	2	BA2DD292B695657DEDFAB8FE713BF971293F63488BAC6387DF088A2F14F74DB7
PGFSIADK	2	DAB5F651BA48C7CBC2CD4EED760A499C19732CD3EBE8657D7D9DE15B49A58454
PHSVSLNDTETR	2	A701B5CEB2E26A40BB797E95E88288DC84874C2D152B0FF9C5A8E22391294839
PNMVTPGHAC[+57.0215]TQK	3	5B0E2190738F5731B2C66BCA48D9F0A166B53A7C90B74F88E5CCAF67266BDCD5
PVHLTAFLGYK	2	5E5260D26A8C6CE3C19AC585B58A8DC3DEA1EFD28FA3158B9744F5497623BD69
QAGLLAVMAQMGC[+57.0215]YVPAEVC[+57.0215]R	3	2214F80ED55A150CB5BEB48BAC046EFAC9325E39EF5F784E2E4ADE80BA77027B
QC[+57.0215]IHQLC[+57.0215]FTSLR	3	3A7338B2EA4576BAAFC62E14D105FE706B3DD7123C8640F1D99E904B48209D00
QEELTPLGVHLAR	3	74A865D382C3AA5361C31253974C973D9C0690CFC382391F15639112504AB8A9
QHLEETTQK	2	A8A389EA16AB7DBBBF0178579E065C80799D9194AECB3400F0DE2E2B42D07E40
QHLENDPGSNEDTDIPK	3	4F1E0B3EB694E0A2BE0AAD7DC220EF86473F717AC45A85D65F9DDBD3848DA5E7
QILIAC[+57.0215]SPVSSVR	2	39FCD67915ADCE7E9B4C6206F10EF7CA091BD6F0EF161FC875EAF89414C70038
QLSSSVTGLTNIEEENC[+57.0215]QR	3	0F5B07D900138B2127DEDF32D6D57902328D090B582006505A55086599F7B62B
QPAENVNQYLTDPK	2	C2A86A5D0DFDBC2B889CDC904E46CD15800DE1F955112B6A884B3EC2D2F285B0
QSGYGGQTK	2	82DE56E6D00A48B1F167B3B4F23D4D3AF84617DFFC4E5E28C2FAD0CEDE7AF9E4
QSMAFSILNTPK	2	93EED129F6B52DA690D82691A30A87D857F3268E5FF8386F315BEEB9462B7F7D
QTSDGNWLMVHR	3	70179AB54B3480ABFA6851F8ECCB32E8C1C3F4CF23DAEDEE02398ED905AFF406
QVVEEPSPQLPADK	2	5C38E478D3426E44150D44388297FDAB0267AC6CBD4A869FEF4B07DEBB04082C
RLEEPEEPK	2	2B3A8E4313ACFB6B46CAEFA8757852D349B36C3601A2CB6128AF3258D234EA0F
RLPVMMDEALSYLEK	3	ECE960C197982ED595E253B1FDB62B0E1E298D3251E831227DB5FE1C0F962216
RVESQLK	2	0DDF9904A11B79AE48BDC1AFF06FBA47BC23682B719F36EAA6462196EABF362B
SDHLIQTDTVNLHR	2	A2A50F1DA71ADBEB324AD167603CA6624CDE7DB88A8FE29895CD57AAB7D8AAE4
SDVQIHVPTFTFR	3	3EAB662F5B00534EFD110394B358390B8F0F7A2ACA00344FEAD2713E13F19184
SDYLNTFEFMDK	2	ACFF941F41F098E71325B84B8D5651A79C27D40918CB026844CB3CB200B91EAE
SEIEVISEPPEEK	2	968127D585E1986B53D91CAC943EAA68D3AA24BAD5605FA20A308FDBC80636E9
SFDVNKPGC[+57.0215]EVDDLK	3	F0B182DA3F344C2BE34B286038A890E4B6347F2212DD84E99B3AFEEF19E499DD
SGLEELVLSEMNSPSR	3	826F04305E6FB6CF47B2B75AB60878B9E4D09198BFE2A754D816E08C86E1C9F6
SGLLVLTTPLASLAPR	2	34AB1DD5790177055BA380D0F44B8570276E24B52302284C277499B484A72388
SHSLSQHTATSSK	2	28DCC9DB10FBA7B2710091F12AD5DBD3100DFA406791D50792979E6346D32515
SHTEEDC[+57.0215]TEELFDFLHAR	3	2769C742AB1B6A656E135FD6A1D83994A65EFACC86240F6619116B5ED39ABB4E
SIATDVLLGLLK	2	8B012898CA3BC743DA5269847FD0E2FC6C4ABF4EA940CE58364521E913F45E97
SIIGMGTGAGAYILTR	2	64A349C1F3C25EB83840002623DAA6182342C190BE820CC5E41671B66479B1A1
SLVALLVETQMK	2	D4B65B23DFDEB0F7F99D7F5FE5C24D700FDD7A12CF4FA98193E3AA4527712043
SNILLLGPTGSGK	2	C5A3C218E9D83882AC57B478465FCB5046CFAB61BA7B8346EB824B35041E5B45
SPNPSTPRALPASETPK	2	4AEBE25C0BA2B3580FC0124D907717FAFE1DB594B8CB5EF4FBB4FEE3EE5055A7
SQIYGSR	2	9B40423D08344CF878197BBE4BFF1410B759FB0E6C57C9EC06F907EE6C05073B
SQLIMQAEAEAASVR	2	4C70F7A315806DB95222EDB6D95C6A93E933EF465EE7C5357DC589C8B558F6FA
SQPDPVDTPTSSKPQSK	2	47C0AB7713DCC43F9CC60B8DA0797BCBADCB60E706E63B2016C1D1F6683266F6
SQTEAVTFLANHDDSR	3	8527936000CF8315D098222B9872BF029A6F3D90DB4BE320068C69B0BD13C4F3
SSENGVDYVIMGMPHR	3	2F1F084BD043920B62ED31372F82B5A977D522AEE92A44CB5C77194F6C8D55FD
SSGPTSLFAVTVAPPGAR	3	A0F866A9A5EE99192A577D6DAC24E7031A83BC7853AE6D8413775FBDA9E7B682
SSPLLNYNTGVYR	2	5B84A14EBB3519C640E74A6E48F78AD41BD9594117F3C9C1F2F7D1ABD7392F09
SSTPTTIFPIR	2	7A67A8CB671EF9F2407A62C704252412A12EAB61701D9120C5EC4B1B54378EFD
STFVNILK	2	16412448531E579B58ADF8820559ED97EA56513993910BFD84DFB42CED471761
STLMDTLFNTK	2	A37EE10D1C7AA7570AC5B0275B22427A028006CC4F98D7CA718005C17BADFFAC
STTTGHLIYK	2	F7CFBA3E9F38BBA6183CD6B49DCA2D394424F6479AF679CCD1107163BCD9E6BE
SYLYFTQFK	2	7D872FDBCF5C91139E2498730E1CB8734B3365B2D88490A94B10F52FDDC1C4D7
SYSSGGEDGYVR	2	3497E143AECC85E0676F854A9DFDF3870887B14E9F530C814D43006D2517850A
TADDPSLSLIK	2	B679CAFA58C6CFBB995BB5BA68617B990535CBB4FCBB9F30C344608923ED9D51
TAGDGWFGMK	2	F05757FAC7B31C7A00BD7A5DFB24439209F5D0391617B7CF07598C5AC9A63E08
TASEGDGGAAAGAAAAGAR	2	529E957811957459D1E726082E5A26D9F4EEEBB6B63C7C4438C92DE574DDA2A9
THQPSDEVGTSIEHPR	3	257FFC6E2F2A10F98FE3790B59E124F106B9FB49A57C6F835F9ADE8D095B4E15
TIILFTK	2	0747E18729F9CC5851FFB54CF579F3A29F2A5602A7C61A7F48237FC7CC10EA1B
TILSLMTR	2	6113D38F6FB21226DC07795235CE31190BB15C54E9F56D167107C90E3E9A9096
TIVITSHPGQIVK	2	EB9F67CA1C3BCEF4257439697416D6BC2FD4EB7F206FE807F02373B610C04DE3
TLAAEMQELR	2	2CF55C88DBADDE84AA89AC11514148382E2EC4C7391484700DDA161A9AD43907
TLQIFNIEMK	2	A1876B34444F3946E58B414FBD6BEEC674374AED021B32409D0562F85502554A
TLSTSDDVEDRENEK	2	A3038B98BFF38840FAB6ABCA63D244DFB7FC10F772B90DE5BD93FBC95BEA98A7
TNGDSQQPSSSGLASSK	2	6298D3268DC0C6EFB09ECF100C989A7F450EF1D57701C889F30365712EE6FA9B
TQFPSLDIEVDGGVGPDTVHK	3	CCC56473CA27E79D3D27BC58512AFB19C43B10F8037E7E1832942DBE6077DD92
TVDSQGPTPVC[+57.0215]TPTFLER	3	3961C4CCB4F74EF5893D6490390DBDEA46064487133ABFE00CB575DA28294A24
TWYPEVPK	2	30EC23343D28DD9743ABA69998E1333B457E55004573EB6177F56B1FC3071C0D
TYDLLFK	2	67D101D0718F279A5411133B41929D43FCA74D48A16282BD760BF379388A528F
VAC[+57.0215]C[+57.0215]PLER	2	6F4BE7B5DBC8697267196DB9536896A2B8617B005B0A6FA8C14B747A81CFB4A4
VAEELALEQAK	2	5720909D88CD75065019AD04F1852EAB8F8813C14782826FA2DDAC6800CF343D
VATLNSEEESDPPTYK	2	B56BB825388AFA5B3C585700E0776CF85A32C32D529AF6CB75AB910ECA1B2CC5
VDAQFGGIDQR	2	C811FF18BA57E80A9A9A2A30674C026CE5E2AE9FE7A15FC1BD1BDA9544B47891
VDIDVPDVNLEAPEGK	2	8DBAD4BC159E3C0D31942ACFBDFCA7B3575D3157F5FD83316E5ED216DC4A3C25
VGDQILLAIK	2	4FFECD84302596D3255C72FF0C8E70A061B4D1CF9B277F8336E7A4AFA8CDEB90
VGTEC[+57.0215]GNQK	2	ABD1A9823E083205A43F30AA1FC1E4584B58B8C14ECCDD2C2A06C587CFEDB6FF
VHQLYETIQR	2	3DDFC40904E24C08161C4FF6913EC4AABF03B1419CBBF2CC54C27162D40C36E8
VKPLQDQNELFGK	2	37CA0BD6C56FEEFE9DE82E706DB4A38738329AF9248A7FD898201AE3B19574AD
VLC[+57.0215]GGDIYVPEDPK	2	783A2AAE9A47B8E12FB39EA30244DE4B2AF7EFF02C440203299B6DD3DA05A1D0
VLPANSMAESR	2	07301087B12C1361D8D5F53CDA82972564621DD443543A77F99649C95DC46026
VLQEALC[+57.0215]VISGVPGLK	2	B07AD4F4377A654CF34248D8BF06FC34AD672337D1940728E9CA10CB1BCFFE4D
VLYAYGYYTGEPSK	2	FDB6B7E32526E4B416D0FC692C52A1B4193A8C3FB3ED9394D149F7F7B03EBF35
VMPAPPPK	2	37A8A5B8D5BF24B3EDD2EE29393FE97825EADA1F57C21E665969AC22CEAAEE05
VMVLDFVTPTPLGTR	3	23C95FFDC31F2DCBD95AC56E24BF779535E37D7523A645D6C4C80FA50EDFAECD
VNDFLAEIFKK	3	28E9E3423FE46D93AD347E3FD409D269422259F62760CC2754E60EBA2FC3A877
VQAWYMDDAPGDPR	2	76A591CF8E2400DE32B7238BD29342AEF386380F5FB56D2C999C63C4A67E415A
VTEGQQER	2	ED1C877C19528B08CAF00381AA81F80CADB7775EECAC8602F9E2E17302A957FF
VTPPAVTGSPEFER	2	D0CFD385F2D707ECC445C52CC4781794537F2D9EE0D2D2751756351B443611FB
VVNGAAASQPPSK	2	BD8963941FB347EC652F7D423515C008C690A7D513BD90DF5F7EBF2152577186
VVNSETPVVVDFHAQWC[+57.0215]GPC[+57.0215]K	3	9594726F70BF44F79001C3A71379251D0067D7B7A7188C51074D0F8F0545A18B
WLAPDGLIFPDR	2	62EAAD1C56468BFF871077AB57ABFE48FB89FE30FE7D9F3A9670D87567B02880
WNENVQYLSEDR	2	9B265848E506C0538E2E3A52F674B223A180AEB521457A5DDA0331058BB38916
WSNAGELMELIR	2	E65268F3A768E00C3C32BA2B7824000F29EED56E971DDA23331F06EA051BA34F
YEDEINK	2	3C8F474C854541D5D40ADC4F95AA2889628CF62F2BF9FF996985FED8655A1425
YEELFPAFSDSR	2	D74793F4A0C7DD5253877B6207891D6E940CCFD72018D98A3CCDD3CC0B00407B
YGGQPVPNFPSK	2	450552849B25563D42EBCCC98C2015EBD9D203C92D92786B50AD2D9A8E05E57F
YLAVESPFLK	2	85DED088426BE4A8F4F1525E3ABDBD2338A4039B016D74A5883526E39690F9A9
YNVLGAETVLNQMR	2	66B87978CA3EA2303C7ED1D1417FAFD36CE04CBEA988CD8A4C2BEAF4D8FE1E0E
YYFEGIK	2	86E836A7DB8C7F1814C1B1322F0F442DFA0CB5E51843828FD341C496AC685A58
