peptideModSeq	precursorCharge	peakHash
AAAEEQIKQLASVILK	3	F9D17AE749B0078B276585796CE2C012338231370FCC0C7E8F382169C4099F1C
AAEIYGVTHTR	2	11530B379C479D3CA886BA0837D05E2C05C1BBD8B5E75749451E8215DA7B4ADA
AAGFKDPLLASGTDGVGTK	3	6113B32D25B38961876812A47EFAC8051B95E9506160A7938E2F95B3057AEC4C
AATENIPVVR	2	6FC7F80723A67BBE5B538726A0B919AE9AD75F5DF2ACABCB8448063D699BE13E
AAVENLPTFLVELSR	3	A1D6C68965E21A51C4C390F33921B6AA032E9FD743F8DC32474CF49ECDED6421
AEVLWLMGAK	2	0D64D1703C2FD4F2910CBDBAF4E9CE6722E7D2C5FE27894A15EB9C0BC3A2AD1E
AFPEHFTYEPNEADAAQGYR	3	F4EF962F16459093915621DFC12E95690D40A3275AB7A3DCBAB9ED90F1DC63D5
AGEGTYALDSESC[+57.0215]MEK	2	E24268FF828586A91159473730B59CDBAC2E2203CBC2DA41A189C771CAB3181A
AGVNTVTTLVENKK	3	7D7B6326C2C5D77A2C3851C41638BA051326B7C9A052A760E8741F885760F5FA
AHDPLADVSNDLGHSGR	3	3861A3747AFBD22B390DD081B57E28DBFA9844850BA600058C1B93BE98BE9677
AIEINPDSAQPYK	2	A535EDD1C8478066A72D948D48F9BF5A074E2891DB889E43ABE46F779A90817E
AIPSFLNSFNR	2	CF08F70D00856C52BC4DBE4479A9AC003F56A08F1C5D82726DE9AE01AC81D61B
AKPAEAPAAAAPK	2	EB40176DCF5A88CA5FAB89826092B00A9B58C337AE61348D5CB56D96359B395B
ALDDISESIK	2	172C55B1F74401F6E15094E949E4A7E9574AEB6142A45A586A08E81A0835B27B
ALDELFEAIEQK	3	23E180B66684EE05B630FE63DC07A88AE96032CDEBA8DBA68DDD041103958A53
ALLESMVDAAENLC[+57.0215]PNVMK	3	4B63AEA615EF9A150E8BAFBA7E28203C681C0C37FC5C6B60A8E69541C4D8636C
ALQGLVWLKVC[+57.0215]DSC[+57.0215]HALLIQR	3	91F207F23EF9CCF0B4B57C4E75A9E7DD193CC51D07AC36945E04278D010412C5
ALQTVIEMKAAILQTEVDALR	3	2DF178EBAA3954D10457BE1ACB7EFEB89FC9C505B647D0000F8F626FDC8F62F2
ALWEDEGVR	2	040F5580962848FF94891AAB1676C4FE245BB474DE1C43279E0246DA2AF9DBE0
AQAALAVNISAAR	2	FF19A538F92CA4822F26819CF8E769B56D9F4F865E7DD63A880177A7EDB078F2
AQAEAQQPTFDALRDELR	3	0F505843DF388E9CAC8BCC8C0C4D3B1E5D30CF2787D2DBE7DCF48E1DC9A17CAA
AQEEADYIEWLK	2	E2DD0656C3A729C6766EC4D8DA8EDEAA4D9C1D33DFCB16391D1418B1CF068D9B
AQQEHQSLLEK	2	0F46B25A7287078629B05993C49C41FB0FC054D959E93894B41D7736D4A600E4
AQTAHIVLEDGTK	2	6D8D1518DA0C2E02DB739EAE8AA56D523AFD745A38828C0CC06C4278259FBFFC
AQVARPGGDTIFGK	3	6E0538AC95F770A40A92F64A030489A7097C2BF5331A218D0E41E6E2F1BFA863
ASLLQNESTNEQLQIHYK	3	059031D81AFF633C51B43484CC21393F064E8CEED671DF61FD873AA851682EFD
ATAGAYIASQTVK	2	557F3E05CC5A66106E481B571C5802BEAA391721F8446E1B9CD1860ED04521C4
AVDEAADALLKEVAGAK	3	595AAD1F5F4403B8E77CE250464F118A19C65E0C01093D8AE793C0346E1D87F0
AVDEDPENQTLR	2	316E35E3F0CCCB3C5CF703971708B62BFEB515125297954685CD17AB77BB660D
AVEVQGPSLESGDHGK	2	DEBB0E65D43C338755D61DECCC8D956E261B9A98C3D2636756F5A59495E7C41E
AVIEHNLLSASK	3	D7103D2F2666C9498AB6AD4D8F7B8956134AC3592E77CF4BE34AFE09C1EB4441
AVLQEEQANLWFSK	2	0A118C29C4F899E5345AA5E5296B2C1E4B61DFB542A835184176466D7080574D
AVSSAIAQLLGEVAQGNENYAGIAAR	3	5DB5239A33ABD99B7408920E17724CAE4FAF43FCF8716B3CEBE4BAA6607F65F4
AWYGLGQTYEILK	3	12D5D2EFFC23A1271F0AE298DBAC8F1E7E1FC5B2B799A021DE642C21410DA810
AYPEVLAQGR	2	CF1B7FAEEBBCAFD5198C4D76A83A4F18441286D76590F42EDE79DE5C51E690EE
C[+57.0215]C[+57.0215]LTYC[+57.0215]FNKPEDK	3	AA3BCFBE232BD0684D13D5BB0442FF95ECBF1768752A949EBF2422E2E19C3C9A
C[+57.0215]EAVVADVLDK	2	496AD8FF670B562E27504A40D5BE8A42631D614E31D1DF9F7F205E5EE74914CC
C[+57.0215]FNTLTNSFQPSLLGR	3	7920FBA20068410867A92516558D7FAB9A3AFF0ABF0D0986EB2B7042136C69F3
C[+57.0215]ITDPQTGLC[+57.0215]LLPLK	3	1285C334B2E4FD06F373E6C21BC9FBA8EF7DF9B908BD71A3415A3B4F1C62DF5C
C[+57.0215]LDALAALR	2	EC9CAFE3328E46EE85313E82F76B28EE5A2468669697110665648F289343397D
C[+57.0215]PLC[+57.0215]QESNFTR	2	EA9FDE50C1FF554B2A8E7FBD2C21D4A48C26BB9B7D177373FB1C30EBC10FCF65
DAGYGGISLAVEGPSK	2	171A39034159D3E78F714DDA45D69D86140FC84A0DF90AEA7AC334B9D6EA08A6
DATNVAAAFEEAVR	2	5E88746CF24BBEA7D0B6C11F0542ABFCE76AB01E78A63CEA864B18EC6B21B70E
DC[+57.0215]LNVLNKELLVPLTSSMYVPGK	3	2FA55733FC4C47C4E2FC92CDF5FD3F07C69ED8AAA2473205F7E9EFF5CC2D3A9B
DC[+57.0215]LTESNLIK	2	7B7D7856D452C60CA57C8A6F0C05A8C993EB3106B05991DB430952F279D5882F
DC[+57.0215]QIAHGAAQFLR	2	CF867945C46C6C5034CCDD6D085C2DCEAEBC73AA2C5D2B601B7E612F18ABFFC6
DDEPVC[+57.0215]GRPLGIR	3	798B07354C41695148B27696C1E38DE02DE4A054211F9F6E2EBCC0C85B529972
DDTTLNALNTLHESGYDAGK	3	E51F549B77262EFD0A0BB63B22BBB3E2D1DBC02D0058DFE821A33F059C7ED61E
DDVIVTASNFSSER	2	406406D3DB1518DEE6E6FF6C62AFBFB9D3C7FC82DC0C9F547DA76AB8A30700BF
DEGNEAVEAVLLESIHR	3	258D092621359C0999AF6A151BB0AF03E31CD1AECAA2C15EA61DC5A3221659B3
DEPIHILNVAIK	2	81E69C7637FEE0BF81194CCC8DB2BF53AAC8077F813ADB1A7D6659AACA3EA377
DFIHTASISFLTPLR	2	381E7698E8D583407EF47A0E532F6C764ECE84762D76F3DB64B50C1A22355445
DGDGTITTK	2	0F6F191EA2B2EEE7045D9FC6DD4147117CD7FC86C9B4F42DE38924011B7E3EB4
DGIDDESYEAIFKPVMSK	3	2B81CC99E198ECCDA05CEB4D7E31859E66F2AFB105590A476D2B25BEDFE6B7B3
DHLVTAYNHLFETK	3	D091CA9BF114B80E3BE6DE7D2D7B07AAC7B0C758DE589A22E91A2EB66C7E9A5D
DHSPDLYSLELAGLDEIGK	3	6639FF1A9EFE82ED2D1CF46E158465E0798413BD0A7DAD28E665EF8D6397AB68
DHVYLQLHHLPPEQLATR	3	4C68FBD63E298982519721640A06C747D8CC4BEA2F62DED9029DBDC1A9AAFBC2
DILVATDVAGR	2	6772F2D24160C0089F435A83BB8B52962E2BC4E02C28869F588804C4C4931E0B
DLEALMFDR	2	60BBCC30A61A411CA35C9DDA73D79A110FC764078EF3C759BBD5C482B6A5614B
DLLFQALGR	2	6C656E5FFD42F26425F4702816A0F280973F7327A80C152818AFBD5C3230758A
DMPLLSC[+57.0215]LESLR	2	D024BA88082F0AFA17D6DF1EB7039C4E571CD6D16839A7B4B3BD99445F9A56D6
DMSPLSETEMALGK	2	70BB81DCBEE6C8089BEEB30A1E07C067450ADA924C4D62900C78C1FDEF68F7C4
DMVC[+57.0215]NMLGLNK	2	93DE33C3418C696908338BDE52A2F3D2FC9EEC52C8B81D2D99A83D1CA428B9DE
DNFQDTLQVVTAHYR	3	78A20FBA9F17ACB29A57CC09F7550F7E4982DAD3D03ED29FDC72A9E2CD742409
DNTSVYHISGK	2	BAB3B751EFCB82AFBEC53DB9BF3918FBDFAC13D7A8CBE2BEEF81A68DC491FCF3
DPSASNGGGSPAR	2	7CF4180C080C70D6FA016FBE6330738E842E17D330E9EAAEDE95762FE814D079
DPSQPQQWVSSQVLLC[+57.0215]K	3	C4AA1FF58AF6B9B745EC276E73CE2A0C017A462C59D36A4A8E48D61A665B9931
DQLESVLEVLHR	2	AF92B1BD02363C43FFEE204FC9B82F79BEED48824269681607DDD4EC0D10294A
DSDGDGRGDAC[+57.0215]K	2	3451131FF3327261BE68446CD3B6DEA5CEE28737F6218C961607932BE09F3B1A
DSLSVNEFK	2	92F080A0F6E73FD49EA39DFA1B554AE91D043F11375E260B1727A781E6C9ACB2
DTSFSGLSLEEYK	2	0BF9F6EDB31DA9E70772628FA505A65E9BAAFDE64FCF73C3C19E46791DD8BAF8
DTSVEDALER	2	7CF6C20D4CBFA025973A2B8CA9BBABF4A30DB6AD67FDAAFD1A258B20DCA2CB63
DTVVEGLRVSMEVAAAK	2	C6FC29B8995CAFD212EBC7957A649E9B525CDD5F6D635229905E11DCD322D72F
DVEGSTSPQIGDK	2	38FF227AD0CB1F74617BB1AA0664D6902FA4CB6CAA71AA57080EBEAC5C870BC6
DVQNFPAATDEK	2	BB51C4875AD3A40B27AD242D5D8288FB286E2751EC16318DE3C3D805951713B1
DVYLSLLRMYLSPPSIHC[+57.0215]LGPIK	3	AF61E6003BB0D6D129CF7A7D3963F3145CE6A115F7DBA2489048E3683E21702D
EAC[+57.0215]PELDYFVVFSSVSC[+57.0215]GR	3	2BA9F98243CA96D3431EBCB5EFC44B756EA77612CD1C0F6F6630C789407333CE
EAEVLLLQQR	2	E19D27B24E031EDDEFD7951E1A8C704620F5CE4718BD9A355D3A6644C7D87531
EAFAIVSVPVSEIR	3	01D8BE3F8DEC1ACCF540B6D84E9D5D1CB79D5B7903685A38B702D8C651A404A8
EAHAQSIGMNR	3	8FA8B95EA178CE848BB45B024613FE61D90A2932F6C742A9555F09930A90FFB1
EANFTVSSMHGDMPQK	3	6D94DF7C9203EE06CF2804B7DAC9016C0C3C3D32972F31C6EE4B5F3AC133249B
EAQNDLEQVLR	2	80E3FE58CFF7890BC65DB0AF108B2C9DC9574B294767CDCC475997EC5C08530B
EASFEYLQNEGER	2	302DB776F8621D7F8DCF15F73203763FA0A9B9489C6543D0D4A0611541EBFC98
EATTDFTVDSR	2	8155761BD39D42247760F3F66F6625C8806C8330F79C8F4E537D85A851E9217F
EAYPDHTQFEK	3	EAD7DC7937B585360612207620F2B96CDEF42A06CB816B08B9FF23F57DD089EB
EDEISLEDLIER	2	EC6503BB059901D6C64CA93E02B70FB4B8A0F1448E60F804F1238A3BDD7B94CE
EDEQQQALQDIASR	3	CC8E652954DCFF040395C37EDBF390687BCE30ACDD56117EB0887B2608B44922
EDFLNIC[+57.0215]IEPDTISK	2	EADD7D0EF9C6ADA8DA411A729A1DF9A779B3A18B9677E80AAD9BAF7282E0FD80
EDIPSEK	2	AB1726F95EC14796E84D7C523307687999655B61FC3C8E12CDF9A4142551FCF5
EDISQGVHISVYR	3	2E711A0473A995809038FE4BDC72C5F64E01548B5472E746A6076811BB290DB8
EEDQATLVEQVK	2	B2B03F427E6B5D99C49F13891ED5A545E5E21FF9E6E81CD092693A9DB4ABB226
EEFAVPENSSVQQFK	2	D90C0B5DF5BFCE5C2B57AC9EBFE0D6E7D0D4CD6D68DEE210713EA4179571726E
EEGVFTVTPDTK	3	9FEFE5D6150F08D1CAC9E67644EA4DA1667C83489B8342316803C75C6E1E8944
EEIPEEELAEDVEEIDHAER	3	DE9BA25E1637B878583BD042E0BBBE98029E6B6C03D20C00293F2C46F8175D12
EELVITPLPSGDVAATFQFR	3	68F0F066BA1974757D7FD26D1A384F0853F4925B52BC0C8DB30987899FCFE448
EFLVAGGEDFK	3	42A0997BDF0ACBE434B0D20E466E1BC6F19AB490F921A9548F8A0675422AA321
EGNVPNIIIAGPPGTGK	3	A88B091BB0A34B0FB155DCA91519F5AC213045B3396DE702C4CB54C66378D039
EHMDEVC[+57.0215]SSQLLTSVR	3	AB4D3E2B37024D2D3DD606B382C9C648D3C2504C02563DD760C220993A580B6C
EHPDPGSKDPEEDYPK	3	02CB87E5FC8409B94076B4253D2EBB8154B4F526596DB15CAC588F23D9AEEA33
EIC[+57.0215]AVSRFC[+57.0215]SNLC[+57.0215]LPK	3	7F0DDBF712AA3C5EE8658ADA48ED7644E4F71F6090E6BA422094B65BE12DA66B
EISNLNQLIEEFKK	3	1D82A4253F4F43F0B3CFA6B24079AF8CE172DF4C86B04CE793778AAB389D88CE
EKSDDILEEGEK	2	3ABA32A71733BB5158EDA8B1910439BD1F9EE3C35669DB3FD96877BAE3723CBF
ELAQQIQK	2	E745FF77693FF649B636CE28FD927BA05DA60E49261A930B249D91741D2B9AC9
ELC[+57.0215]GPWPSHQLLTNQLQR	3	0F3E3E16421266743ADACE10209E5456562E89B39A7A9726638DC461DC02FD6F
ELDFVSHHVR	3	D492C3B721CC286D4DE5891B564D85D512B853BF7754224567E499959AB0844D
ELEEAMAGER	2	385A12C6CD168529D87489722BBE61E8CB05456A17F046390F3361FEA7AD6F13
ELLEPLFK	2	62C2BD27DD940D524F834FA1F80D2807AB21C64C91E18F9C802F13BF945752FF
ELLEQQGIDIK	3	E12152608685586C8B2392318A2B74D5C1B90EA4BD035975432B9C63C662A134
ELSTTLNADEAVTR	2	4469E989B68B3B8BA47CCE75533D943561F533A20AF871AD608D92A95BE56F59
EMDDGLAEGGPQR	3	4B27A5FABFAE6EE88DABC9DE72DC395C60D675D4282F8A54DF3F494E9EF1ABF2
ENAGVDPTLAIPMIQK	2	9C15E3719350809991C3EFCF4A4C1AB4EDFAC6CF08649EE0A6584F4C85CC6546
ENLELILTQSVENVGVR	3	12B2BEC3478032925050C461E70B39FCDCE8FA6326B2CB667A3525E95F4B02F9
EPEVLSTMAIIVNK	2	0ECCB4FD9EC303666243DC35CCFC5DC5300C128ADDC21C25957FB5D1989FBBA9
EPGIAGLMK	2	E435CEE3D71CBE459A9530BC84DED193A83B595710E377C19D81091404F9B82E
EQDLMC[+57.0215]IKIIDFIYTAK	3	B2CC4A7587B494D179ED1F96F1D3ED73B268DE759D02456C6BBABB3504F7F72B
ERDFTSLENTVEER	2	CF2E4187F5859EB55A329E0E0DC70215B88CF1BEAB4BB7F71B0A89024EF058A0
ESEFDDEPK	2	F84E16F1498AB18AA15D5C3B33D6FA1A1C8D4836CBA6296E30F5670DD2194094
ESENLASGDQPR	2	5BF6FBB3F48DC837FBABE82989618139BFE34C221250E63000EA2C2053444227
ESLEALLQR	2	B0BD5A40A861A59D0CB3FA33BE2A11468899BECADF00BB8BF3415A2BEC7B0D49
ESNEEEQVWHFLGK	2	F94905855CE6D063B372C859F7704AED033B494FF4453922E4750134A9479238
ESTTSEQSAR	2	E4FFA90BA59BEBE14488680C3A51D3D12614492C69346458B118488C55AAA50D
ETADAITK	2	148AF8046C98E81A48E0373D4D135DC69133B99982A16F8D139550D67BCB8C79
ETLPNVR	2	5CDFB4C87EBF3B8B5508D7CCB0B7B6A93B4AF56A3956E83252D55C2B4A4F5DCD
ETSSLQELEAQK	2	96BF8082C8159553C3755F48CC36592396BFCB403EE9617F7A1095BD87B5D148
EVC[+57.0215]PSAIDPEDGEK	2	BCF104FF4CC549398666B3035B6C6DB3A895D8CC47CB01F2DD9AB15BC81BA500
EVLPALENNKIIETLTQQLQAK	3	F6D95DA853A0887F1A1DAF5D07F000949103A68B2FCDE3C261FB729563700767
EVSDFIQDSGQIK	2	2D3922A3C64E5FE95B1EBED64BF2A3336A1C22E2E14E0769915D0FF06603C0C0
EYEPEMGKVDQSILTGESVSVIK	3	368320BAD14D341ECAA1A506189130F34A3D5D723FD04561B0F7444D1FB26D39
EYNALVAQGVR	2	D77ADB20EF918658E4468B3BA3503294EB8B358CEFCA44E6334AB83D656D7E1F
EYQDLLNVK	2	A4B178E388E1B86E4345AFD36DFB9D789466EBB2EC054A98A36136B32E05A59D
FAELVYTGFWHSPEC[+57.0215]EFVR	3	A19A6AAAA24E994897EE1AD5D338B9A72B38F5263D596BCDC5DF6A1CA2F59D6D
FFPASFPNR	2	C1457E7C9B29CAEDAC23A25D88E9833BB9198DAFD7A6616261FFEF5998C6AEE0
FGIQAQMVTTDFQK	2	DD18BA2B8D730FBA0338D556753F60B5538953D14DBDEC385ED1FF4C63169EE4
FGNQADHFLGSLAFAK	3	A59B5B213E7C31B237165A6251754758B2C494C9241194121BF3CDD92DB52259
FLAAGTHLGGTNLDFQMEQYIYK	3	3948910477F192716EDFFA2DE0A810CFC9D1FDD598FC4D971E4A7019BB5B3D1E
FLELVQLK	2	3D62CB54FFBA34B20780DCEFF7F53E2AE0DB5A92C60115E4C5B13BC7E55C4E2F
FLENPDLSQTEEK	3	D9B59FF794A64B99F414D6C19E1DA541C94747FD287C7848507E227FBD0314EC
FLIC[+57.0215]TDVAAR	2	8DC380049F929B91F16AC12B515337B4C97A2E9F1EE8E2528E2F067F0518C1A9
FLLDTNK	2	EF7C21E6B504E848D21FE7C97C3485871C592371E216C8791A7CA0BD29AE24D6
FLLNNDKYVALTSLLK	3	322A55D7E94858CD9D05960BB462B3C6B03A87D7170E257E3FE996E9F65771DF
FLSAEEYQQKMFSSTDR	3	E9935CF02823794F89EF642D19814455BBE2869A19DBB975D783DBBA03345DDE
FNPETDYLTGTDGKK	3	B889E14220D0068C14008D51E121E0ADDFFC8A1E3DEA19F539A03E9E73DDDA3C
FSNTGEDWYVLVGVAK	2	190E52578BBFB25575B22F34A9F38C685620912A72D526EDDF33FD33874CDA3C
FSTGTLSNTADAR	2	60BCD788A6184135195E10D7A23205699F10B4CE1017FE9B1CAEAC77D7536BB6
FTITPPTAQVVGVLK	3	EC6CEB13874EEF19E0468ABE1AE26853FA5721C21AFDBB59CDA14553F94F1BAF
FTLRDEGK	2	92DDB06B7E3EA54B8802C4665231B72B84FED10B90FB80FAD551A0D4842F29E7
GAGSIAGASASPK	2	F377FB76F4D1F9148FA4FE2EACFFDFC1798A6D05BD61A23088FA1B1569A100E0
GAVGATIGGVAWIGGK	3	FADEA6B2325775D4431B0E972C0D2C5E58CFA672F342613A2703029BF6EB6E2F
GDEC[+57.0215]ILKTIADLELHYQEFIR	3	57B9C60C5C0F92F8EF8130BE34FA6BE1BCED03A3881E11EE4751E05B3D7B6B41
GDSHLNVQVSNFK	2	8669EA30209461023A6BE4B16B7C2C66E742908EFD1E6FD3D3E9C428ED99D250
GDTPGHATPGHGGATSSAR	3	D41FC537952505F499A42F7B5C7F1A334AD7AD8C39090684B2EF6573AE262A9B
GEPLHIINSSNVTDEPLLK	3	5254CD63BE6E6EB0D5379890A739034FA444090108A48E2715C42E77EE20FFED
GFVLYPVK	2	445CD5D7C80FF274DAC9F21CD5CAE6F56546D7CACD0552E15D2CBF8F2C0788D7
GGAEVQIFAPDVPQMHVIDHTK	3	306178B0ABE79C140115F2BB2A98E3B817EF7AC35E4D3772F436445E19BD7B70
GGAVVDEGPTGVK	2	23CAB83FBC23B42B5EBB663CB7CD1ED6E6A731DB1F5B48ED6804F65346AFD991
GGTLLSVTGEVEPR	2	42C982F55C146992F9C8FD73C9662B5B1A4723456BA22A0EFF0D3820CA0C002A
GILDALLQTAR	2	AD430CB53EDB60B41DC825A7FACFE5A8BF81179812C2EA8A3079DE453385B333
GILTVDELLAIR	2	850C08C110C3E8FC3EEA4AC8827E82F53352540DD2019FDEDA049B0957148B65
GIVEFSGK	2	97642FF4C0A435985A37A7BE2CCF3DE8F11EE2AA7BAB43EEF13F0957A58CFE98
GIYFADMVSK	2	80152EAB4EF5A4C0D4D3F2152421F4D5F4FB2A1D3F0E8C74B9FE57CB403459E6
GLGTDEDAIISVLAYR	2	3AA6B90E8FA602A60436E44415C3479E4E85B90E4BA9B5F598A1C6A15543FEF3
GLGTDEDSLIEIIC[+57.0215]SR	3	0876F91A7BB482D262E4B8F9D2AFDF5519ED02A354FD4EFEB22A237BC9131C3F
GNFVPQGWVLPPLPSNDIWATAVK	3	DEF19172AF1BECC8B2CCAD7B213CBBA57D5F9B33181493129283C5B1E1637AD4
GNIIGYSQVDK	2	592C5D99377488B0A342223E559FCEA1095AF52857C297B4C803FC225C8EFC4B
GNNVLYISTQK	2	1181A9EF6422BF4B381D86E11226A2E450CFF9051FD060215541861AA2633EE7
GPPGPESQSR	2	762E1F220F35678424F7C2D2333EE989AC3E7155ED3A32185D8452FAE1B004AF
GPPHLQIRPPSQDLK	2	1B22FFC470F92DAB841E97845320DA01A4BF96A4FFC4F83EBC31E749D26B2344
GPTPEEAIQK	2	A833483B7F6F953D45B7EB8001548AA63E1A32BA8E50FB82EC7FE5B83AA7D8E3
GQGLWVSLKMGFPEIILPGDVR	3	EAA3D47BADABEADA04DDDD7F8EF0E67C7598B90857C32DD8E8B2ACA7BC9A744D
GSLAALYDLAVLK	2	211B6BB05BBDE98E64DDC569A025432B45D656DCE7669A6D52C3137900603F51
GTEIGVLAK	2	D763D4F413194201AC868492394DD4124D4E249A1C9D57EDA932E79BC481E31E
GVQQDEALQLPK	2	0E0CAD5D8BAF6D1BC402B636A0C69D4CA7ADD57E71E90DB576CA986474E5A88C
HASSGSFLPSANEHLK	3	7CEDE6B2D6DB70BC6616582884470CBEAFF3D0DEAD26BE8CAAC85DE5A76D669B
HGAEVIDTPVFELKDQGGELLSLR	3	503712B1D12FEFC29C0B3B1B9F5E936D138FE8A7D296F06B1D7BF189BC4EAA70
HGLVPFAFVR	2	357BC9F0519BD06F29790AED21C629851B53F8B2896B92433785A26B282B49B7
HLAC[+57.0215]LPR	2	B92CF3FB93CCB1C882D30C41775CB0A932D88583B9038D6D68032FF99A9B26B7
HLATSDMLAAASK	3	91D2BF018E4B6FAE289C778934ADCE3D214EEF58E1891E8EC9A918AF9C922B10
HLLVSNVGGDGEEIER	2	3DF70FC876F03720C8A02E906B362605B4E3E89A6E965FBE7FA35D33CCAC73CE
HLSPYATLTVGDSSHK	2	B5289C0DCEF807E403FEB5903CF5A4D96AD38B9302E2CAAB0484487AC7129048
HMNSAGVLATLR	3	24B7F8A6A48614246280D38A290DB691A740149D79708F7ED379EA3E60B06DED
HNEFDFISGTR	2	4BE107E6569303037EFF7BD2E97C102C056388F448B98DB77CA5354881D954B3
HPSTNSLLR	2	DB8E23E2C95A2E72EB549BA16735AE8BFCB6724D8540497BF9D36187CD9BC7EB
HSC[+57.0215]VESLFLVRVLNSNPPPIIK	3	D9E6958618D2E53D429FAD10A091A3D5C0E38C4651EF0FBE0B6F1EF291829FEB
HSELLQKNVESFASMLR	3	E81C3A0A51690C105E3E622A1B9EE23ECC27CC6D8771AA6AD10C346FFAEF6316
HSFFSTIDWNK	3	8CE13B36F223E41E9788DCC46666A7115503C23C2DD0A41BE5532ACC352416D8
HSQEELLQR	2	A4CDAB3C7BEF3F4CC817A6E59046BDA5A488C98B59498B44BDCCEE12C019ABDC
HSVDGESLSSELQQLGLPK	3	4348DEEBD7B761A2A315B319E881866522DB32C9D68FC635B7D6733B9A803169
HVGMAVAGLLADAR	2	99E1D4B1AB12CD5B9EFDA716A63E42032CACCE6FD2FFF16286EED0B39383B43A
HVLALTGC[+57.0215]GPGR	3	852402EEE484067F9B329CF791134D001DDD422EB1385B49CE1D0FFAA35E7C94
HVVAVVLGDVGR	3	D12453C3420BEB9D503420E65A1DBB1A1CD9C07B1C7C2C09B223B0B13C5F2E6C
HWQEITFNLPVK	2	9841E718843E324AFCFFE3FD94B96BFBA1467E7905CF2F522210A7F6C661A686
IADQLEELNK	2	8F3CF1D0A53A22D6F8A31AA25FC44E814920055515E32F1C0014BEBDAFEBB0CE
IAMENDDGRTEEEK	2	18292F30A2D43A1FCCE9474C64D002FD631F3B111C6A59CBE42BF4495B7D7200
IAQLEEQLDNETK	2	85FFC266FB0CC8B0EE1D46AACF2515C8FC79703DC74410C4592B5AD454E470E9
IASQELGPAVDK	3	1F8E05B85861FA5C01D59650B331AD89BA196D60472E88F763D5B7E2D6020EC3
IAVSNLHK	2	9C954A8E87AD65845FA5A75690B6535C3932DD8386690053A49844CA799847AD
IDASQTEFEKNVWSFLK	3	00B9F0F7C81EEAD9FD427B30A0D92E710F9AAAEAAF55CDB574BEC16737075915
IDMC[+57.0215]PANILQETLKK	3	7AA66286FD1A43E6087356A65011B2C1EFAAA97B6B388151E29E6B0F699A4163
IDMNLTDLLGELQR	2	BD623615066CDC6DC0CA302B23627680F5DFA46FDAE53A3F3285FEB04D18F52F
IDMNLTDLLGELQR	3	1D5B78C5A9D8E71D09747DC1064E25A37667F80C9A11F96497D5410CBCF0A0C8
IDTEILPSLFMR	2	480BF987DEF6BC048F9A1F1AD8FE97F0D3BA031900420CEFE318ABC80744C89A
IEEQSQSEK	2	84D872E61C62E6B4B02AF3644854826B66789D075C5C0569D9CFB930B14003D9
IEGEGSVLQAK	2	5FAA4AFC4C6EC7059692F12BE56DA4D80ED73275E74FD3C811E1DBEF077AA9F8
IEYVTVTPEGFR	2	251B1BD60E4B7C258A839137C31BFF358F7445CCF2FC76009ED0CF9B470A153C
IGIPEFK	2	AFD6190F41362F3D5440B714F0F948C8AF0736F1F504E4FF7072F095D37CDC69
IGLDFC[+57.0215]K	2	6B1B46C55F681FD6A26DA003008A1A2F533B4DB0004E50CBEEDA807CBBFBBCAD
IIDDSEITK	2	FBC011D2DC5E9BFE2EEE02C3647618AC1A198027F9D94FB17643E13C6A8D035B
IIVEGGGAVAALQAMK	3	561CEFD8DDF20E1D32BCE8B6DB57D1F0A3F3B6365A4654EF15C21326B18DBB7E
ILDNVSLPLVLELPVKLK	3	BDB6B8FB22174394AD286303F941D3A71EFB59967D9211F974C084C379AB5735
ILETTTFFQR	2	2917B39549995CCB3B884BE961D60F182F16903DBC5F38BEB72EA06B2F30F877
ILHVDNHIGISIAGLTADAR	3	6CB8B1B5AFCC4D61BDD8FB902A9784F265498BB52687537E21DFEBF02F42C199
ILQEYITQEGHK	2	D32E75FBFBD557C67D65596E0052CE8C177081E2A79897FCD08E21844A4F6E0F
IMQQETSVPTLK	3	5A95E7302B8DA5368DC1F75CA6D82528F320FB8CA69E1A38402E50323E85DD31
IMSTPGGEEAIER	2	230BB005E42644EBAD1BD6BBD8BFBF0407481FA873DD2993916F8F8BB7BF64B5
IPPC[+57.0215]ISNWK	2	F76601681C30FCFABF6DD248A78BFDBD84D0514485EBF9E2B65318A664C8A61E
IPVPQQVAR	2	14CFC39D4D59955277B77A2A3AB5D51618CDE1305260BDD1F1A66EAB47F59D78
IQELENLPGSLAGDLR	2	07E212E611939DC3C2FB22035904EE55BA0ED2C360673E69525559234F25A988
IQQLQEILQDLQKR	2	EEBD0503FAFAC217C44FCCE35E3D86123B330797A3B353A56D2C826B99874673
IQRPPEDSIQPYEK	2	E8D0B4294BC363DC08C39C0807383885004636410514F028D60C464C8E21F5C4
ISALALLK	2	A72635D52AE2331ABF71A863105C5AB3E0109D2E914A96F6E673A158AAB29334
ITC[+57.0215]LC[+57.0215]QVPQNAANR	2	0ABC0A7F46A3FBC98A1EF56E02C5DBB7A7927DCC8A641DE79A03360A5FD997EF
ITQNNAMK	2	DFAEFE22895719B26713A67D50806B5679CCC51FAB8FA6BE7C1D875E59E0CF4E
IVLELFADIVPK	2	A0AF6BD17544ECBF20F631AECC8CCC14360C949E19D1E32F3A6B152841C9FE3E
IYIGDDNPLTLIVK	2	C2F886956E955099AAE135EBD0E6592A7A047BB0F40F16F2E9E7A6DF81F9A487
IYQIYEGTSQIQR	2	2975AB21E93948FC052726E101011002E02DE92C6911BC3D40910BBAE582DADA
KADC[+57.0215]TITMADSDFLALMTGK	3	6237593518F12D8BD253638DAD3805282F305470ED474D07888716B8F01326E2
KADIDLTK	2	BA14350ECFB5E27C4379AD836F30B4B8F47436C3258968FBABC1ECD264D04CE5
KEALLQISIPFLLK	3	91DF73212DC617E70433B2AE9BC630C407E1CC634B49B785227753A5419D0B85
KEDGSEVGVGGAQVTGSNTR	3	A7D8FAC2A682C19405EF89DB4D2C60676D950BDF2D0D192968027CB01938E6D4
KIEEVETWLK	2	87D344F233941868BCC856470C4E3E45A7AEC0F2B795B4C9F1218D3B1434242C
KPQDQLVIER	2	CDC43D436D593B1B001035B18892F9A3672D3EC699D83D4737B8DA056E7499D6
KPYPDDENLVEVK	3	FA3C8F0F35525BB5B79E2529059E5FD38A7DC97278FD001908E0EBD4175FFEF7
LALNQISQISMK	3	D66BD5DC34C14BBF933A873E73570AEAB3573321E5F0FBD6B9873A9A57D28CBC
LANIDEEMLQK	2	D5F38876B25A2C77E95901EFE1E36000683C2D10BF3493CE672C0ECAC222B607
LASTEQTELLASK	2	5CF50BA242B317B2AE8478099BEF21A6C62BE4A9C5762AAC32F99F09F1CBE22D
LC[+57.0215]GDTSLNNMQR	2	BC486E5D68843818996A8C2437F4F7C788BCCDB01198A3FD45EF2DADFF99AD12
LDQILLNGNNITMLVPGGEGPEV	3	0A51A6E425A4B2EE21F510055A9A27B51BAB9041973B9712222B0F4A0289F67F
LEELTNR	2	1BA808965E6BD42C2851D42B7FE62315A96AED35148AA0951957C03EBFD40DA7
LEGFHTQISK	2	A016A5D9EF9F3B75B680B8C3D6AFE18A552EAA991E906B20BFFFF95D122FC6AA
LEGHELPADLPPHLVPPSK	3	1E16BA47784072A38C28F99D8042C2893504A63D62D06C66C75EB7196C0368A4
LEGIITR	2	A53E4B32D01BDCA72CE95F2BD651749F094DEF16961550BC4592D66C50C48EC1
LENTEDIEEVEQHIQTIK	3	EF9C0777988F7AA5FB1657B79EE2F88B47EF8DBF5F70104D630814AAF15F4E58
LENWITSLAESQLQTR	3	13151DCC8374C714C2FCDB0828E2D233D4C4F46418D3BF347F89915780570FBF
LEQEIATYR	2	94A0F3C13A42104AFE4D2D204EAEB04F0D317A9934601C3F68438BAA993623BE
LESEGSPETLTNLRK	2	EC4A8DEC65B039458232E3F6D20625F92DAB862BE236089EAE0138F82574F8CA
LFEGNALLR	2	16AF4DA0CAA6110F9052498C7905E1B99708FC48BE5FC1BCA2EF962027B77C92
LFELLEK	2	D8830DF6CC90F9A5850397B60FC90E36F20CDA72045EEC92D6C5AB7556844739
LFLLEEITSEELK	3	598D97CACB2FB5A2D9C420E83566EB2D4DCCF4568832C8B1EDAE995E99BD9988
LFPSASATEAIQR	2	552CDE63568EF93F060CBE4D2A30474E653A0F9BB2D9D98EA2D1894982245A63
LFVLLPEQSPVSYSK	2	046C0F5137B4DB6D6B7709E54C16523C967C4D10BB826F42B4BCC1B4162799FE
LGQHVVGMAPLSVGSLDDEPGGEAETK	3	03A812E81E6B9E3AB4B444DE7AF4CFB5D088007157B2BF756683DDF047AD6A03
LIDEVIEDTR	2	2B6E34B91D0D35B078AAF8ADA2BA0058D6A96886FADCB842401E9857BEDD88D5
LIDFLESGK	2	9A0D18CFC49600DBCD3E835EE30BED456A9DE971E4EDCAF9B9FB39DBCA3D6BF4
LIIVEGC[+57.0215]QR	2	7F4A125ABFE9790BC253E6EB459BF14605A7DBFE0A6706A534D89EF9FCF4218C
LISLLNEK	2	81208985586CEEFAA8D26898483E363287540E669E93CB0711C16648524B9BB6
LLAELPASVHALTGVDLSK	3	3A2294EB938E60B76ECD8130733E80886A28469A2317F38E6710CA67B0DFBEFE
LLANMVYQYK	3	1F26DFB29DADD2FF29F2E442C852AB9014E110948D56D62FEF7715CC7C3A91D8
LLDWLVDRWQSLVLTIR	3	31A7731F110412FB7486E329C659A3C96FF81AB9839DAE02DB74043346D14C13
LLGPGPAADFSVSVER	3	698213C1A268D581D9C45E6AB4EE02C34BBA08C9594785B320649CBF6F4799A7
LLGSLYALGIPK	3	DD9F20CAF28313B1612400A4BFC2A1F82192C46F53CF106F8B6010D3F6E9CFBC
LLLEQAANEIWESIK	2	4B7471B7F22F3AD5BEF72514B6BBB637E37C7744DE8941C2BF0ECB9A2E642D95
LLQESYK	2	1355F14D80887331EB7B4A95A6132D7A24590394395FFAC8C58B86E314CC8B9F
LLSPSILKPFPLWTGK	2	E3D9F8D2C95B58BA957DBC747E8FAB55879D5020785E682DD610312DD4FF6061
LLVVTDPR	2	24428153E114CF3AAEBDF2092F9C94616AA947E1FCD0784C74B2F20ED7A59238
LMAFTLQDLVC[+57.0215]LK	2	0D9BE9E76465167C2B97E1FE7448BE2599BC8E7109BA3C9D3D37EC9D77620E4A
LNQDVLLVNESK	2	5B57F682AD5A26D80D261794FDEE84CFD0483AA5A5FEFB257B5397A04F4EAFBB
LNQIMVGTGNGLAK	2	4714CC6396DFB74725AE2E0EB6C010E701774B151D709D1CDA0FEBCF246D8A15
LPEAGSLWLLK	3	174C7176C2E3B1CA24C66E95F3771A4208DDB65239E1E03DCD3B2B8981B40175
LPEEPITR	2	C4E40F89F7A8F7307C4D0ADBAE5A1E991D245B63EDB3771F6828B9BE36697E55
LPGEAPVIQR	2	E3BDEB706FCE5F6F3CC50E98AB9939CE6103EF15F733A72E1A6B7C44AC78C5F4
LPLATIVKDLVAQAPLK	2	2FD49547A2C06C2C76F65D595EA7DF98F1E275E12B267F2EE684F3A4B0A1FDCB
LPLWQQAC[+57.0215]ADPSK	2	C79DF57A0BFF8256BEED59B93AFF399FAA9446201121B5B8F4EA422F8DF30490
LPNVPSSSLPAQPNR	2	559CD6A34084C50B8E29B0100E6069E3746B17208F68BEE36096827257EA2E19
LPPVLANLMGSMGAGK	3	EC3AB168AC3C6BEAEFAFA4E1E199B342C258D30BAA36FAFFD30439BAAB02CCD6
LPQTSDDEK	2	5E0F462464CF266291FC344BA51B36E6507C0D26F99B323EEA948069C1309474
LPVDLAEELGHR	3	D60822F97B3E76008DA9ABDCE629FA7AF622560F4D740DDB5BA399646AED3975
LQESPC[+57.0215]IFALTPR	2	033243A816D661D553F78088F901CFC9A12B9A2875FD1964A0C3CC2A16A177BA
LQQTQNQVDEVVDIMR	3	25C0F694E11048D8644F22AC18DD4D0307431223F1936775C7F276477E904EA9
LQQTQSLHSLR	2	50B095FEABB8DD7233C08C098AFDAEFA938EBA674B3855A31D232AAEE0AD178A
LQVLSLSHC[+57.0215]ELITDDGIR	3	FB8E6B63D81D7EB19F94C51DD43EBCA402FDD773D7684611572941D34D4852E5
LQWFEQQAK	2	45302B85CAF354D86A89B33BEEAEF1B5672022BDAD44E76A9C9058ACF3F04BAF
LSDQFHDILIR	3	CB0F9892C8CB1983329CDA67B1E9E47B9F0098E136531D0CC2B4C3383EF3B8E0
LSGLEQPQGALQTR	2	1E4568B42FFEBA318C128B757A674E4D1FF5C1FD93C749730F2A95BAE884107D
LSLDGQNIYNAC[+57.0215]C[+57.0215]TLR	3	E46081C10883E9F1F0A278B86802C234D557BD247434632DAB24D2D54587F268
LSTGC[+57.0215]TGTLVAEK	2	35A7B2403EEC527C4C6A2487C20B18FE2C09DDEF16C07FC4F12F4085C7CC543A
LTDC[+57.0215]VVMRDPASK	3	5E264A2772814FB12FF35B6DDD53A3F5126279BBA27A0403157E655C85BA263B
LTIIPQDPILFSGSLR	2	B86E3EF745225D19E5CF9861255CBFA998C96EF023AA6DF755E8723963E3941E
LVAAGSYQR	2	E6346AF34CF771E7C36767A5B2E1F55A778DE540A5C5DA0B625615C7959B2F86
LVAIVDPHIK	2	872A33CDDF5841F2ACD1EAB88B934647725238208E627EF9702853A8D0F0A280
LVEVIPEGAMLR	3	24507E5872F133616CD99F58296C5305522D4883A0D3B7FA25863861FE09233C
LVHSAVDVPTIQEK	2	D3E5BEA55FBA18D66C728E873962E565B13E9AFABE5A861640301CDD52519B35
LVTPHGESEQIGVIPSK	2	4AFA9D5E55DCF3CA48439B3F2D195C56C142079895BE6BE099F3E0C208D420AF
LWNLLMPTKGLLLDC[+57.0215]NVALTLK	3	BF99E6765E70CD93532268F9FE52772A62E3DDF8B3D4621C7C5D36D897D26FA5
LWSPDEEVSPEVLAK	3	754C4A1417E8CC280902B1CF9B003892E58C960A6BEF5C9ADD514AD056DBBE78
MELLAHLLGEK	2	A131AC932A737E5EF88794945B340F926D26D46FFE5C4F1F860E4446C2270B04
MFTSMDPPPVELIR	2	330C18B7C260BFB4666348A6A9547AB3C7889311C9EB422A95EF7E330419A440
MLEQLDMR	2	3AFB4C13DC6E8610CAFD504A47A78648F8718C1DEA4C68A32A20321F7674FC3E
MQEQQADLQRER	2	5A54F0E0903831BE1DBFE28A7D69301D66CFF59A089DE3C4DEBDBCB8A83A2824
MSDGLFLQK	2	0477DB2CDB42254BD27A9444E799026AD48825F48763D45F07E7B0406FD99FC5
MSPLSIVTALVDK	3	312CD2D384F77FA49E87608C6837B169FF78203A44ED1F0FD340C7D730C32975
MSSPETDEEIEK	3	FE00189B2459D7AA47407D07ECE36ECF6F9407EB00CE97935A6E8FE2FC35CFE9
MVNHFIAEFK	3	6FCF1096230524905F45F5626E11CD8E8E02D74BB8B3BF2E225E50624F1900FD
NEDLTELLNGMDEELDSPEELGK	3	46994604ECDDD18C54CC3D921D3BC85E6402E5151324A1BB7E0D3D2D9A0104FE
NELFDAAK	2	658473ECF0527DB22A7CA03DC17933A96B5DB3A626C33EF1A38B6DB74A31CB2F
NESSPAPPDSDADK	3	8883988851AFFC15CAABE216C413C2416F031B55BCFC5CF36673F2A8329380D7
NEVSFVIHNLPIIAK	3	866CF887B5DEC6321ECB0FF4FD6A62AC318CDF2D6C31472A6271648762875D9E
NFRPDDPTR	2	E9C74E4D262F7F2A6E2BB6766F3F183782B330DF60E6C9D14D25CCDFB48E6CE1
NFVDSPIIVDITK	2	7E2E735C5A42D016CBD5B7A402508E06E13EC475C3698A6B8767AB07E58FEE47
NFYVEHPEVAR	3	2BAF3F1DDC4B79B7F7695CE871696F780BA4796A193A58B5503FD2C613892281
NIEIDSPYEISR	3	3DB92B3DFC9C468187491442E4B56645DC23761B17FB9BE8A10810C3AB7534BB
NILSVVGTDALK	3	C9EC725ED4DE89DE09EA02B2435BA75649223D067145726734E2CDDDC885E8FA
NKPNMSDPEESR	2	D50E33A77988DE42E733FB1FFAD029665492DA33E77655DBB6F6BE77B3659157
NLQEILHGAVR	2	940B2248CBDDCBFF67093AB9493929C71B50ECD34A567BB71B671DC7C05CE56B
NPLPPSVGVVDKK	3	B57F1D4AF8E9CBC544A15E9DAFFD1EE82D0BF2288079A443AA8361D1183D83CA
NPPVNAISTTLLR	2	339B34BF2E518FB95BBD20714A99D9BEAA5C1984882E412F3853BED82116553A
NPVLQQVLEGR	2	67C2E2F32D5E2F6B370F060996AA93DDD22BCED8106FCF54C25CC7EEB3429962
NSEPEEVIPSR	2	F548BF6E84EA2CD9886A3652044294729034D0A750FDE29BC857F107562A905E
NSSNTSVGSPSNTIGR	2	3927E316AF615A5D3EF69ACEBF3BDD00B511B87E452D815AEA749D97C1211DD8
NTLFNLSNFLDK	3	5883EB4CF69762DC187FDB217E0FE9DBF502B62631FF86B129A52801BFB71EDD
NTPASASLEGLAQTAGR	3	0A86FE7A2611E0C09AB583B07AD0D236C627134E251D6EC73769F40482AF1D4B
NVTLNPDPNEIK	3	1C86E28AA7D6AC82904861BDD4337DEEC1CD75EAECF1AA01D6519072624C9A3F
NYLPLLEPVKPEPK	3	286A2291D8B2049A98C4F41D3951CE915084F687341285B40FA4E789234B9A45
PAGLLFQQPDLDSALQIAR	3	16B806DD28F512217683A32F23803386146AA5EB59F7FE2DE8D1CC19ECE1570E
PENLLFTDENDNLEIK	3	AF2A10C576CEAB9A3CBFA603FFB4DE7467E770467AD682567DF39E655493C301
PESEELTAER	2	F84BDF90D4420494FAF1B171BB9EE07880E3A60E4434FAE66BE1A3C882CACCD3
PFLNSISK	2	D2632937513EF3F4ED0FAD6E605C9DBD66BDF21D71BA6B849D94D594EB30C0AC
PFSVDFFR	2	4244C37DBD8E8F32F33D1460AD01FC9D0F2F6D6205E6A4A73C77AC03AAFA87AB
PGFSIADK	2	A2FE3944B9E8AC908CD0C6F384124775FD887C13895D3803229F332364008C14
PGPELGGEFPVQDLK	2	6731B3407085E2876E9A15E3D57FA522F23C12B292CD124E17B4F33ADAD88508
PGVAC[+57.0215]SVSQAQK	3	D3AEE9112CA70E11FB8B8BD7E3466296BB233A48A7FF84D8FF5F1CB6EE40064E
PGVAVAC[+57.0215]C[+57.0215]WLLTVVLR	3	BAA82FE9E91C31A27198325E7D8F9DBCE609E97B1B30A34AAB9CDB78ACE88155
PHSVSLNDTETR	2	A9CC420549D805E1FDEF873CFFD9A98C12036E67DFA456EEF290D11492A0ABD7
PNMVTPGHAC[+57.0215]TQK	3	160308836775C6A20BA341AE49CD7F45B9696D32161CC550E0B4487C15FA11FB
PPNLLLVAGGTVLK	2	F779EC4CD395DAB10A71111DC5D339BC1A95F4C5038EF92FE8AE401313C9FF30
PSTPGLSVVSGISATSEDIPNK	3	A95472D4452ED2BA61F6F6ACE7BE85E669C7E517DA846B91DC6E9F55F81A5869
PVHLTAFLGYK	2	03052F85B6A26AE7239C8D9B41A0833CEBFB9462744E7713FB15B7EA73C6047E
PVIC[+57.0215]SLAAIIK	2	0CEE04210EE82FB7413CF0A939FAF1A745FE83A67ECD0821AFE46DCFC9136735
PVTVEPMDQLDDEEGLPEK	3	317F635FA51782D76B121B5A0129F89908C2217D3D1C5F5E332A5F3441370E13
QAGLLAVMAQMGC[+57.0215]YVPAEVC[+57.0215]R	3	F8E9A9A8D67E1A7070EBAF801985C681F7DA47AFF2493D101093D92455833D24
QC[+57.0215]IHQLC[+57.0215]FTSLR	3	7F80896BB991FF38AEBC727F3587F5DF39736715C56384EA3CC4D87FF22B1FCD
QEELTPLGVHLAR	3	D0657F4AA59BBB19D16FF3355A8D5009F56904535F25D258F274220957201E22
QFESLPATHIR	2	FD3AC1F5B0ACC0C6966FC4ED730218B18CF047156F82CF24716659D906F8E4D0
QHLEETTQK	2	0C553A1B9B40EA6E9C8DA6E877E50B7A591D96DB5D52E0559E7B96185CBCB7B7
QHLENDPGSNEDTDIPK	3	A329C748F8F9F956A2EEFD108B7A30704849100E7BD9385FA94A7E0C47714DBD
QILIAC[+57.0215]SPVSSVR	2	5B922290710313458EE4A9188280FA559E356DAFE7CF9B1073DE4657007AB95F
QLEMILNKPGLK	2	3CC0A1C3C08291C4131764020E03C71DA2A318A8ED4B0C99774E792A247A3E32
QLQLYEIHGAQK	2	F667CE26F15150D12AC676FAA3DDA766AD0EC39E7DB092080C56EB68F9856B1D
QLQPAPPLAPQGR	3	D2855295139C149D357CCA4A9B8F5EDDF55BFA7E19416A261E815EF2552A4A2A
QLSSSVTGLTNIEEENC[+57.0215]QR	3	23450229F6346AC4476E6052963C1B00E5C92DB3A68787D319E06DB186C09A00
QLVNMC[+57.0215]INPDPEK	3	6EDEA1FDABAE64F865D7B6969B0ACA531F9D96109630CEC522A28A44264296C5
QNEDIEPTSSR	3	774E9C7ADE82A85E0CA9FF0965E533C0CE080594F4210AC3AA35AEFA6A2DCE62
QNGTVVGTDIAELLLR	2	FBA710B129D837691A69614AE636424202B94FF7427ED6DD4431AAF7F0F04B6F
QPAENVNQYLTDPK	2	1D4CC66681EDF7CBF9D3DAE476B532FCB0CED1C4C4C6503F25EB1BBAAA35C601
QPVESTSAKLEATAASSVK	3	917D1C853FBDD7C049C7E157537A443B0232AA41380E85DA17740DECC2208F04
QREEITAIVK	2	8FB401EFA51AC4FF385B4FF99D61C10A32433B019E6A159D88C40034B37A8EA3
QSGYGGQTK	2	9CE1FCF37A71828917953E44FC521B3CE63CCCAC97AA93E260C5CEC16BA563D4
QSMAFSILNTPK	2	4D9D2C0F43712E6F90BF1B55B36124237FEEE5DE6AA7634A0FC9A84AFAF69E3B
QTSDGNWLMVHR	3	47BC5E14A244118B7CAD76F1F479D1E0B548D63BC2133EEC0EB80DCDC2356A11
QVVEEPSPQLPADK	2	47F81A7DDCA180467709ED3EA1137E4E111C996387CA3E116DD1C15A926CA590
RHATAEEVEEEER	2	7136D186A67F63C82496C0BE0CB215B01001099B27EA3F73AC7E29EF7320DDAD
RLEEPEEPK	2	D331EC19B16C676B9B55338C6D713B437EB16EF81A96914A3F6314E4F7A60104
RLPVMMDEALSYLEK	3	CFC44F029EF1B1ED8A0430A88EE10083429364B14A307811B977405BC4BB479E
RSENEEFVEVGR	3	369A034B14C30532173A8A1EF6BA3A2536BAEF6ED86FAE165CC3604FBDCC64C9
RVESQLK	2	587C608BB43C9134986D6E42D9135AB46B0077BF5CE05967F83E8051F891DAAA
SDHLIQTDTVNLHR	2	627ED3CB44EF2F41FC8BD2CBD6076E54575A862032024D77DADB235CAEAC79F3
SDVQIHVPTFTFR	3	B3C354596DBB939293AF2495C0F12BF081817EDB36839ABCB8F0086A9DAC658C
SDYLNTFEFMDK	2	288E2DB7163F9BDAE592CB6E01BDC8ED122AB1F1A8A0DB11A966B6DD5EFE6A8B
SEAASPALPVITK	3	9FE3734322BEF57679A06CC47951F0058BD7631E9DF476EFB0D9CB34ED901A4A
SEDEPPAASASAAPPPQR	2	000534E18609130D5A78EE6A3ECF808C4E1A2A68C9FBE3891AB7F70782BA01A6
SEIEVISEPPEEK	2	684686C93FE4F6037420780E100125DA54741AD0007C3E226DA32766EB9A429A
SFDVNKPGC[+57.0215]EVDDLK	3	1E5293E70C119B1236EE8D53B1B4CF43FFF8F15CA08186CB721680F053F377C7
SGLEELVLSEMNSPSR	3	08361E92EAC0535CC26688FA8FD3BC1FF03B6A7BD1FF19DFADD24F5BCE711499
SGLLVLTTPLASLAPR	2	B786624BBB9963D9FA93E76D605E6FF47E0FADC477E02241584A88D6F495FD24
SGSALELSVENVK	2	6527B81A16FF910AF8D6ADDDA851D5C2B57F49BCFBB79A23FED074BF7B5499F9
SHILEDDENSVDISMLK	3	68487E9D1224582E0B84B5B8500E5F9DFD4C5342B3119AEE014921913C20EA3E
SHSLSQHTATSSK	2	BD2EEAAD00884004EE333D0EF3AA17A6BD795A6A4F71ED04229B52051722161F
SHTEEDC[+57.0215]TEELFDFLHAR	3	8351D4C0426FB44C136B28EAF38A55777CCA73B89784987825EC0FF83954A5DF
SIATDVLLGLLK	2	9460A5379A368EA9F1805BEB0A8DD216E004D7B0E9C2D04B2A83DF42CE5ED465
SIIGMGTGAGAYILTR	2	F555A00A07E104CE8AA0BC31A95AAA8F0BDF76D9799A895817DC9F3C8956B5FC
SLPAEINRFLPEFPSC[+57.0215]SLLK	3	5E5F73706889B4C041B822EC0F79DD443EF339C1747518AFC175D9508C60EE1A
SLVALLVETQMK	2	353D58F7233FDFA1AD985D7674476828D27F2A25F44B9E63817D7F6327D370E4
SNILLLGPTGSGK	2	D583AB4E9843BEC6C67D143187273D4544F6E0B4B319945596C3EC78B2D5BF0F
SPGEPGGAAPER	2	47A67122438AFF12F017EECD8BA4C35B543E574FBEFD06F82818C13806970CA2
SQGSQAELHPLPQLK	3	BA324E6B5C4DD4F5FF1283B924A8339D1338DC7C9232C69DF6F51CF866988727
SQIYGSR	2	799915FF45DCE2B6B9513EB9C2A59931B3E41D740D65479EB7B9EC10136DCA78
SQLIMQAEAEAASVR	2	3C51A0945333AD5C70114E50EC05DBC7E7C383FFC69F9A604935B930D97151AB
SQNTELASTASLLR	3	93A6688C90A6C32580A40169E13D93B70555C87ED4DC2B2D059A7C92FFA6A3EE
SQPDPVDTPTSSKPQSK	2	AC6517EB7A9F9505C743CFF79EBCA88ED78F9F65042E78381E0588F30169B84C
SQTEAVTFLANHDDSR	3	BADE58D035EC3428C9AEF24E5DC5110CDF6B16CD73BE5A2DA4E254D13408CCD7
SSGPTSLFAVTVAPPGAR	3	BC5EEE942BCAAEBF65C899C042AED6C51FC69493C94E84A3F0C38C21D64D7EE9
SSPDLTGVVHIYEELK	3	CC85A9818D407AEDED8D052103C59B5C99DB1957DA013DC5218A5C5139BA40E7
SSPLLNYNTGVYR	2	83D8BF0B26950FD8144ACD7CFAB9AECE84F2C1FD390E854E8BF84593EDF8C320
SSTPTTIFPIR	2	17480E2B7071EECBA5CF318856EDB90C90338A31767AA3918014537B52C5C0E4
STFVNILK	2	4325AB8BC23ED2E4E2C5D637A470ED26331F81885A3A801438F10B34265BE26C
STLMDTLFNTK	2	99A4FF2E7CC16ECCFF205B42DC45E79238700CBEC0F44E9A8A7811EBC10A5587
STLPGSTTSNK	2	4DE4ED067B11452D075404A071D936550D00BF834033D63335DEF34D713A5F6A
STTTGHLIYK	2	C7CF80236850EA37273CE8097EE44386F9D04AA1667A091C7DCCD3A78C0BF377
SVAHGQAPEMPLVK	3	96685261DD72993DA7B5CB7BB483B07AE2849CC68A29D5BD4C4E2679978C2110
SYFPYLMAVLTPK	3	F026766DBE7F1EE036966861DF93A2BBFB0BF4FA30D5768A4B2C6DFD64BE9894
SYLYFTQFK	2	46010838D9E7521202FF9AA25E24E0505122F3EFBFAB45388B5D49D0BFA0B050
SYMAPER	2	EC9D65743805F1AA75FB4776BDEADE896DBEC053259DB6F018EF5F2AC625CFB2
SYSSGGEDGYVR	2	02578088524B5F441EE5CA98B29E9CF12E75D28E57FBF16602A3301696167800
TADDPSLSLIK	2	FCA201D6EA84D5E1B77490F4E7C0548E5C4C0252AA2BFB99966BDC71EBFC26D5
TAGDGWFGMK	2	9F4D152BDE2A1D92A4220780E33F1B414F1DCD1D066504697B44D9EBB23C647B
TASEGDGGAAAGAAAAGAR	2	4BE28CA903FC210B0ECAF15EA8BF7496F2234E00569147BBC65643677E58AED0
TDSFVPR	2	6BAAC7342D81C82774E6F7FDC6A71859F6CBA650E8EDE9830AE75ECD5293560E
TFQAFELKPLR	3	E68FE217534A0362F19E35C1D0C82114F10173A944BBA3E774E414AB0B69BC5C
THQPSDEVGTSIEHPR	3	817BB13A0C038F3F63941F4DAF28088EF450FD4B55A8A1EA0F0E44FF94EFBFB7
TIILFTK	2	657CA1C461410FF7B93D899A53B8F99B845D73BFFC14F8C441E870934B8E574E
TILSLMTR	2	4671B5A84F8BA698110C12BB1DDF172C0558381624A7F2DCACE952F8F897A712
TIVITSHPGQIVK	2	5DEC979052C72A7ED52FDEEB6AF655215FD1CEFF3AB2792068DCCF18414E3762
TKPMLETEVLDNDGGGLATIFEP	3	F2A101F1F679416FC5CF23B9F2B9E8D7209D4651C817365942CEE9ADAB5B3E4E
TLAAEMQELR	2	7F452FD5AFDD5E4A113EF4D23B3472BD8C73E2583356A07FE1517CF44E30EFF0
TLQIFNIEMK	2	33E91A2274320F670E43EB3EE4974C0C860188DEB0341E9BBFA7296B7B70EEB9
TLSTSDDVEDRENEK	2	D8279283934B8C58A5CA8DF14AD024F0FFFE0150D82506B4B93A1B54379B49B3
TLVSEGMLTSLR	3	6DD92D85DA49B67EDB49DB7069A890F4D3E481BBACCCA76FDA0436C06F4C8164
TNGDSQQPSSSGLASSK	2	B54A0DC1ED7772D65BC252FAB996334CEE5280D6BE0B1BB4A7273DED001EC988
TPDGTENGDFLALDLGGTNFR	3	A9C4B60465210DF419BCBF012757992AEB0A549F5C4BAA265C861051A7B8BECA
TPIFLNEVLVKAASEQYIDTEK	3	AB2D096A6DAF7D4C0CDF2362726E9C7710D808A82F0F3D47016687AB3C1117C2
TQFPSLDIEVDGGVGPDTVHK	3	D6C8C492ADE54200EF6300958E503F6A15A30EEBD7C9486CC1F7E979A95F6964
TSPQEGER	2	4EB708C9AD7AC9BCF679BC07A1BBFA0E59F24F484A74E761C64E2C0562A2E672
TVDSQGPTPVC[+57.0215]TPTFLER	3	10484FD04F611D5E7AD5EDEF47B4FB8201B97BDA1EA6CF7438A5FBF18C9BFEE9
TVEFLQEYIVNR	2	5767D1262E7B88ABD27FFBE32CAF4EF3A276EAD55AD4A0B2BA6B7AE3FE6650C0
TVLGSSENALGVC[+57.0215]SDTAAPLAAVDLK	3	5E370328EF56DD52579143349B9EDAE4B25CAB72CCD5F230CFF409BCEA1C432D
TVSGVNGPLVILDHVK	3	A10AA49E1618D15C845521A65ACFCDC73544FC39AE889B352F47D04BA19C180F
TVTPALSSNVLPR	3	9985739047D1A57378D53DE133D31D18D27C45DA096F6FA1028A00227CB91127
TWYPEVPK	2	1B03CD742627B4F06AB86B75175799B063F63EF542BC2CFCC844ACDB99BEA2DB
TYDLLFK	2	88204BADD02B6553C1FBC1203CDEA3B80902CE1FC39CACCFA4EA4B695DEEF565
VAC[+57.0215]C[+57.0215]PLER	2	CD2C2188582BD31AA5C98B829ACB6474524D552B89AD1F3C85B93542F04ABFD2
VAEELALEQAK	2	FA95CD1071E154F0FC4631328D3CD42FCE18317A25187717C9C3C8610BF5A3DD
VATLNSEEESDPPTYK	2	4AF3306DEF888BCF760283BCE2A105B271B9C4E777262BCA3E4739642F239F49
VAYGGTGDAATR	2	0B491CA5B5A81DAFA6A2110164563D688A6D4E27A557F1126A4CC8910D4F55CF
VC[+57.0215]GHTYEEDAIVR	2	943238A83847274A4F667541486E09AA6D8E8811110FAC123065A2B7100C8B9C
VDAQFGGIDQR	2	4C68A1827C4CC5B951AD8955426546B21F44214D34F9251A07346A7E69887DD6
VDIDVPDVNLEAPEGK	2	6135317D9C415CB4AD595DDC2A2FB9B108CCC480130C71D0BAD9AF36FDE6A298
VDLQSLPTR	2	73287E4F3447598D2BAD78FD9E2A33E1C1186FB3261892E9F61D4B103669979E
VESTDVSDLLHQYR	2	918A5DEEB37B1E7592BCBC9FF391CD8E148D45F3CF9ECFAA774332FB606CBB08
VFNELLVLLPDTAK	3	E2284E3A8BD83D8A48B8F32F2BB162916A3C43B48E0F9C7B91E2E548D688D4E0
VGDQILLAIK	2	4B063B4B0B845C5C82383737D0E2686AFA50F14770664CB874C1C8333E5A7D2A
VGPAVELALAQVKAR	3	94C11D39355A90610669412B61EAD222233A1C74D7653C6201AE85133F5822DF
VGTEC[+57.0215]GNQK	2	DB7D1116953BE36FACD774377A9DF9C267F1610C29978D5A067BC395D373B37C
VHQLYETIQR	2	DA98FEB4D215CA80B4BC4246D19E80931FD12475B335C8E5473506318D762BA0
VKPLQDQNELFGK	2	C780704F199AD59B655B1ABF6E523FA41BC6A0DE67EB14BA638DF820EC545BDA
VLC[+57.0215]GGDIYVPEDPK	2	FC17DD85D5FC758D399B17CA497B599ADE66400DCB938743ECF46184ACD374AF
VLPANSMAESR	2	903FEBCD3A4B588597C4FDF5E7972259D93649A085C2C0DEBD73EFCE4FA4E434
VLQEALC[+57.0215]VISGVPGLK	2	A2770698F3DBA73055B54119BC08CD2CCA0EFA9DA1184CF913D0BE6261BDA1A2
VLWIPAC[+57.0215]PL	2	F9B8CE734A40C839A09314C63436E8893AB4D0DFCBE27E7B9B410AC01FB0A884
VLYAYGYYTGEPSK	2	CA566B2CEA09CD27E520A56564B3B01D0A7D2DD5228FD4D560F7947CB164F23F
VMETQAQVDELK	3	CDD91EC97FFA9F5AFECA504118923B23E177C444C9974C1CAE94B054C3E77A73
VMIWDDLK	2	E52494A5CD6C8BC9FD3A29762732C444DDDDA779F8AA1055BF5AFD22C2B09E95
VMPAPPPK	2	FDE26A9DE4865317F98D2C892EE2D74E01676AFC1080E88B11F8F576A9E906EE
VMVLDFVTPTPLGTR	3	B519706E7CB49D2972384B94A6B7C555A92EF0AAA916F4018D2B9D5B05A2D1BB
VNAVPRPIPEK	2	C17E9447C07553BD03404051ECF952007C873821B642E17214A5E9BA6EBC08CE
VNDFLAEIFKK	3	6C08F2903A59383EAD45413EAE325C7F6AC7595DE927DA2ABCB0138F2C85E676
VQAWYMDDAPGDPR	2	FDC96565151A60EF686EDF2EDA997D4F29CF81CAEF131C4E2E97E983CDABBBA8
VTEGQQER	2	D9C5E7D49250C8794A8917C4261B44D4E1E9E15ABAADC0A595C7A98E76433A5B
VTMINAIPVASLDPIK	3	83F9D2CAAD9972187D0DBC683647F706F9DAB850E4B435C0AF8E9A6E26991D35
VTPPAVTGSPEFER	2	CFEBEC09568EF4B924E33F6935F893AA5085D06EA4F15C5C1E109EEFF6A2CC43
VVAC[+57.0215]TSAFLLWDPTK	3	0AE8A921ECA0783DB8E79C1D2EC7EDBFADC10F2E2446FBB7938C051A458C2CA4
VVEQMC[+57.0215]ITQYERESQAYYQR	3	50882A9397F64A6EC81FECEF0C42024563FC54103109DA45247263EB1F42AEC3
VVNGAAASQPPSK	2	71AB88E5DEED2419699993DF6A0131A5E974BDE465D067F40C7945143C3010EE
VVNSETPVVVDFHAQWC[+57.0215]GPC[+57.0215]K	3	9A025D06489251B0685EAAC66945A2C67B752C201341024C0CFDDB15A4E368A0
VVQVYADTQEINLK	3	DA9BD085E5931CD06B05EC4404F17D9A08A75CC9C691C4CCC478CD95E4900F7E
VVVC[+57.0215]DNGTGFVK	3	CAAB08963D7A997D9C3AFD63FC9455E73A2F46E982FE6CA0917CE4F7813C93FB
WLAPDGLIFPDR	2	EA912C834A20A380EC41DC8BEE5BE121C7D6B18A0BC7D3090ADEBD74F4E7CE37
WLLLC[+57.0215]NPGLAELIAEK	3	63BE4AA8FB1E0297CE9BBFCE34A46C7608EA94B053B1BED575DF4626C057638B
WNENVQYLSEDR	2	BB5768AEBBF1D913F400D727E881A1B6BEB5586EE439B8C2A2D39951A880967F
WQPTASEPVK	2	A1BCBE3E6C45BC1C4074715AB141454311F424D7703F83E11DA8A71DC46C8C05
WSNAGELMELIR	2	EECBB457C576A6F0BCD12CBF5365FF4F7A9739CE9E2918B81A35036C6E225DF7
YDNEAIGLWLPLTK	3	ABFA07D8D1872D5F956EF955DBC102DB2906E9D70796342FEBB0A165EB8DCC33
YEDEINK	2	CFC40587EE5133BB96F043FA72894016442FA792E4C943C779EF54C7721298D2
YEELFPAFSDSR	2	2D9C22A32FDDD1F6D1FB43A27F49486866FA8A61166E576E7E49CC5106EF395F
YGGQPVPNFPSK	2	219EC15D2E74ADFB38C54C7CBFD4319C3C27E4DD2D8683F639E64C9F6F4054A6
YIFTMLSTLARLLFPAVDDNLLK	3	616843951BCD3A010D42DD58742D7E1CC49F70ED557A73C1EF7C870BD63B9FBE
YIGTGHADTTKWEWLVNQHR	3	E364EF4EE03A42E3DCDF597CAD9065BBEAF59017849C395701DA8A8C6A963A59
YITQNGDYQLR	3	9FFD6CA54BCAC79B781021A50FD992A6F94BF191B4F8B0D4D8CB5C9D8824415F
YLAVESPFLK	2	4B196CC43BE8FFEA5B185C8BCC1202D67854FFBC3950FAA2E00920141CC54E96
YNVLGAETVLNQMR	2	9659FE6F9F44C4860E0B875AFAE2BF3303831F57F03C894F18CC80F78276E8FE
YPC[+57.0215]VLDLKC[+57.0215]EQSTSATLGVR	3	01D3AACFA64A97005C1E63A859082ADDD533CB348A71FBA761A351639C78D851
YYFEGIK	2	4E90DC10116F13683363AFC92D6D9BB4865804EF87A713BEAF6AE85E36DE944D
