peptideModSeq	precursorCharge	peptideSeq	prevAA	nextAA	copies	numPeaks	ionMobility	retentionTime	startTime	endTime	precursorMZ	score	scoreType
AAGFKDPLLASGTDGVGTK	3	AAGFKDPLLASGTDGVGTK	-	-	3	20	0	12.26684706545	12.2057954846	12.358412309883	602.319502455462	0.0023717639491879724	19
AASVVQPQPLVVVK	2	AASVVQPQPLVVVK	-	-	3	20	0	13.006531524267	12.914910999967	13.067571467267	717.937576427677	0.000550145788633988	19
AATENIPVVR	2	AATENIPVVR	-	-	3	20	0	9.331683773267	9.20931321885	9.392872280367	535.3036554299119	0.0013514102619992152	19
AAVENLPTFLVELSR	3	AAVENLPTFLVELSR	-	-	3	20	0	21.213476983717	21.089528076233	21.337454491733	553.6419168953754	9.691800736576855E-05	19
AEVLWLMGAK	2	AEVLWLMGAK	-	-	3	20	0	16.938443075	16.876863296517	17.030745781367	559.307352369692	9.691800736576855E-05	19
AFPEHFTYEPNEADAAQGYR	3	AFPEHFTYEPNEADAAQGYR	-	-	3	20	0	12.268368283883	12.14618541325	12.39037309075	771.6784180389822	0.0029581192589132805	19
AGEGTYALDSESC[+57.0215]MEK	2	AGEGTYALDSESCMEK	-	-	3	20	0	9.646081961917	9.584973857317	9.768241650367	874.361109567262	9.691800736576855E-05	19
AGVNTVTTLVENKK	3	AGVNTVTTLVENKK	-	-	3	20	0	10.096006168333	10.034884695583	10.218151355267	491.9472289029987	9.691800736576855E-05	19
AIEINPDSAQPYK	2	AIEINPDSAQPYK	-	-	3	20	0	10.797068436917	10.675034130533	10.858077009917	723.367180923872	9.691800736576855E-05	19
AIPSFLNSFNR	2	AIPSFLNSFNR	-	-	3	20	0	16.555089936383	16.462949833933	16.616534600767	633.335486872772	0.00038338658146964857	19
AKPAEAPAAAAPK	2	AKPAEAPAAAAPK	-	-	3	20	0	4.457204872867	4.3342681788	4.580079915683	596.837862386407	9.691800736576855E-05	19
ALDDISESIK	2	ALDDISESIK	-	-	3	20	0	11.24438365105	11.152855597133	11.305420787783	545.784961145797	0.00016524828554903743	19
ALLESMVDAAENLC[+57.0215]PNVMK	3	ALLESMVDAAENLCPNVMK	-	-	3	20	0	21.764444702933	21.70228312865	21.857961873383	702.3407042920221	0.0044921661005806945	19
ALWEDEGVR	2	ALWEDEGVR	-	-	3	20	0	10.938668737667	10.847020102	10.999760717867	537.764363092977	0.00016524828554903743	19
AQAALAVNISAAR	2	AQAALAVNISAAR	-	-	3	20	0	11.444252912517	11.38326092825	11.50527292065	628.359493283562	0.0006129955046996322	19
AQAEAQQPTFDALRDELR	3	AQAEAQQPTFDALRDELR	-	-	3	20	0	13.817585654133	13.69518656935	13.8787473571	687.0116200647088	0.0006129955046996322	19
AQEAGLQQEQR	2	AQEAGLQQEQR	-	-	3	20	0	4.61277050855	4.582006285917	4.70499971705	629.312740052552	0.000550145788633988	19
AQQMHTGPVLDVC[+57.0215]WSDDGSK	3	AQQMHTGPVLDVCWSDDGSK	-	-	3	20	0	12.968801566533	12.877173323633	13.060360722933	744.3333771871754	0.0099172489293879	19
AQTAHIVLEDGTK	2	AQTAHIVLEDGTK	-	-	3	20	0	7.58807366095	7.526919899783	7.710222491133	691.867348100457	9.691800736576855E-05	19
AQVARPGGDTIFGK	3	AQVARPGGDTIFGK	-	-	3	20	0	9.086526118867	8.964413911517	9.147592536433	472.92464716744865	9.691800736576855E-05	19
ATAGAYIASQTVK	2	ATAGAYIASQTVK	-	-	3	20	0	8.807540902617	8.685369536267	8.868651606767	640.845884379887	9.691800736576855E-05	19
AVEVQGPSLESGDHGK	2	AVEVQGPSLESGDHGK	-	-	3	20	0	7.931409569117	7.808993360233	8.053668056983	805.394458300872	9.691800736576855E-05	19
AVLQEEQANLWFSK	2	AVLQEEQANLWFSK	-	-	3	20	0	15.706441056367	15.614476583	15.798556285533	831.927936981377	0.0017268974812568445	19
AVSSAIAQLLGEVAQGNENYAGIAAR	3	AVSSAIAQLLGEVAQGNENYAGIAAR	-	-	3	20	0	22.334720333633	22.210109832367	22.397114395917	858.4487859689287	9.691800736576855E-05	19
C[+57.0215]C[+57.0215]LTYC[+57.0215]FNKPEDK	3	CCLTYCFNKPEDK	-	-	3	20	0	9.553942139833	9.462407579983	9.61503677785	578.9143259736154	9.691800736576855E-05	19
C[+57.0215]EAVVADVLDK	2	CEAVVADVLDK	-	-	3	20	0	12.6249025387	12.5638778498	12.747097391517	609.805370778877	0.0027939556115221154	19
C[+57.0215]FNTLTNSFQPSLLGR	3	CFNTLTNSFQPSLLGR	-	-	3	20	0	17.252096128483	17.12912153985	17.313572913183	618.9770823575753	0.007421400620698961	19
DAGYGGISLAVEGPSK	2	DAGYGGISLAVEGPSK	-	-	3	20	0	13.975025764117	13.913839970917	14.158274715333	760.883195126007	9.691800736576855E-05	19
DC[+57.0215]QIAHGAAQFLR	2	DCQIAHGAAQFLR	-	-	3	20	0	12.110839957317	12.049835587383	12.23292671095	743.864616990497	0.000550145788633988	19
DDVIVTASNFSSER	2	DDVIVTASNFSSER	-	-	3	20	0	12.76537859415	12.734833402233	12.856969302083	770.367909199862	0.00043119379080941233	19
DGDGTITTK	2	DGDGTITTK	-	-	3	20	0	3.9866250975	3.863536420617	4.171537082467	454.221996751242	9.691800736576855E-05	19
DGIDDESYEAIFKPVMSK	3	DGIDDESYEAIFKPVMSK	-	-	3	20	0	17.192193467333	17.069009502117	17.253768765767	681.9908342493387	9.691800736576855E-05	19
DHLVTAYNHLFETK	3	DHLVTAYNHLFETK	-	-	3	20	0	12.283143401183	12.222097128967	12.344146309517	563.2861331340987	9.691800736576855E-05	19
DHSPDLYSLELAGLDEIGK	3	DHSPDLYSLELAGLDEIGK	-	-	3	20	0	19.237365500933	19.175685438333	19.360791325567	691.3442648351521	0.0007469375560203167	19
DILVATDVAGR	2	DILVATDVAGR	-	-	3	20	0	12.55801951195	12.496894123233	12.680320883983	565.314220113612	0.00038338658146964857	19
DLEALMFDR	2	DLEALMFDR	-	-	3	20	0	17.739220541267	17.615847594517	17.8625887909	555.268424170752	9.691800736576855E-05	19
DLLFQALGR	2	DLLFQALGR	-	-	3	20	0	17.64452966345	17.52120163895	17.706205294417	516.795466259847	0.00038338658146964857	19
DMPLLSC[+57.0215]LESLR	2	DMPLLSCLESLR	-	-	3	20	0	21.60996484585	21.423822137683	21.734296895533	717.3599873684519	9.691800736576855E-05	19
DMSPLSETEMALGK	2	DMSPLSETEMALGK	-	-	3	20	0	16.21201963675	16.089067317067	16.273457957217	754.8521921212069	0.00016524828554903743	19
DNTSVYHISGK	2	DNTSVYHISGK	-	-	3	20	0	6.672974556283	6.6116366268	6.73426431075	610.798934187467	0.0006129955046996322	19
DPSASNGGGSPAR	2	DPSASNGGGSPAR	-	-	3	20	0	3.135523088817	3.074046886717	3.196970234017	586.7681653737669	0.0009100052684515541	19
DPSQPQQWVSSQVLLC[+57.0215]K	3	DPSQPQQWVSSQVLLCK	-	-	3	20	0	16.28051789895	16.21900748545	16.4034709425	667.335046762992	0.002677774471883368	19
DSDGDGRGDAC[+57.0215]K	2	DSDGDGRGDACK	-	-	3	20	0	2.335173031333	2.241620169733	2.42792041585	626.7465728031069	0.004330910959406885	19
DSLSVNEFK	2	DSLSVNEFK	-	-	3	20	0	11.071675567917	10.949542957217	11.193693860167	519.758746397957	0.000550145788633988	19
DTSFSGLSLEEYK	2	DTSFSGLSLEEYK	-	-	3	20	0	15.149230142133	15.087972617933	15.210425036	738.348653816342	0.004312887053966381	19
DTSVEDALER	2	DTSVEDALER	-	-	3	20	0	10.341927700083	10.280881919017	10.4640580247	567.767299706017	0.000550145788633988	19
DVEGSTSPQIGDK	2	DVEGSTSPQIGDK	-	-	3	20	0	7.09741440585	7.03629108495	7.2198500679	666.817520864647	9.691800736576855E-05	19
DVQNFPAATDEK	2	DVQNFPAATDEK	-	-	3	20	0	8.808985507517	8.747896799183	8.870095549233	667.814781213017	0.0008264061056827573	19
EAC[+57.0215]PELDYFVVFSSVSC[+57.0215]GR	3	EACPELDYFVVFSSVSCGR	-	-	3	20	0	20.898432826867	20.83673016445	20.960244356533	741.3346066532121	0.0006129955046996322	19
EANFTVSSMHGDMPQK	3	EANFTVSSMHGDMPQK	-	-	3	20	0	9.9040376635	9.8429857397	10.026233195533	593.5993947659487	9.691800736576855E-05	19
EAQNDLEQVLR	2	EAQNDLEQVLR	-	-	3	20	0	12.475177723667	12.4446614882	12.566764003083	657.836047972177	0.003187159204362184	19
EATTDFTVDSR	2	EATTDFTVDSR	-	-	3	20	0	8.714716804633	8.65361078915	8.867446095667	621.285856598372	9.691800736576855E-05	19
EDEISLEDLIER	2	EDEISLEDLIER	-	-	3	20	0	18.305945405333	18.1826841325	18.429143936117	730.859385676627	0.00038338658146964857	19
EDFLNIC[+57.0215]IEPDTISK	2	EDFLNICIEPDTISK	-	-	3	20	0	18.3251584394	18.201894708833	18.417562609583	897.434934672192	0.00038338658146964857	19
EEDQATLVEQVK	2	EEDQATLVEQVK	-	-	3	20	0	9.891698771717	9.7082257518	10.07479270205	694.848820992927	0.006736728644570197	19
EEFAVPENSSVQQFK	2	EEFAVPENSSVQQFK	-	-	3	20	0	12.7291233631	12.606820576167	12.851216023983	869.917766220497	9.691800736576855E-05	19
EEIPEEELAEDVEEIDHAER	3	EEIPEEELAEDVEEIDHAER	-	-	3	20	0	17.476200879467	17.383717465433	17.568662548133	794.3590793560755	9.691800736576855E-05	19
EELVITPLPSGDVAATFQFR	3	EELVITPLPSGDVAATFQFR	-	-	3	20	0	20.4742066037	20.381559181667	20.597745099083	730.719554574972	0.002830188679245283	19
ELAQQIQK	2	ELAQQIQK	-	-	3	20	0	6.014560468767	5.953366607367	6.137071023483	479.271823987052	9.691800736576855E-05	19
ELC[+57.0215]GPWPSHQLLTNQLQR	3	ELCGPWPSHQLLTNQLQR	-	-	3	20	0	14.587645404417	14.465241504333	14.710172738717	726.368861888582	0.007421400620698961	19
ELEEAMAGER	2	ELEEAMAGER	-	-	3	20	0	7.79666100475	7.7049019883	7.91908377745	567.758420586457	0.0020544849406253854	19
ENAGVDPTLAIPMIQK	2	ENAGVDPTLAIPMIQK	-	-	3	20	0	16.813990669333	16.721738473983	16.906239959217	848.950554951507	0.001100463111559448	19
ENLELILTQSVENVGVR	3	ENLELILTQSVENVGVR	-	-	3	20	0	20.39798887595	20.336306157567	20.521313222167	638.3494616666487	9.691800736576855E-05	19
ERDFTSLENTVEER	2	ERDFTSLENTVEER	-	-	3	20	0	11.476915041867	11.38546273905	11.568636913033	862.907929812787	0.000550145788633988	19
ESEFDDEPK	2	ESEFDDEPK	-	-	3	20	0	6.4491873926	6.32670235235	6.571663199767	548.227476054502	0.0006129955046996322	19
ESENLASGDQPR	2	ESENLASGDQPR	-	-	3	20	0	5.4734731239	5.412094587833	5.596119011283	651.799662463457	0.00038338658146964857	19
ESLEALLQR	2	ESLEALLQR	-	-	3	20	0	14.634037865217	14.5115344654	14.6952900838	529.795663221257	9.691800736576855E-05	19
ESNEEEQVWHFLGK	2	ESNEEEQVWHFLGK	-	-	3	20	0	15.604323500433	15.51228631005	15.665692292317	866.4022833329419	9.691800736576855E-05	19
ESTTSEQSAR	2	ESTTSEQSAR	-	-	3	20	0	2.331765141483	2.237670480517	2.42436268695	548.249274128242	0.00038338658146964857	19
ESYSVYVYK	2	ESYSVYVYK	-	-	3	20	0	10.360707419267	10.29961941705	10.482803370133	569.276771975732	9.691800736576855E-05	19
ETADAITK	2	ETADAITK	-	-	3	20	0	4.57135125965	4.509887205783	4.632953614783	424.721632613247	0.00038338658146964857	19
ETLPNVR	2	ETLPNVR	-	-	3	16	0	7.602005911283	7.479780447717	7.66311036	414.732334688707	0.0011977641735427202	19
ETSSLQELEAQK	2	ETSSLQELEAQK	-	-	3	20	0	9.698185601733	9.6371160236	9.789845135517	681.840995960857	0.006870727266481157	19
EVC[+57.0215]PSAIDPEDGEK	2	EVCPSAIDPEDGEK	-	-	3	20	0	9.242999945233	9.181956166283	9.36520992065	773.340502972772	0.006893713344994341	19
EVSDFIQDSGQIK	2	EVSDFIQDSGQIK	-	-	3	20	0	12.54081738615	12.479753325817	12.662908638067	733.362095543432	0.0011977641735427202	19
EYNALVAQGVR	2	EYNALVAQGVR	-	-	3	20	0	10.06973599555	10.0085938964	10.1308853952	610.325119150482	0.0017973583012874102	19
EYQDLLNVK	2	EYQDLLNVK	-	-	3	20	0	12.4051138263	12.344146309517	12.527182080617	561.295496044672	9.691800736576855E-05	19
FAELVYTGFWHSPEC[+57.0215]EFVR	3	FAELVYTGFWHSPECEFVR	-	-	3	20	0	18.441852440483	18.349479790883	18.5034505704	792.036889328892	0.0023717639491879724	19
FFPASFPNR	2	FFPASFPNR	-	-	3	20	0	13.228331597783	13.0147097875	13.44212990225	541.774533853857	0.0017268974812568445	19
FGIQAQMVTTDFQK	2	FGIQAQMVTTDFQK	-	-	3	20	0	15.018447504767	14.8958633401	15.079807666767	807.403240621092	9.691800736576855E-05	19
FGNQADHFLGSLAFAK	3	FGNQADHFLGSLAFAK	-	-	3	20	0	15.89388592315	15.832413981183	15.955354252817	574.9581279398686	9.691800736576855E-05	19
FLAAGTHLGGTNLDFQMEQYIYK	3	FLAAGTHLGGTNLDFQMEQYIYK	-	-	3	20	0	17.75852763165	17.635140632683	17.8818857535	873.0966963002088	9.691800736576855E-05	19
FLIC[+57.0215]TDVAAR	2	FLICTDVAAR	-	-	3	20	0	13.200170404883	13.078127960633	13.322357058983	583.305340994052	9.691800736576855E-05	19
FLLDTNK	2	FLLDTNK	-	-	3	16	0	10.751717990933	10.629609002067	10.8433865363	425.737085715977	0.0017268974812568445	19
FSNTGEDWYVLVGVAK	2	FSNTGEDWYVLVGVAK	-	-	3	20	0	18.4481150843	18.38652928215	18.571361390667	892.946326697147	0.00038338658146964857	19
FTITPPTAQVVGVLK	3	FTITPPTAQVVGVLK	-	-	3	20	0	17.67147807025	17.548278981867	17.794695841117	524.3116196059487	0.0027939556115221154	19
FTLRDEGK	2	FTLRDEGK	-	-	3	20	0	6.04544139485	5.984212104617	6.106721007717	483.256173922912	0.0010365623822088201	19
GAGSIAGASASPK	2	GAGSIAGASASPK	-	-	3	20	0	5.436062530317	5.31330395625	5.49737730895	537.282919985332	0.002893111267495504	19
GDSHLNVQVSNFK	2	GDSHLNVQVSNFK	-	-	3	20	0	9.709913223233	9.6487409421	9.83227283885	722.862597073187	0.0012753980121382707	19
GDTPGHATPGHGGATSSAR	3	GDTPGHATPGHGGATSSAR	-	-	3	20	0	2.843539654283	2.7819438477	2.966661792417	578.6031839056387	9.691800736576855E-05	19
GFVLYPVK	2	GFVLYPVK	-	-	3	19	0	13.754990196517	13.693801185833	13.846770226917	461.773471224697	0.0023021001615508886	19
GGAEVQIFAPDVPQMHVIDHTK	3	GGAEVQIFAPDVPQMHVIDHTK	-	-	3	20	0	15.01796495095	14.92597606795	15.07932512465	797.0704815523687	0.002542305553348693	19
GGAVVDEGPTGVK	2	GGAVVDEGPTGVK	-	-	3	20	0	7.337835923633	7.21551242755	7.398933268183	593.309134733172	9.691800736576855E-05	19
GGTLLSVTGEVEPR	2	GGTLLSVTGEVEPR	-	-	3	20	0	13.66587900705	13.574239898817	13.757556291283	707.880455474377	9.691800736576855E-05	19
GIVEFSGK	2	GIVEFSGK	-	-	3	18	0	9.374361398267	9.313239420317	9.496475957717	418.729260683907	9.691800736576855E-05	19
GIYFADMVSK	2	GIYFADMVSK	-	-	3	20	0	14.5137004865	14.452410038383	14.636203026783	565.781167406677	9.691800736576855E-05	19
GLGTDEDAIISVLAYR	2	GLGTDEDAIISVLAYR	-	-	3	20	0	19.978699202333	19.8554472256	20.1020178349	846.943784006927	9.691800736576855E-05	19
GLGTDEDSLIEIIC[+57.0215]SR	3	GLGTDEDSLIEIICSR	-	-	3	20	0	19.45691776815	19.333369990117	19.5804830536	593.2927361467854	9.691800736576855E-05	19
GNIIGYSQVDK	2	GNIIGYSQVDK	-	-	3	20	0	9.843226963817	9.782142657017	9.904277111567	597.311677423392	0.0008692712609262569	19
GNNVLYISTQK	2	GNNVLYISTQK	-	-	3	20	0	10.24145236875	10.180410627933	10.363587768467	618.8327770059669	0.00038338658146964857	19
GPPGPESQSR	2	GPPGPESQSR	-	-	3	20	0	3.468249299867	3.406865578483	3.621888131117	506.24633751520196	0.005166289958023894	19
HASSGSFLPSANEHLK	3	HASSGSFLPSANEHLK	-	-	3	20	0	8.438441901633	8.316256338383	8.560743280867	561.281270655772	0.001100463111559448	19
HGLVPFAFVR	2	HGLVPFAFVR	-	-	3	20	0	15.187966560833	15.126803487583	15.24928300545	571.8271007412969	0.00740014867878624	19
HLAC[+57.0215]LPR	2	HLACLPR	-	-	3	16	0	6.197447391567	6.13618643865	6.258771202867	433.736897296237	0.006424726515019969	19
HLATSDMLAAASK	3	HLATSDMLAAASK	-	-	3	20	0	9.6754488907	9.614324306567	9.7366337664	439.22733842115207	0.005338268265774583	19
HLLVSNVGGDGEEIER	2	HLLVSNVGGDGEEIER	-	-	3	20	0	10.317205687683	10.256156635283	10.4393300171	862.434114775802	9.691800736576855E-05	19
HMNSAGVLATLR	3	HMNSAGVLATLR	-	-	3	20	0	10.4866541355	10.425614950517	10.547669111617	423.89592311674534	0.000550145788633988	19
HNEFDFISGTR	2	HNEFDFISGTR	-	-	3	20	0	12.197583081367	12.136536513383	12.25864642945	661.809833224337	0.0002427577277876679	19
HPSTNSLLR	2	HPSTNSLLR	-	-	3	20	0	5.9926348253	5.87009568375	6.115332770233	512.7803475102869	0.009839027065389206	19
HSFFSTIDWNK	3	HSFFSTIDWNK	-	-	3	20	0	14.213512620233	14.030268953433	14.274637400283	461.222693150492	0.00513760149457498	19
HSQEELLQR	2	HSQEELLQR	-	-	3	20	0	5.989501019367	5.9283109989	6.050739230467	570.293819022202	0.000550145788633988	19
HSVDGESLSSELQQLGLPK	3	HSVDGESLSSELQQLGLPK	-	-	3	20	0	16.6803848462	16.6189426349	16.834132305783	675.3480092984986	0.0006129955046996322	19
HVGMAVAGLLADAR	2	HVGMAVAGLLADAR	-	-	3	20	0	14.062416180333	13.940087676883	14.184503052567	690.874453398207	9.691800736576855E-05	19
IADQLEELNK	2	IADQLEELNK	-	-	3	20	0	10.42272305195	10.361668428233	10.544782074033	586.811510246807	9.691800736576855E-05	19
IAMENDDGRTEEEK	2	IAMENDDGRTEEEK	-	-	3	20	0	5.238175774733	5.1154096829	5.299567995083	818.859591179707	9.691800736576855E-05	19
IAQLEEQLDNETK	2	IAQLEEQLDNETK	-	-	3	20	0	10.982923168317	10.891268557683	11.074543428083	765.885934777637	9.691800736576855E-05	19
IAVSNLHK	2	IAVSNLHK	-	-	3	18	0	5.712373867217	5.65101012585	5.773749418217	441.263801993572	0.003764918489514702	19
IDMNLTDLLGELQR	2	IDMNLTDLLGELQR	-	-	3	20	0	22.67547680775	22.5505420444	22.8005050674	815.9270798552969	9.691800736576855E-05	19
IDTEILPSLFMR	2	IDTEILPSLFMR	-	-	3	20	0	21.246443065783	21.153559556983	21.401573203233	717.8866951043769	0.007926421404682275	19
IEEQSQSEK	2	IEEQSQSEK	-	-	3	20	0	2.517659270633	2.455842538167	2.579443120183	539.256567845732	0.0023021001615508886	19
IEGEGSVLQAK	2	IEGEGSVLQAK	-	-	3	20	0	8.224861678183	8.16371574295	8.285951883017	565.8062279049569	0.0009100052684515541	19
IGIPEFK	2	IGIPEFK	-	-	3	14	0	12.9452018221	12.792558880767	13.036787839517	402.236721577982	0.0029581192589132805	19
IGLDFC[+57.0215]K	2	IGLDFCK	-	-	3	16	0	11.981552180933	11.82896738535	12.07309492955	426.717838874127	0.0064847244859035265	19
IIDDSEITK	2	IIDDSEITK	-	-	3	20	0	8.372408035817	8.28074609045	8.4640739834	517.274229285512	9.691800736576855E-05	19
ILETTTFFQR	2	ILETTTFFQR	-	-	3	20	0	14.345688790617	14.253917852567	14.437687276367	628.337695209822	0.0017268974812568445	19
ILQEYITQEGHK	2	ILQEYITQEGHK	-	-	3	20	0	9.317329405117	9.256212578217	9.378442767367	729.882998164597	0.00043119379080941233	19
IPVPQQVAR	2	IPVPQQVAR	-	-	3	20	0	8.921387603917	8.82964302725	8.98242587815	504.30345846850196	0.006190542809177392	19
ISALALLK	2	ISALALLK	-	-	3	19	0	14.936516319567	14.844647087367	15.0285809574	414.781296256767	0.0034627092846270927	19
ITC[+57.0215]LC[+57.0215]QVPQNAANR	2	ITCLCQVPQNAANR	-	-	3	20	0	9.306997029	9.184859995033	9.429210480367	822.900873649127	9.691800736576855E-05	19
IYIGDDNPLTLIVK	2	IYIGDDNPLTLIVK	-	-	3	20	0	20.375461641567	20.313810497383	20.498978894583	787.445431244572	0.0024772255074316765	19
IYQIYEGTSQIQR	2	IYQIYEGTSQIQR	-	-	3	20	0	11.442594990633	11.381603742117	11.534135273233	799.912286917237	9.691800736576855E-05	19
KADC[+57.0215]TITMADSDFLALMTGK	3	KADCTITMADSDFLALMTGK	-	-	3	20	0	19.848467884033	19.786810583317	19.971722878367	730.3477474144887	9.691800736576855E-05	19
KADIDLTK	2	KADIDLTK	-	-	3	19	0	5.706690216633	5.614771441167	5.798633245533	452.260924950182	0.00038338658146964857	19
KPQDQLVIER	2	KPQDQLVIER	-	-	3	20	0	7.530805679283	7.43899179635	7.653202166667	613.348594246692	0.00038338658146964857	19
KPYPDDENLVEVK	3	KPYPDDENLVEVK	-	-	3	20	0	9.758543752217	9.6362138985	9.941844036883	515.9313559367454	0.0017268974812568445	19
LANIDEEMLQK	2	LANIDEEMLQK	-	-	3	20	0	12.016814921383	11.925244338433	12.0778600391	652.331752703302	0.00038338658146964857	19
LC[+57.0215]GDTSLNNMQR	2	LCGDTSLNNMQR	-	-	3	20	0	8.261527650517	8.200447682417	8.383733279483	704.819018009047	9.691800736576855E-05	19
LEELTNR	2	LEELTNR	-	-	3	16	0	6.29482657465	6.233502426117	6.35613951395	437.735074340337	0.007281224600379301	19
LEGFHTQISK	2	LEGFHTQISK	-	-	3	20	0	8.10106337055	8.00936442105	8.223318212317	580.308937771762	9.691800736576855E-05	19
LEGIITR	2	LEGIITR	-	-	3	16	0	8.94849539525	8.9179372797	9.04011124925	401.245077924632	0.004431260528821504	19
LENWITSLAESQLQTR	3	LENWITSLAESQLQTR	-	-	3	20	0	19.542212381883	19.4188426076	19.603907638067	630.3302900412754	0.0002427577277876679	19
LEQEIATYR	2	LEQEIATYR	-	-	3	20	0	8.527812003283	8.405623889533	8.588891733967	561.793120531037	9.691800736576855E-05	19
LESEGSPETLTNLRK	2	LESEGSPETLTNLRK	-	-	3	20	0	9.321661097267	9.2605446479	9.382767966483	837.438865803072	0.0060637924991237295	19
LFEGNALLR	2	LFEGNALLR	-	-	3	20	0	13.50182027505	13.3795814154	13.624090537633	516.795466259847	9.691800736576855E-05	19
LFELLEK	2	LFELLEK	-	-	3	16	0	15.14990814845	15.08870351485	15.2724564249	446.262936325822	9.691800736576855E-05	19
LFVLLPEQSPVSYSK	2	LFVLLPEQSPVSYSK	-	-	3	20	0	17.880680072917	17.788185381483	17.973210906483	853.971813168997	0.0010365623822088201	19
LGQHVVGMAPLSVGSLDDEPGGEAETK	3	LGQHVVGMAPLSVGSLDDEPGGEAETK	-	-	3	20	0	14.47238422695	14.41107315935	14.594909085017	898.4410798345688	9.691800736576855E-05	19
LIDEVIEDTR	2	LIDEVIEDTR	-	-	3	20	0	12.541476185783	12.48040585835	12.663653145433	601.816792588657	0.0007469375560203167	19
LIDFLESGK	2	LIDFLESGK	-	-	3	20	0	14.816660466317	14.694088544483	14.939284733217	511.281857356172	9.691800736576855E-05	19
LIIVEGC[+57.0215]QR	2	LIIVEGCQR	-	-	3	20	0	9.809318880017	9.748247176767	9.931415553483	544.300058652202	9.691800736576855E-05	19
LISLLNEK	2	LISLLNEK	-	-	3	20	0	12.857449599883	12.79640815965	12.91851603725	465.286942736612	0.0017973583012874102	19
LLAELPASVHALTGVDLSK	3	LLAELPASVHALTGVDLSK	-	-	3	20	0	17.74476761735	17.621392663583	17.868133582967	645.370085660172	0.00043119379080941233	19
LLVVTDPR	2	LLVVTDPR	-	-	3	17	0	10.48809182355	10.427033591917	10.610056832533	456.77928488112696	9.921619208254787E-05	19
LNQIMVGTGNGLAK	2	LNQIMVGTGNGLAK	-	-	3	20	0	11.4795613103	11.418566076033	11.54061291675	708.387393595542	0.0013514102619992152	19
LPEEPITR	2	LPEEPITR	-	-	3	20	0	8.339424242383	8.247823762533	8.43112774025	477.76637446861696	0.0017973583012874102	19
LPPVLANLMGSMGAGK	3	LPPVLANLMGSMGAGK	-	-	3	20	0	21.16357353675	21.0085769789	21.287531028033	519.2826783475787	0.003997907637124496	19
LPQTSDDEK	2	LPQTSDDEK	-	-	3	20	0	4.210808833033	4.087421108283	4.3341394445	516.745835985447	0.0017268974812568445	19
LPVDLAEELGHR	3	LPVDLAEELGHR	-	-	3	20	0	13.772796295567	13.6504906481	13.895064872083	450.2454977881553	9.691800736576855E-05	19
LQQTQNQVDEVVDIMR	3	LQQTQNQVDEVVDIMR	-	-	3	20	0	15.713364882767	15.590604956517	15.83626224185	639.3229182600853	9.691800736576855E-05	19
LQWFEQQAK	2	LQWFEQQAK	-	-	3	20	0	12.101699915833	12.010198780333	12.1627153123	589.303655429912	0.009416501607299413	19
LSDQFHDILIR	3	LSDQFHDILIR	-	-	3	20	0	13.328123921233	13.20594155665	13.419739524917	452.91385958163534	9.691800736576855E-05	19
LSGLEQPQGALQTR	2	LSGLEQPQGALQTR	-	-	3	20	0	10.615720256067	10.49362659925	10.67671628675	749.404629061752	9.691800736576855E-05	19
LSLDGQNIYNAC[+57.0215]C[+57.0215]TLR	3	LSLDGQNIYNACCTLR	-	-	3	20	0	14.242278472967	14.15057166095	14.39518326055	633.3013487829054	0.0010730614910889242	19
LSTGC[+57.0215]TGTLVAEK	2	LSTGCTGTLVAEK	-	-	3	20	0	8.839741517617	8.778698920783	8.96200850225	668.8424845635869	9.691800736576855E-05	19
LTDC[+57.0215]VVMRDPASK	3	LTDCVVMRDPASK	-	-	3	20	0	8.69163204025	8.569406333717	8.8137916611	497.9146546323387	9.691800736576855E-05	19
LTIIPQDPILFSGSLR	2	LTIIPQDPILFSGSLR	-	-	3	20	0	20.452716946783	20.39096447775	20.5762563644	885.511636820512	0.00016524828554903743	19
LVAAGSYQR	2	LVAAGSYQR	-	-	3	20	0	6.077859367383	5.9859503973	6.139070186167	482.764166131567	0.009738694436409219	19
LVAIVDPHIK	2	LVAIVDPHIK	-	-	3	20	0	11.2568549	11.165338699417	11.348455175133	552.842416452267	0.0059966334689297235	19
LVPSQEETK	2	LVPSQEETK	-	-	3	20	0	5.004968570033	4.94360011125	5.12772896785	515.774396462097	0.0007469375560203167	19
MFTSMDPPPVELIR	2	MFTSMDPPPVELIR	-	-	3	20	0	17.600918323183	17.47764801495	17.72428598335	816.909844389087	0.0009100052684515541	19
MLEQLDMR	2	MLEQLDMR	-	-	3	20	0	11.609010191917	11.54790412995	11.731347716683	518.251720019122	9.691800736576855E-05	19
MSDGLFLQK	2	MSDGLFLQK	-	-	3	20	0	12.28373226225	12.222677564617	12.405707545167	519.7680600327569	0.0017268974812568445	19
MSPLSIVTALVDK	3	MSPLSIVTALVDK	-	-	3	20	0	22.8864719369	22.761400649683	23.011621940283	458.59513923427863	0.0019506931186187432	19
MVNHFIAEFK	3	MVNHFIAEFK	-	-	3	20	0	11.737344009333	11.645709964117	11.828831892767	412.546231299832	9.691800736576855E-05	19
NEVSFVIHNLPIIAK	3	NEVSFVIHNLPIIAK	-	-	3	20	0	18.0278479313	17.904628301367	18.1511009029	565.326040204052	0.004292000288537835	19
NFVDSPIIVDITK	2	NFVDSPIIVDITK	-	-	3	20	0	18.089147264283	17.96573298855	18.212563002617	730.903399256007	0.0034627092846270927	19
NFYVEHPEVAR	3	NFYVEHPEVAR	-	-	3	20	0	9.040633667417	8.97954194495	9.162719245217	454.226326162782	9.691800736576855E-05	19
NKPNMSDPEESR	2	NKPNMSDPEESR	-	-	3	20	0	4.468385926383	4.376017353117	4.56065833125	702.314622578102	0.0044921661005806945	19
NPVLQQVLEGR	2	NPVLQQVLEGR	-	-	3	20	0	14.272342917433	14.15008947015	14.394705283217	626.854043765127	0.0006129955046996322	19
NSEPEEVIPSR	2	NSEPEEVIPSR	-	-	3	20	0	8.62352678735	8.470802981117	8.71519951745	628.809498871167	9.691800736576855E-05	19
NSSNTSVGSPSNTIGR	2	NSSNTSVGSPSNTIGR	-	-	3	20	0	6.676727113633	6.584816211217	6.737960856033	789.379339551312	9.691800736576855E-05	19
NYLPLLEPVKPEPK	3	NYLPLLEPVKPEPK	-	-	3	20	0	14.33191382585	14.179235949783	14.4237785593	546.315141167182	0.0025802866102973285	19
PAGLLFQQPDLDSALQIAR	3	PAGLLFQQPDLDSALQIAR	-	-	3	20	0	20.19379202535	20.131991498083	20.286427491233	685.0407395488487	0.0011647180038525289	19
PENLLFTDENDNLEIK	3	PENLLFTDENDNLEIK	-	-	3	20	0	16.727498888583	16.635174101917	16.81987327565	635.3143056239653	0.005591930631746594	19
PFSVDFFR	2	PFSVDFFR	-	-	3	20	0	17.039261915467	17.00849183025	17.13160915555	507.755809784917	0.009639957299518002	19
PGFSIADK	2	PGFSIADK	-	-	3	18	0	9.06898755935	8.946864725117	9.191080585067	417.721435651837	9.691800736576855E-05	19
PHSVSLNDTETR	2	PHSVSLNDTETR	-	-	3	20	0	5.751044922067	5.68977008925	5.873563060533	678.331129768322	9.691800736576855E-05	19
PNMVTPGHAC[+57.0215]TQK	3	PNMVTPGHACTQK	-	-	3	20	0	5.10954201545	4.986825740133	5.23230661565	480.895594458022	9.691800736576855E-05	19
PVHLTAFLGYK	2	PVHLTAFLGYK	-	-	3	20	0	13.984698132017	13.862390943967	14.106813231967	623.353148312552	0.0015117484450587423	19
QAGLLAVMAQMGC[+57.0215]YVPAEVC[+57.0215]R	3	QAGLLAVMAQMGCYVPAEVCR	-	-	3	20	0	21.963921655017	21.901759751033	22.057141999	775.3721215658053	0.00038338658146964857	19
QC[+57.0215]IHQLC[+57.0215]FTSLR	3	QCIHQLCFTSLR	-	-	3	20	0	11.823069002867	11.731586589583	11.945061792733	521.5903939014553	0.0009990877894096694	19
QEELTPLGVHLAR	3	QEELTPLGVHLAR	-	-	3	20	0	12.525909169933	12.37329731165	12.709104160033	488.27193543810864	0.006407131415836757	19
QHLEETTQK	2	QHLEETTQK	-	-	3	20	0	2.611498706683	2.487988568067	2.73496656205	557.280377295112	0.0020544849406253854	19
QHLENDPGSNEDTDIPK	3	QHLENDPGSNEDTDIPK	-	-	3	20	0	7.220122708	7.097630112583	7.2812871202	636.9571809455954	0.00011108642523883582	19
QILIAC[+57.0215]SPVSSVR	2	QILIACSPVSSVR	-	-	3	20	0	13.116555739733	13.055547554233	13.17756569755	715.3952186276119	0.0009946007388462632	19
QLSSSVTGLTNIEEENC[+57.0215]QR	3	QLSSSVTGLTNIEEENCQR	-	-	3	20	0	12.854074980383	12.793029850317	12.97624674105	722.3428181614487	0.0010730614910889242	19
QPAENVNQYLTDPK	2	QPAENVNQYLTDPK	-	-	3	20	0	10.985565170483	10.863375658	11.107703367933	808.899376504727	9.691800736576855E-05	19
QSGYGGQTK	2	QSGYGGQTK	-	-	3	20	0	2.451254870433	2.420368909983	2.5748725802	463.222331104412	0.001100463111559448	19
QSMAFSILNTPK	2	QSMAFSILNTPK	-	-	3	20	0	15.206326733633	15.14513165445	15.328902587567	668.850112634247	0.0017101325352714834	19
QTSDGNWLMVHR	3	QTSDGNWLMVHR	-	-	3	20	0	10.8557554489	10.79477152805	10.916831936683	481.8981037608853	0.000550145788633988	19
QVVEEPSPQLPADK	2	QVVEEPSPQLPADK	-	-	3	20	0	10.15902231075	10.067366419967	10.220075021833	768.898845190147	0.00038338658146964857	19
RLEEPEEPK	2	RLEEPEEPK	-	-	3	20	0	5.284034264083	5.161317328117	5.406803608967	563.790577840817	9.691800736576855E-05	19
RLPVMMDEALSYLEK	3	RLPVMMDEALSYLEK	-	-	3	20	0	19.386081338717	19.2318310837	19.44776618155	598.9758025207487	0.003828541400795736	19
RVESQLK	2	RVESQLK	-	-	3	16	0	2.817032807017	2.75544874135	2.940161800483	430.253434271282	9.691800736576855E-05	19
SDHLIQTDTVNLHR	2	SDHLIQTDTVNLHR	-	-	3	20	0	8.9103371125	8.818631527817	8.97140944325	824.923717268687	0.002542305553348693	19
SDVQIHVPTFTFR	3	SDVQIHVPTFTFR	-	-	3	20	0	15.871696921167	15.718150882733	15.9639495517	516.2719354381087	0.0017268974812568445	19
SDYLNTFEFMDK	2	SDYLNTFEFMDK	-	-	3	20	0	17.2581161856	17.134993459717	17.31966730515	755.3319496647119	9.691800736576855E-05	19
SEIEVISEPPEEK	2	SEIEVISEPPEEK	-	-	3	20	0	11.07310070975	11.04255863995	11.22566152995	743.369586222332	0.0052140994964465556	19
SFDVNKPGC[+57.0215]EVDDLK	3	SFDVNKPGCEVDDLK	-	-	3	20	0	10.500397102667	10.378287062317	10.561417469617	574.938293302602	9.691800736576855E-05	19
SGLEELVLSEMNSPSR	3	SGLEELVLSEMNSPSR	-	-	3	20	0	18.389445818883	18.327848647583	18.481799520933	583.289214585552	0.0017268974812568445	19
SGLLVLTTPLASLAPR	2	SGLLVLTTPLASLAPR	-	-	3	20	0	21.273993831117	21.150047976033	21.398099763417	804.987797586307	9.691800736576855E-05	19
SHSLSQHTATSSK	2	SHSLSQHTATSSK	-	-	3	20	0	2.310191222933	2.247398498217	2.433957310933	685.836579286757	0.0006129955046996322	19
SHTEEDC[+57.0215]TEELFDFLHAR	3	SHTEEDCTEELFDFLHAR	-	-	3	20	0	16.888189214	16.826624433967	17.01130498625	745.9918968784987	9.691800736576855E-05	19
SIATDVLLGLLK	2	SIATDVLLGLLK	-	-	3	20	0	22.661926484617	22.56829363975	22.786851299333	621.887020915877	0.007522050257946414	19
SIIGMGTGAGAYILTR	2	SIIGMGTGAGAYILTR	-	-	3	20	0	16.841113480617	16.77964044125	16.902625776767	790.926882893887	0.00043119379080941233	19
SLVALLVETQMK	2	SLVALLVETQMK	-	-	3	20	0	18.763939031667	18.7331306008	18.85658706305	666.383788276162	0.00043119379080941233	19
SNILLLGPTGSGK	2	SNILLLGPTGSGK	-	-	3	20	0	13.752986606917	13.691824337617	13.875376021283	628.8640771342469	0.00047798291211089203	19
SPNPSTPRALPASETPK	2	SPNPSTPRALPASETPK	-	-	3	20	0	6.71963652325	6.627672498017	6.811572483783	875.4601325622319	0.008863211108557922	19
SQIYGSR	2	SQIYGSR	-	-	3	16	0	4.573580589567	4.450519339067	4.69667967695	405.708859592497	0.009022261449445915	19
SQLIMQAEAEAASVR	2	SQLIMQAEAEAASVR	-	-	3	20	0	14.589134046033	14.527893111333	14.71164825475	802.4090542775219	0.00043119379080941233	19
SQPDPVDTPTSSKPQSK	2	SQPDPVDTPTSSKPQSK	-	-	3	20	0	5.520892520283	5.398255784817	5.582232592717	899.944512282917	0.00011108642523883582	19
SQTEAVTFLANHDDSR	3	SQTEAVTFLANHDDSR	-	-	3	20	0	10.57606514105	10.514998403783	10.698084678917	597.6149780553753	0.00356330553449583	19
SSENGVDYVIMGMPHR	3	SSENGVDYVIMGMPHR	-	-	3	20	0	13.720472636717	13.689904497	13.78170055935	597.943272926432	0.000550145788633988	19
SSGPTSLFAVTVAPPGAR	3	SSGPTSLFAVTVAPPGAR	-	-	3	20	0	16.59030044015	16.467427432533	16.713090033067	572.308937771762	0.00011108642523883582	19
SSPLLNYNTGVYR	2	SSPLLNYNTGVYR	-	-	3	20	0	12.62979054655	12.568597022433	12.69090496755	742.380622650962	0.003364686090081823	19
SSTPTTIFPIR	2	SSTPTTIFPIR	-	-	3	20	0	14.22240891335	14.161279680517	14.344726132367	610.337695209822	0.0006129955046996322	19
STFVNILK	2	STFVNILK	-	-	3	19	0	13.437325900467	13.376216938067	13.559571905717	461.273835362692	0.0027593818984547464	19
STLMDTLFNTK	2	STLMDTLFNTK	-	-	3	20	0	17.631509013283	17.50832897185	17.693134257883	635.821020843017	0.0002427577277876679	19
STTTGHLIYK	2	STTTGHLIYK	-	-	3	20	0	6.050257521183	5.958417319417	6.203421554117	560.8034882533269	9.691800736576855E-05	19
SYLYFTQFK	2	SYLYFTQFK	-	-	3	20	0	15.496148982317	15.373514750283	15.55749755015	598.802956938747	0.00038338658146964857	19
SYSSGGEDGYVR	2	SYSSGGEDGYVR	-	-	3	20	0	6.299974906433	6.177309095533	6.3611849407	638.7756560526669	9.691800736576855E-05	19
TADDPSLSLIK	2	TADDPSLSLIK	-	-	3	20	0	12.448459368567	12.295951833533	12.540036544817	580.313885760442	0.001100463111559448	19
TAGDGWFGMK	2	TAGDGWFGMK	-	-	3	20	0	13.353260517433	13.292174757833	13.414352082083	535.242209422912	0.00846672840322794	19
TASEGDGGAAAGAAAAGAR	2	TASEGDGGAAAGAAAAGAR	-	-	3	20	0	5.731907290067	5.670544922517	5.823934344667	766.358407145322	0.0006129955046996322	19
THQPSDEVGTSIEHPR	3	THQPSDEVGTSIEHPR	-	-	3	20	0	6.358779067317	6.26694638025	6.420046835267	597.2869728611453	9.691800736576855E-05	19
TIILFTK	2	TIILFTK	-	-	3	16	0	13.477244629533	13.416067438017	13.599526174783	418.268021706262	0.0015913978494623655	19
TILSLMTR	2	TILSLMTR	-	-	3	20	0	14.5813906761	14.458774510133	14.6427414103	467.77314541319697	9.921619208254787E-05	19
TIVITSHPGQIVK	2	TIVITSHPGQIVK	-	-	3	20	0	9.788166802017	9.727118631683	9.9102966606	696.914101331467	9.691800736576855E-05	19
TLAAEMQELR	2	TLAAEMQELR	-	-	3	20	0	12.284347901633	12.223296985117	12.345345568967	581.300255613612	0.0011255177381595534	19
TLQIFNIEMK	2	TLQIFNIEMK	-	-	3	20	0	17.558045815433	17.434766244767	17.619703669733	618.836473945747	9.691800736576855E-05	19
TLSTSDDVEDRENEK	2	TLSTSDDVEDRENEK	-	-	3	20	0	5.676930050367	5.584894723283	5.799642904233	869.392309533472	0.006870727266481157	19
TNGDSQQPSSSGLASSK	2	TNGDSQQPSSSGLASSK	-	-	3	20	0	5.300053576983	5.20795902315	5.392097617967	825.881912026357	0.00043119379080941233	19
TQFPSLDIEVDGGVGPDTVHK	3	TQFPSLDIEVDGGVGPDTVHK	-	-	3	20	0	15.965224868483	15.903763486817	16.02667247215	737.7024521426821	0.0011977641735427202	19
TVDSQGPTPVC[+57.0215]TPTFLER	3	TVDSQGPTPVCTPTFLER	-	-	3	20	0	14.213884489883	14.183301053633	14.366694739117	668.994690163742	0.0032570793577805877	19
TWYPEVPK	2	TWYPEVPK	-	-	3	20	0	12.008413902883	11.88633221655	12.1305387259	510.263467640402	0.0017548871566746929	19
TYDLLFK	2	TYDLLFK	-	-	3	16	0	14.261756336933	14.200653688983	14.384131151383	450.247286261682	0.00038338658146964857	19
VAC[+57.0215]C[+57.0215]PLER	2	VACCPLER	-	-	3	20	0	6.4212733779	6.35998948235	6.4825054096	502.736237131567	0.001100463111559448	19
VAEELALEQAK	2	VAEELALEQAK	-	-	3	20	0	9.996134635133	9.935018058517	10.057256805417	600.8271603109471	9.691800736576855E-05	19
VATLNSEEESDPPTYK	2	VATLNSEEESDPPTYK	-	-	3	20	0	8.91424296625	8.791986457233	8.9752942166	890.417796005322	9.691800736576855E-05	19
VDAQFGGIDQR	2	VDAQFGGIDQR	-	-	3	20	0	9.690796506633	9.629661046033	9.812927657033	603.299101364052	9.691800736576855E-05	19
VDIDVPDVNLEAPEGK	2	VDIDVPDVNLEAPEGK	-	-	3	20	0	15.818557695667	15.695659042633	15.880002610233	855.433249108052	9.691800736576855E-05	19
VGDQILLAIK	2	VGDQILLAIK	-	-	3	20	0	15.1369554348	15.014446065367	15.198159390233	535.334424243612	0.0006129955046996322	19
VGTEC[+57.0215]GNQK	2	VGTECGNQK	-	-	3	20	0	2.327511417983	2.202375244817	2.4510296389	496.726923496767	0.00038338658146964857	19
VHQLYETIQR	2	VHQLYETIQR	-	-	3	20	0	7.952093960517	7.829687748733	8.043793547417	643.846218733057	9.691800736576855E-05	19
VKPLQDQNELFGK	2	VKPLQDQNELFGK	-	-	3	20	0	10.4330711796	10.31093709435	10.494108545717	758.411922779242	9.691800736576855E-05	19
VLC[+57.0215]GGDIYVPEDPK	2	VLCGGDIYVPEDPK	-	-	3	20	0	12.3878639581	12.26587097235	12.50988989755	781.3819738619319	9.691800736576855E-05	19
VLPANSMAESR	2	VLPANSMAESR	-	-	3	20	0	7.490137021967	7.367902192833	7.612348231567	587.797880099977	0.00038338658146964857	19
VLQEALC[+57.0215]VISGVPGLK	2	VLQEALCVISGVPGLK	-	-	3	20	0	18.86719575165	18.743748079533	18.928940050917	841.979115428157	9.691800736576855E-05	19
VLYAYGYYTGEPSK	2	VLYAYGYYTGEPSK	-	-	3	20	0	12.26731757725	12.175703574067	12.41980212895	805.890488843497	0.00038338658146964857	19
VMPAPPPK	2	VMPAPPPK	-	-	3	19	0	6.1028753333	6.0416007802	6.286745396933	418.738574318707	9.691800736576855E-05	19
VMVLDFVTPTPLGTR	3	VMVLDFVTPTPLGTR	-	-	3	20	0	19.73071158725	19.607270416383	19.7923396608	549.3042478247587	9.691800736576855E-05	19
VNDFLAEIFKK	3	VNDFLAEIFKK	-	-	3	20	0	17.670744201167	17.6090544228	17.732422903317	441.915089047672	0.00498933439386818	19
VQAWYMDDAPGDPR	2	VQAWYMDDAPGDPR	-	-	3	20	0	12.798331635233	12.737240954933	12.920447364217	810.859197256887	0.00043119379080941233	19
VTEGQQER	2	VTEGQQER	-	-	3	20	0	2.3566785909	2.200897821133	2.449587011333	473.733062964697	0.00038338658146964857	19
VTPPAVTGSPEFER	2	VTPPAVTGSPEFER	-	-	3	20	0	11.207168544833	11.085153980967	11.26818365045	743.880455474377	9.921619208254787E-05	19
VVNGAAASQPPSK	2	VVNGAAASQPPSK	-	-	3	20	0	4.586108665517	4.524567372033	4.709206758333	613.3304014923319	9.921619208254787E-05	19
VVNSETPVVVDFHAQWC[+57.0215]GPC[+57.0215]K	3	VVNSETPVVVDFHAQWCGPCK	-	-	3	20	0	14.755334026033	14.72469749155	14.908427573033	810.384071842942	0.0023021001615508886	19
WLAPDGLIFPDR	2	WLAPDGLIFPDR	-	-	3	20	0	18.79672509005	18.7350600043	18.920257077967	700.372069342902	9.691800736576855E-05	19
WNENVQYLSEDR	2	WNENVQYLSEDR	-	-	3	20	0	11.636543821483	11.57549264125	11.758596200467	776.854969002527	0.004521257201195945	19
WSNAGELMELIR	2	WSNAGELMELIR	-	-	3	20	0	18.550650850167	18.488938434217	18.643221388383	709.858468980897	0.00016524828554903743	19
YEDEINK	2	YEDEINK	-	-	3	17	0	5.003233084983	4.880412577617	5.064608374817	455.711264890957	0.00011108642523883582	19
YEELFPAFSDSR	2	YEELFPAFSDSR	-	-	3	20	0	16.394905416217	16.272012887883	16.517966436333	730.838256309227	9.691800736576855E-05	19
YGGQPVPNFPSK	2	YGGQPVPNFPSK	-	-	3	20	0	10.304192079917	10.212617271933	10.456850697533	645.827494664117	9.691800736576855E-05	19
YLAVESPFLK	2	YLAVESPFLK	-	-	3	20	0	15.556534705983	15.43389968625	15.679298039033	583.826432034957	9.691800736576855E-05	19
YNVLGAETVLNQMR	2	YNVLGAETVLNQMR	-	-	3	20	0	16.645303774517	16.5837898312	16.7684240833	804.414139657962	9.691800736576855E-05	19
YYFEGIK	2	YYFEGIK	-	-	3	17	0	11.544293567283	11.513656545467	11.636101449033	460.231636197542	0.0007802974884174591	19
