peptideModSeq	precursorCharge	peptideSeq	prevAA	nextAA	copies	numPeaks	ionMobility	retentionTime	startTime	endTime	precursorMZ	score	scoreType
AAAEEQIKQLASVILK	3	AAAEEQIKQLASVILK	-	-	3	20	0	17.370202093883	17.24702602155	17.493498533383	571.3366048877521	0.001714481655046291	19
AAEIYGVTHTR	2	AAEIYGVTHTR	-	-	3	20	0	6.9181498854	6.8262069494	7.0100406958	609.317294118412	0.00261068593090623	19
AAGFKDPLLASGTDGVGTK	3	AAGFKDPLLASGTDGVGTK	-	-	3	20	0	12.26684706545	12.2057954846	12.358412309883	602.319502455462	0.0016736023159037452	19
AATENIPVVR	2	AATENIPVVR	-	-	3	20	0	9.331683773267	9.20931321885	9.392872280367	535.3036554299119	0.001571578245547195	19
AAVENLPTFLVELSR	3	AAVENLPTFLVELSR	-	-	3	20	0	21.191276988883	21.12930951865	21.3772582134	553.6419168953754	0.0014173972387001943	19
AEVLWLMGAK	2	AEVLWLMGAK	-	-	3	20	0	16.950147563867	16.8579001154	17.011618907167	559.307352369692	0.0014173972387001943	19
AFPEHFTYEPNEADAAQGYR	3	AFPEHFTYEPNEADAAQGYR	-	-	3	20	0	12.2956593099	12.173539179067	12.417636776617	771.6784180389822	0.002333592621402378	19
AGEGTYALDSESC[+57.0215]MEK	2	AGEGTYALDSESCMEK	-	-	3	20	0	9.6579157259	9.535656850433	9.78027449365	874.361109567262	0.0014173972387001943	19
AGVNTVTTLVENKK	3	AGVNTVTTLVENKK	-	-	3	20	0	10.1080137741	9.985767516283	10.169176997083	491.9472289029987	0.0014173972387001943	19
AHDPLADVSNDLGHSGR	3	AHDPLADVSNDLGHSGR	-	-	3	20	0	10.68757470345	10.596015541033	10.809802107433	587.6152009574887	0.006999946360564287	19
AIEINPDSAQPYK	2	AIEINPDSAQPYK	-	-	3	20	0	10.7784544829	10.71743357005	10.900723650467	723.367180923872	0.0014173972387001943	19
AIPSFLNSFNR	2	AIPSFLNSFNR	-	-	3	20	0	16.555089936383	16.462949833933	16.616534600767	633.335486872772	0.0014173972387001943	19
AKPAEAPAAAAPK	2	AKPAEAPAAAAPK	-	-	3	20	0	4.462091674583	4.338959133217	4.52359944445	596.837862386407	0.0014173972387001943	19
ALDDISESIK	2	ALDDISESIK	-	-	3	20	0	11.24438365105	11.152855597133	11.305420787783	545.784961145797	0.0014173972387001943	19
ALDELFEAIEQK	3	ALDELFEAIEQK	-	-	3	20	0	19.12261070035	19.06082791305	19.2461415827	469.2451634349854	0.003034019753405203	19
ALLESMVDAAENLC[+57.0215]PNVMK	3	ALLESMVDAAENLCPNVMK	-	-	3	20	0	21.732228382067	21.670150977983	21.825543003517	702.3407042920221	0.0030390170577086466	19
ALQGLVWLKVC[+57.0215]DSC[+57.0215]HALLIQR	3	ALQGLVWLKVCDSCHALLIQR	-	-	3	20	0	16.800651183317	16.7082791898	16.9853975224	827.4470064526721	0.005310718754344502	19
ALQTVIEMKAAILQTEVDALR	3	ALQTVIEMKAAILQTEVDALR	-	-	3	20	0	21.58110748565	21.519117564733	21.7674368617	771.7663990107822	0.00698155258988749	19
ALWEDEGVR	2	ALWEDEGVR	-	-	3	20	0	10.920190693583	10.859126455433	10.98127673575	537.764363092977	0.0014173972387001943	19
AQAALAVNISAAR	2	AQAALAVNISAAR	-	-	3	20	0	11.444252912517	11.38326092825	11.50527292065	628.359493283562	0.0015379094683959603	19
AQAEAQQPTFDALRDELR	3	AQAEAQQPTFDALRDELR	-	-	3	20	0	13.817585654133	13.725756711567	13.8787473571	687.0116200647088	0.0014173972387001943	19
AQEEADYIEWLK	2	AQEEADYIEWLK	-	-	3	20	0	16.306918892083	16.245469712167	16.368414847317	747.859188715217	0.0025175045236409408	19
AQQEHQSLLEK	2	AQQEHQSLLEK	-	-	3	20	0	5.168636748617	5.107288799083	5.2606532853	655.838590662397	0.004450510325183955	19
AQTAHIVLEDGTK	2	AQTAHIVLEDGTK	-	-	3	20	0	7.5965883296	7.47418459635	7.7190026465	691.867348100457	0.0014173972387001943	19
AQVARPGGDTIFGK	3	AQVARPGGDTIFGK	-	-	3	20	0	9.067097961083	9.0059326017	9.189363055433	472.92464716744865	0.0014173972387001943	19
ASLLQNESTNEQLQIHYK	3	ASLLQNESTNEQLQIHYK	-	-	3	20	0	12.1086744053	12.078143353033	12.261294877117	706.0271586777922	0.002333592621402378	19
ATAGAYIASQTVK	2	ATAGAYIASQTVK	-	-	3	20	0	8.7876931567	8.726475892217	8.910093754367	640.845884379887	0.0014173972387001943	19
AVDEAADALLKEVAGAK	3	AVDEAADALLKEVAGAK	-	-	3	20	0	15.095436744083	14.942173486117	15.187244350217	557.6368315149354	0.0029580990150505477	19
AVDEDPENQTLR	2	AVDEDPENQTLR	-	-	3	20	0	7.50503898585	7.443805788167	7.596828468667	693.828419901517	0.00406683759172487	19
AVEVQGPSLESGDHGK	2	AVEVQGPSLESGDHGK	-	-	3	20	0	7.94074415745	7.848777494267	8.0019568227	805.394458300872	0.0014173972387001943	19
AVIEHNLLSASK	3	AVIEHNLLSASK	-	-	3	20	0	9.099994837683	9.008413945867	9.161042316917	427.9102265693453	0.0017809762657652747	19
AVLQEEQANLWFSK	2	AVLQEEQANLWFSK	-	-	3	20	0	15.706441056367	15.614476583	15.7678432301	831.927936981377	0.0017809762657652747	19
AVSSAIAQLLGEVAQGNENYAGIAAR	3	AVSSAIAQLLGEVAQGNENYAGIAAR	-	-	3	20	0	22.31129916365	22.2179317013	22.4359850685	858.4487859689287	0.0014173972387001943	19
AWYGLGQTYEILK	3	AWYGLGQTYEILK	-	-	3	20	0	17.608898855567	17.516522487633	17.639700971317	514.6048031106653	0.004726406394097756	19
AYPEVLAQGR	2	AYPEVLAQGR	-	-	3	20	0	9.9440032612	9.8830252615	10.096697958333	552.295830397842	0.003238321202988233	19
C[+57.0215]C[+57.0215]LTYC[+57.0215]FNKPEDK	3	CCLTYCFNKPEDK	-	-	3	20	0	9.565742318883	9.443480617567	9.688009531383	578.9143259736154	0.0014173972387001943	19
C[+57.0215]EAVVADVLDK	2	CEAVVADVLDK	-	-	3	20	0	12.65544744475	12.5638778498	12.747097391517	609.805370778877	0.002223090095232373	19
C[+57.0215]FNTLTNSFQPSLLGR	3	CFNTLTNSFQPSLLGR	-	-	3	20	0	17.221406355633	17.12912153985	17.313572913183	618.9770823575753	0.002632436633489608	19
C[+57.0215]ITDPQTGLC[+57.0215]LLPLK	3	CITDPQTGLCLLPLK	-	-	3	20	0	18.1383661335	18.107555872967	18.230797728483	576.9722809595154	0.007081189129417769	19
C[+57.0215]LDALAALR	2	CLDALAALR	-	-	3	20	0	14.2648870998	14.173200809183	14.356612123917	501.773676727777	0.006471453402861345	19
C[+57.0215]PLC[+57.0215]QESNFTR	2	CPLCQESNFTR	-	-	3	20	0	8.669130090683	8.607928236167	8.730330136233	706.3082861487619	0.003442663995993991	19
DAGYGGISLAVEGPSK	2	DAGYGGISLAVEGPSK	-	-	3	20	0	13.9871350442	13.92591406275	14.109337089333	760.883195126007	0.0014173972387001943	19
DATNVAAAFEEAVR	2	DATNVAAAFEEAVR	-	-	3	20	0	17.145093301767	17.083514236367	17.237244259233	732.359887206382	0.002962913642719222	19
DC[+57.0215]LNVLNKELLVPLTSSMYVPGK	3	DCLNVLNKELLVPLTSSMYVPGK	-	-	3	20	0	20.009702220933	19.886377434767	20.0714273088	864.1254871256255	0.0022506925207756235	19
DC[+57.0215]LTESNLIK	2	DCLTESNLIK	-	-	3	20	0	11.494645896083	11.342151401517	11.555681749917	596.7975457468069	0.0025175045236409408	19
DC[+57.0215]QIAHGAAQFLR	2	DCQIAHGAAQFLR	-	-	3	20	0	12.092099223767	12.000556985333	12.183676561783	743.864616990497	0.001714481655046291	19
DDEPVC[+57.0215]GRPLGIR	3	DDEPVCGRPLGIR	-	-	3	20	0	9.623157193417	9.59262112895	9.71485165485	495.2489135927787	0.0019183337900794738	19
DDTTLNALNTLHESGYDAGK	3	DDTTLNALNTLHESGYDAGK	-	-	3	20	0	13.98400434635	13.83108845535	14.106200428583	712.334428427442	0.0018313045351718194	19
DDVIVTASNFSSER	2	DDVIVTASNFSSER	-	-	3	20	0	12.76537859415	12.734833402233	12.856969302083	770.367909199862	0.0015379094683959603	19
DEGNEAVEAVLLESIHR	3	DEGNEAVEAVLLESIHR	-	-	3	20	0	17.63102751635	17.56943118855	17.754284442617	627.6497997448887	0.007381608358891719	19
DEPIHILNVAIK	2	DEPIHILNVAIK	-	-	3	20	0	15.582626353933	15.4905112527	15.705492181217	681.393001748892	0.004664938911514254	19
DFIHTASISFLTPLR	2	DFIHTASISFLTPLR	-	-	3	20	0	19.816622305483	19.723972550217	19.878318447033	859.467229318312	0.005735326935951797	19
DGDGTITTK	2	DGDGTITTK	-	-	3	20	0	3.960161442033	3.86772130265	4.176095293883	454.221996751242	0.0014173972387001943	19
DGIDDESYEAIFKPVMSK	3	DGIDDESYEAIFKPVMSK	-	-	3	20	0	17.172875962133	17.049856981267	17.265103884233	681.9908342493387	0.0014173972387001943	19
DHLVTAYNHLFETK	3	DHLVTAYNHLFETK	-	-	3	20	0	12.294991182333	12.172854869933	12.35601016035	563.2861331340987	0.0014173972387001943	19
DHSPDLYSLELAGLDEIGK	3	DHSPDLYSLELAGLDEIGK	-	-	3	20	0	19.228121268417	19.166445763	19.351570031867	691.3442648351521	0.0017809762657652747	19
DHVYLQLHHLPPEQLATR	3	DHVYLQLHHLPPEQLATR	-	-	3	20	0	11.560191874217	11.407524147817	11.651964598783	723.0517500367754	0.0022506925207756235	19
DILVATDVAGR	2	DILVATDVAGR	-	-	3	20	0	12.5698976359	12.508747823833	12.692048226567	565.314220113612	0.0014173972387001943	19
DLEALMFDR	2	DLEALMFDR	-	-	3	20	0	17.7191430975	17.59589202015	17.842311805667	555.268424170752	0.0014173972387001943	19
DLLFQALGR	2	DLLFQALGR	-	-	3	20	0	17.624533095217	17.501354655583	17.7477883872	516.795466259847	0.0014173972387001943	19
DMPLLSC[+57.0215]LESLR	2	DMPLLSCLESLR	-	-	3	20	0	21.494613407767	21.401573203233	21.711685795667	717.3599873684519	0.0014173972387001943	19
DMSPLSETEMALGK	2	DMSPLSETEMALGK	-	-	3	20	0	16.193582725683	16.132104846667	16.31656112725	754.8521921212069	0.0014173972387001943	19
DMVC[+57.0215]NMLGLNK	2	DMVCNMLGLNK	-	-	3	20	0	15.805210270033	15.774478517833	15.866639136733	647.801251228257	0.008725295239641249	19
DNFQDTLQVVTAHYR	3	DNFQDTLQVVTAHYR	-	-	3	20	0	15.683685442033	15.622214291983	15.745051946783	602.963830145242	0.0030556187627994668	19
DNTSVYHISGK	2	DNTSVYHISGK	-	-	3	20	0	6.672974556283	6.6116366268	6.73426431075	610.798934187467	0.001714481655046291	19
DPSASNGGGSPAR	2	DPSASNGGGSPAR	-	-	3	20	0	3.1341037024	3.0726488519	3.195543022917	586.7681653737669	0.0014173972387001943	19
DPSQPQQWVSSQVLLC[+57.0215]K	3	DPSQPQQWVSSQVLLCK	-	-	3	20	0	16.28051789895	16.21900748545	16.4034709425	667.335046762992	0.001571578245547195	19
DQLESVLEVLHR	2	DQLESVLEVLHR	-	-	3	20	0	17.934169399267	17.810802117467	18.057561652583	719.388447683032	0.0027672201106888044	19
DSDGDGRGDAC[+57.0215]K	2	DSDGDGRGDACK	-	-	3	20	0	2.335173031333	2.241620169733	2.42792041585	626.7465728031069	0.0029580990150505477	19
DSLSVNEFK	2	DSLSVNEFK	-	-	3	20	0	11.071675567917	10.949542957217	11.193693860167	519.758746397957	0.0014173972387001943	19
DTSFSGLSLEEYK	2	DTSFSGLSLEEYK	-	-	3	20	0	15.118592612217	15.087972617933	15.210425036	738.348653816342	0.0023457335246715974	19
DTSVEDALER	2	DTSVEDALER	-	-	3	20	0	10.341927700083	10.280881919017	10.4640580247	567.767299706017	0.001714481655046291	19
DTVVEGLRVSMEVAAAK	2	DTVVEGLRVSMEVAAAK	-	-	3	20	0	14.453369840783	14.39198636585	14.576074617583	887.972018672077	0.003416392414981978	19
DVEGSTSPQIGDK	2	DVEGSTSPQIGDK	-	-	3	20	0	7.105254135167	6.982788696517	7.22784090225	666.817520864647	0.0014173972387001943	19
DVQNFPAATDEK	2	DVQNFPAATDEK	-	-	3	20	0	8.808985507517	8.747896799183	8.870095549233	667.814781213017	0.0014173972387001943	19
DVYLSLLRMYLSPPSIHC[+57.0215]LGPIK	3	DVYLSLLRMYLSPPSIHCLGPIK	-	-	3	20	0	21.931724555483	21.869406529367	21.993887838833	891.481605240072	0.004202171121746236	19
EAC[+57.0215]PELDYFVVFSSVSC[+57.0215]GR	3	EACPELDYFVVFSSVSCGR	-	-	3	20	0	20.876513762667	20.845652802217	20.969198761517	741.3346066532121	0.001714481655046291	19
EAEVLLLQQR	2	EAEVLLLQQR	-	-	3	20	0	12.877163669533	12.78557525845	12.9382389911	599.843144728257	0.002962913642719222	19
EAFAIVSVPVSEIR	3	EAFAIVSVPVSEIR	-	-	3	20	0	17.568261573667	17.445114764017	17.691459600333	506.283841038902	0.0043206913106096975	19
EAHAQSIGMNR	3	EAHAQSIGMNR	-	-	3	20	0	4.82641158895	4.76497267825	4.94913355045	405.1962611949853	0.002689912826899128	19
EANFTVSSMHGDMPQK	3	EANFTVSSMHGDMPQK	-	-	3	20	0	9.903495686617	9.84243072015	10.025485413267	593.5993947659487	0.0014173972387001943	19
EAQNDLEQVLR	2	EAQNDLEQVLR	-	-	3	20	0	12.483778647733	12.392286428933	12.544849106167	657.836047972177	0.001714481655046291	19
EASFEYLQNEGER	2	EASFEYLQNEGER	-	-	3	20	0	11.322935137617	11.26191385415	11.44494402665	786.352259135722	0.0022506925207756235	19
EATTDFTVDSR	2	EATTDFTVDSR	-	-	3	20	0	8.72526790225	8.664066828017	8.84769501695	621.285856598372	0.0014173972387001943	19
EAYPDHTQFEK	3	EAYPDHTQFEK	-	-	3	20	0	6.677311027683	6.615969948967	6.799906804883	455.5420914030487	0.007322131459770602	19
EDEISLEDLIER	2	EDEISLEDLIER	-	-	3	20	0	18.305945405333	18.1826841325	18.429143936117	730.859385676627	0.0014173972387001943	19
EDEQQQALQDIASR	3	EDEQQQALQDIASR	-	-	3	20	0	11.324622766667	11.233094262283	11.416126493883	544.2604237601354	0.0066078298257524325	19
EDFLNIC[+57.0215]IEPDTISK	2	EDFLNICIEPDTISK	-	-	3	20	0	18.3251584394	18.17108895385	18.417562609583	897.434934672192	0.001571578245547195	19
EDIPSEK	2	EDIPSEK	-	-	3	16	0	4.877766521833	4.816380085583	4.969890101867	409.200533030672	0.0027504236143513173	19
EDISQGVHISVYR	3	EDISQGVHISVYR	-	-	3	20	0	11.336392526533	11.244829928233	11.4278601674	501.59144514172203	0.002333592621402378	19
EEDQATLVEQVK	2	EEDQATLVEQVK	-	-	3	20	0	9.9127280178	9.607307867983	9.9738320969	694.848820992927	0.0017413211811344522	19
EEFAVPENSSVQQFK	2	EEFAVPENSSVQQFK	-	-	3	20	0	12.710334860867	12.6186467951	12.80194029045	869.917766220497	0.0014173972387001943	19
EEGVFTVTPDTK	3	EEGVFTVTPDTK	-	-	3	20	0	11.19345642485	11.13240789825	11.284959606817	441.55399700384197	0.008284600389863547	19
EEIPEEELAEDVEEIDHAER	3	EEIPEEELAEDVEEIDHAER	-	-	3	20	0	17.4872163209	17.3641346391	17.610346433183	794.3590793560755	0.0014173972387001943	19
EELVITPLPSGDVAATFQFR	3	EELVITPLPSGDVAATFQFR	-	-	3	20	0	20.495992564217	20.372646323317	20.650367978283	730.719554574972	0.001714481655046291	19
EFLVAGGEDFK	3	EFLVAGGEDFK	-	-	3	20	0	13.540988118233	13.418686697567	13.63265842675	404.5362777466187	0.00903788881535407	19
EGNVPNIIIAGPPGTGK	3	EGNVPNIIIAGPPGTGK	-	-	3	20	0	14.2043680744	14.082216912067	14.326655523283	545.3017831982387	0.0034587863983224884	19
EHMDEVC[+57.0215]SSQLLTSVR	3	EHMDEVCSSQLLTSVR	-	-	3	20	0	12.13461099945	12.0735706087	12.195659386983	630.9609921836553	0.0033803690494650335	19
EHPDPGSKDPEEDYPK	3	EHPDPGSKDPEEDYPK	-	-	3	20	0	5.626292866033	5.534289571433	5.718226682767	613.9392387862587	0.005037565848182158	19
EIC[+57.0215]AVSRFC[+57.0215]SNLC[+57.0215]LPK	3	EICAVSRFCSNLCLPK	-	-	3	20	0	14.032716846417	14.002134596733	14.154917723317	651.9829627887186	0.0017809762657652747	19
EISNLNQLIEEFKK	3	EISNLNQLIEEFKK	-	-	3	20	0	17.720104006483	17.658462250433	17.843272891033	568.9770766631287	0.005340563634869773	19
EKSDDILEEGEK	2	EKSDDILEEGEK	-	-	3	20	0	7.2215401187	7.129694084167	7.3133043354	696.330461061982	0.00378526151350377	19
ELAQQIQK	2	ELAQQIQK	-	-	3	20	0	6.021148034917	5.898601541467	6.08249758625	479.271823987052	0.0014173972387001943	19
ELC[+57.0215]GPWPSHQLLTNQLQR	3	ELCGPWPSHQLLTNQLQR	-	-	3	20	0	14.587645404417	14.465241504333	14.710172738717	726.368861888582	0.0014173972387001943	19
ELDFVSHHVR	3	ELDFVSHHVR	-	-	3	20	0	8.258521318933	8.1668418657	8.350173622283	413.547399685602	0.002151476411711515	19
ELEEAMAGER	2	ELEEAMAGER	-	-	3	20	0	7.79454140975	7.70277045405	7.916939627783	567.758420586457	0.001714481655046291	19
ELLEPLFK	2	ELLEPLFK	-	-	3	20	0	16.288537673867	16.165637282833	16.349985006333	494.789318250247	0.002151476411711515	19
ELLEQQGIDIK	3	ELLEQQGIDIK	-	-	3	20	0	12.672149439367	12.549843113033	12.70266749125	429.2381203125187	0.0018456078083407277	19
ELSTTLNADEAVTR	2	ELSTTLNADEAVTR	-	-	3	20	0	10.9519004393	10.890787484317	11.07406318625	760.383559264002	0.001714481655046291	19
EMDDGLAEGGPQR	3	EMDDGLAEGGPQR	-	-	3	20	0	8.256431390783	8.164674224217	8.348196279667	458.86999084066866	0.005320753682016401	19
ENAGVDPTLAIPMIQK	2	ENAGVDPTLAIPMIQK	-	-	3	20	0	16.813990669333	16.721738473983	16.906239959217	848.950554951507	0.0018865287870318613	19
ENLELILTQSVENVGVR	3	ENLELILTQSVENVGVR	-	-	3	20	0	20.376026350683	20.314390835133	20.468676071667	638.3494616666487	0.0014173972387001943	19
EPEVLSTMAIIVNK	2	EPEVLSTMAIIVNK	-	-	3	20	0	18.19955350555	18.106992740883	18.353821714467	772.423641712502	0.0029270382180762457	19
EPGIAGLMK	2	EPGIAGLMK	-	-	3	20	0	12.12740859845	12.066317124717	12.219065411533	458.25204583062197	0.001714481655046291	19
EQDLMC[+57.0215]IKIIDFIYTAK	3	EQDLMCIKIIDFIYTAK	-	-	3	20	0	21.484075925933	21.328963725183	21.639116068467	701.0284549185421	0.004568901989683125	19
ERDFTSLENTVEER	2	ERDFTSLENTVEER	-	-	3	20	0	11.476915041867	11.38546273905	11.568636913033	862.907929812787	0.001714481655046291	19
ESEFDDEPK	2	ESEFDDEPK	-	-	3	20	0	6.423927932983	6.362642157117	6.546507008883	548.227476054502	0.0014173972387001943	19
ESENLASGDQPR	2	ESENLASGDQPR	-	-	3	20	0	5.479446316783	5.38728387155	5.602196524017	651.799662463457	0.0014173972387001943	19
ESLEALLQR	2	ESLEALLQR	-	-	3	20	0	14.615882640867	14.554644508917	14.738503896533	529.795663221257	0.0014173972387001943	19
ESNEEEQVWHFLGK	2	ESNEEEQVWHFLGK	-	-	3	20	0	15.585971107133	15.5245909701	15.708609815417	866.4022833329419	0.0014173972387001943	19
ESTTSEQSAR	2	ESTTSEQSAR	-	-	3	20	0	2.39337139225	2.237670480517	2.42436268695	548.249274128242	0.002602324406265791	19
ETADAITK	2	ETADAITK	-	-	3	20	0	4.57135125965	4.509887205783	4.632953614783	424.721632613247	0.0014173972387001943	19
ETLPNVR	2	ETLPNVR	-	-	3	16	0	7.579973194217	7.518760424033	7.64115884195	414.732334688707	0.0015588856481947098	19
ETSSLQELEAQK	2	ETSSLQELEAQK	-	-	3	20	0	9.707503492417	9.61577065055	9.768672273967	681.840995960857	0.002151476411711515	19
EVC[+57.0215]PSAIDPEDGEK	2	EVCPSAIDPEDGEK	-	-	3	20	0	9.22378266645	9.162649517317	9.31552764585	773.340502972772	0.002085195114685731	19
EVLPALENNKIIETLTQQLQAK	3	EVLPALENNKIIETLTQQLQAK	-	-	3	20	0	21.7088955904	21.677894208633	21.802212282967	831.8022776350089	0.0022506925207756235	19
EVSDFIQDSGQIK	2	EVSDFIQDSGQIK	-	-	3	20	0	12.54081738615	12.479753325817	12.662908638067	733.362095543432	0.002069633140835197	19
EYEPEMGKVDQSILTGESVSVIK	3	EYEPEMGKVDQSILTGESVSVIK	-	-	3	20	0	16.063857486033	16.002478125217	16.3404539732	846.7596383600788	0.0029380080305552833	19
EYNALVAQGVR	2	EYNALVAQGVR	-	-	3	20	0	10.06973599555	10.0085938964	10.1308853952	610.325119150482	0.00185444366689993	19
EYQDLLNVK	2	EYQDLLNVK	-	-	3	20	0	12.417003495283	12.294991182333	12.5390734704	561.295496044672	0.0014173972387001943	19
FAELVYTGFWHSPEC[+57.0215]EFVR	3	FAELVYTGFWHSPECEFVR	-	-	3	20	0	18.441852440483	18.349479790883	18.5034505704	792.036889328892	0.0024125779343995664	19
FFPASFPNR	2	FFPASFPNR	-	-	3	20	0	13.228331597783	13.0147097875	13.44212990225	541.774533853857	0.0014173972387001943	19
FGIQAQMVTTDFQK	2	FGIQAQMVTTDFQK	-	-	3	20	0	15.0001434513	14.938792442917	15.122691542083	807.403240621092	0.0014173972387001943	19
FGNQADHFLGSLAFAK	3	FGNQADHFLGSLAFAK	-	-	3	20	0	15.8753097904	15.813877598	15.998310768667	574.9581279398686	0.0014173972387001943	19
FLAAGTHLGGTNLDFQMEQYIYK	3	FLAAGTHLGGTNLDFQMEQYIYK	-	-	3	20	0	17.738410684067	17.615164472867	17.861576284083	873.0966963002088	0.0014173972387001943	19
FLELVQLK	2	FLELVQLK	-	-	3	20	0	16.27016327525	16.177928640033	16.39311670645	495.305135490972	0.0051784620524528095	19
FLENPDLSQTEEK	3	FLENPDLSQTEEK	-	-	3	20	0	10.815317144683	10.693273696167	10.906904285533	517.2508656403587	0.0036342711772010053	19
FLIC[+57.0215]TDVAAR	2	FLICTDVAAR	-	-	3	20	0	13.181489442217	13.12040797995	13.303676341233	583.305340994052	0.0014173972387001943	19
FLLDTNK	2	FLLDTNK	-	-	3	16	0	10.760661254833	10.669151594767	10.85239475175	425.737085715977	0.0014173972387001943	19
FLLNNDKYVALTSLLK	3	FLLNNDKYVALTSLLK	-	-	3	20	0	19.4714165904	19.316970829233	19.502295086017	618.0241383066053	0.007924216612461928	19
FLSAEEYQQKMFSSTDR	3	FLSAEEYQQKMFSSTDR	-	-	3	20	0	12.76056746145	12.546775396067	12.852154331633	689.6544450155487	0.005749763800782831	19
FNPETDYLTGTDGKK	3	FNPETDYLTGTDGKK	-	-	3	20	0	10.2669846134	10.2364617084	10.3585419253	562.6054199355987	0.001714481655046291	19
FSNTGEDWYVLVGVAK	2	FSNTGEDWYVLVGVAK	-	-	3	20	0	18.4481150843	18.38652928215	18.571361390667	892.946326697147	0.001571578245547195	19
FSTGTLSNTADAR	2	FSTGTLSNTADAR	-	-	3	20	0	9.034125869433	8.94238488195	9.0646882467	670.825680249887	0.002962913642719222	19
FTITPPTAQVVGVLK	3	FTITPPTAQVVGVLK	-	-	3	20	0	17.67147807025	17.548278981867	17.794695841117	524.3116196059487	0.001714481655046291	19
FTLRDEGK	2	FTLRDEGK	-	-	3	20	0	6.04544139485	5.984212104617	6.106721007717	483.256173922912	0.0022506925207756235	19
GAGSIAGASASPK	2	GAGSIAGASASPK	-	-	3	20	0	5.436062530317	5.374664360433	5.49737730895	537.282919985332	0.001714481655046291	19
GAVGATIGGVAWIGGK	3	GAVGATIGGVAWIGGK	-	-	3	20	0	15.5639960599	15.502648935	15.594696762233	471.9331426580654	0.0029940119760479044	19
GDEC[+57.0215]ILKTIADLELHYQEFIR	3	GDECILKTIADLELHYQEFIR	-	-	3	20	0	22.9593199273	22.928021181267	23.021937661367	855.100217861442	0.002484173411331036	19
GDSHLNVQVSNFK	2	GDSHLNVQVSNFK	-	-	3	20	0	9.709913223233	9.6487409421	9.83227283885	722.862597073187	0.0014173972387001943	19
GDTPGHATPGHGGATSSAR	3	GDTPGHATPGHGGATSSAR	-	-	3	20	0	2.84627819085	2.784622078117	2.969524878833	578.6031839056387	0.0014173972387001943	19
GEPLHIINSSNVTDEPLLK	3	GEPLHIINSSNVTDEPLLK	-	-	3	20	0	14.674520646517	14.6132097938	14.735824906867	692.7039045108321	0.003210070810385523	19
GFVLYPVK	2	GFVLYPVK	-	-	3	19	0	13.7462509612	13.6851050077	13.8685491169	461.773471224697	0.001714481655046291	19
GGAEVQIFAPDVPQMHVIDHTK	3	GGAEVQIFAPDVPQMHVIDHTK	-	-	3	20	0	15.021003216567	14.928993430017	15.08232903415	797.0704815523687	0.0016736023159037452	19
GGAVVDEGPTGVK	2	GGAVVDEGPTGVK	-	-	3	20	0	7.315363171167	7.254149101983	7.437786301833	593.309134733172	0.0014173972387001943	19
GGTLLSVTGEVEPR	2	GGTLLSVTGEVEPR	-	-	3	20	0	13.616832959883	13.525127372333	13.769663137217	707.880455474377	0.0014173972387001943	19
GILDALLQTAR	2	GILDALLQTAR	-	-	3	20	0	20.558199731567	20.496429864417	20.68169667375	585.845687418477	0.002223090095232373	19
GILTVDELLAIR	2	GILTVDELLAIR	-	-	3	20	0	20.624285673933	20.531641686633	20.716962384417	656.895377262527	0.0014173972387001943	19
GIVEFSGK	2	GIVEFSGK	-	-	3	18	0	9.35531782765	9.263515890217	9.447029920783	418.729260683907	0.0014173972387001943	19
GIYFADMVSK	2	GIYFADMVSK	-	-	3	20	0	14.495512391633	14.403377572317	14.587405200517	565.781167406677	0.0014173972387001943	19
GLGTDEDAIISVLAYR	2	GLGTDEDAIISVLAYR	-	-	3	20	0	19.956457136383	19.894702268733	20.079876096167	846.943784006927	0.0014173972387001943	19
GLGTDEDSLIEIIC[+57.0215]SR	3	GLGTDEDSLIEIICSR	-	-	3	20	0	19.434494340867	19.372833669033	19.5578632172	593.2927361467854	0.0014173972387001943	19
GNFVPQGWVLPPLPSNDIWATAVK	3	GNFVPQGWVLPPLPSNDIWATAVK	-	-	3	20	0	22.302629034633	22.146880518433	22.33378778625	869.4637077570787	0.0024125779343995664	19
GNIIGYSQVDK	2	GNIIGYSQVDK	-	-	3	20	0	9.824796845517	9.794200835167	9.885916700467	597.311677423392	0.0014173972387001943	19
GNNVLYISTQK	2	GNNVLYISTQK	-	-	3	20	0	10.25349493055	10.131368482733	10.3145255402	618.8327770059669	0.0014173972387001943	19
GPPGPESQSR	2	GPPGPESQSR	-	-	3	20	0	3.468249299867	3.406865578483	3.5603396024	506.24633751520196	0.001714481655046291	19
GPPHLQIRPPSQDLK	2	GPPHLQIRPPSQDLK	-	-	3	20	0	9.857929680883	9.766309721167	10.041169791	841.970470499697	0.0036141650974913443	19
GPTPEEAIQK	2	GPTPEEAIQK	-	-	3	20	0	6.729686863783	6.54578298515	6.852265959683	535.279845980532	0.002333592621402378	19
GQGLWVSLKMGFPEIILPGDVR	3	GQGLWVSLKMGFPEIILPGDVR	-	-	3	20	0	21.398099763417	21.088079845967	21.460171347583	804.775117403512	0.0035682698465948947	19
GSLAALYDLAVLK	2	GSLAALYDLAVLK	-	-	3	20	0	19.906246702867	19.782964355267	20.029503907567	667.389927744092	0.002708192281651997	19
GTEIGVLAK	2	GTEIGVLAK	-	-	3	20	0	9.41791015255	9.326130662783	9.479030798283	444.263467640402	0.0021217561612534683	19
GVQQDEALQLPK	2	GVQQDEALQLPK	-	-	3	20	0	11.12929984755	11.037742585933	11.1903445895	663.356616240172	0.0023222883035967147	19
HASSGSFLPSANEHLK	3	HASSGSFLPSANEHLK	-	-	3	20	0	8.438441901633	8.316256338383	8.560743280867	561.281270655772	0.0014173972387001943	19
HGAEVIDTPVFELKDQGGELLSLR	3	HGAEVIDTPVFELKDQGGELLSLR	-	-	3	20	0	17.513678564167	17.45210337055	17.575250927867	875.1290533632022	0.0029570071101069836	19
HGLVPFAFVR	2	HGLVPFAFVR	-	-	3	20	0	15.169707479633	15.108486900333	15.2922744316	571.8271007412969	0.002333592621402378	19
HLAC[+57.0215]LPR	2	HLACLPR	-	-	3	16	0	6.197447391567	6.13618643865	6.258771202867	433.736897296237	0.0022506925207756235	19
HLATSDMLAAASK	3	HLATSDMLAAASK	-	-	3	20	0	9.6621958298	9.570515186667	9.753971087533	439.22733842115207	0.0016501650165016502	19
HLLVSNVGGDGEEIER	2	HLLVSNVGGDGEEIER	-	-	3	20	0	10.298684726433	10.2071518296	10.390291728783	862.434114775802	0.0014173972387001943	19
HLSPYATLTVGDSSHK	2	HLSPYATLTVGDSSHK	-	-	3	20	0	9.141794226133	9.080752335333	9.202799944783	856.933750637807	0.006256613148088513	19
HMNSAGVLATLR	3	HMNSAGVLATLR	-	-	3	20	0	10.468146317433	10.407081068817	10.529153273883	423.89592311674534	0.0014173972387001943	19
HNEFDFISGTR	2	HNEFDFISGTR	-	-	3	20	0	12.17886082255	12.117813330333	12.300995017817	661.809833224337	0.0014173972387001943	19
HPSTNSLLR	2	HPSTNSLLR	-	-	3	20	0	5.987870676017	5.926693206783	6.11037752315	512.7803475102869	0.002223090095232373	19
HSC[+57.0215]VESLFLVRVLNSNPPPIIK	3	HSCVESLFLVRVLNSNPPPIIK	-	-	3	20	0	18.72201423295	18.660425864133	18.8452909639	840.464942917562	0.005703165121496338	19
HSELLQKNVESFASMLR	3	HSELLQKNVESFASMLR	-	-	3	20	0	15.66564647365	15.57368645835	15.757722766067	663.6789249234754	0.0025008646606539493	19
HSFFSTIDWNK	3	HSFFSTIDWNK	-	-	3	20	0	14.213512620233	14.030268953433	14.274637400283	461.222693150492	0.001714481655046291	19
HSQEELLQR	2	HSQEELLQR	-	-	3	20	0	5.989501019367	5.9283109989	6.050739230467	570.293819022202	0.002223090095232373	19
HSVDGESLSSELQQLGLPK	3	HSVDGESLSSELQQLGLPK	-	-	3	20	0	16.6803848462	16.588202694333	16.834132305783	675.3480092984986	0.0014173972387001943	19
HVGMAVAGLLADAR	2	HVGMAVAGLLADAR	-	-	3	20	0	14.043984526767	13.921577571817	14.1660848574	690.874453398207	0.0014173972387001943	19
HVLALTGC[+57.0215]GPGR	3	HVLALTGCGPGR	-	-	3	20	0	8.704700877517	8.58244244615	8.826962567683	413.2205182007987	0.0043872739210887605	19
HVVAVVLGDVGR	3	HVVAVVLGDVGR	-	-	3	20	0	11.724607262717	11.663529684283	11.75508847295	407.57517825264864	0.0017125602776150344	19
HWQEITFNLPVK	2	HWQEITFNLPVK	-	-	3	20	0	15.644036188133	15.613340752017	15.736133454383	756.403900785762	0.005261674339941746	19
IADQLEELNK	2	IADQLEELNK	-	-	3	20	0	10.4347277025	10.343129837067	10.49578170275	586.811510246807	0.0014173972387001943	19
IAMENDDGRTEEEK	2	IAMENDDGRTEEEK	-	-	3	20	0	5.238175774733	5.1154096829	5.299567995083	818.859591179707	0.0014173972387001943	19
IAQLEEQLDNETK	2	IAQLEEQLDNETK	-	-	3	20	0	10.99499119665	10.87284269055	11.117085688417	765.885934777637	0.0014173972387001943	19
IASQELGPAVDK	3	IASQELGPAVDK	-	-	3	20	0	8.7961805425	8.704461550183	8.857278927383	409.8908320418587	0.002151476411711515	19
IAVSNLHK	2	IAVSNLHK	-	-	3	18	0	5.70787963245	5.646582011717	5.799819554817	441.263801993572	0.001571578245547195	19
IDASQTEFEKNVWSFLK	3	IDASQTEFEKNVWSFLK	-	-	3	20	0	17.726853886417	17.6652107951	17.788431707	681.3458286543587	0.002151476411711515	19
IDMC[+57.0215]PANILQETLKK	3	IDMCPANILQETLKK	-	-	3	20	0	16.130961831733	16.06943798535	16.192437642233	591.9794355330387	0.008139065388783815	19
IDMNLTDLLGELQR	2	IDMNLTDLLGELQR	-	-	3	20	0	22.651760592133	22.558151561183	22.745433432883	815.9270798552969	0.0014173972387001943	19
IDMNLTDLLGELQR	3	IDMNLTDLLGELQR	-	-	3	20	0	22.673657829417	22.548784940267	22.79859745315	544.2871453924687	0.00293993132320429	19
IDTEILPSLFMR	2	IDTEILPSLFMR	-	-	3	20	0	21.246443065783	21.153559556983	21.401573203233	717.8866951043769	0.0027974443101364188	19
IEEQSQSEK	2	IEEQSQSEK	-	-	3	20	0	2.517659270633	2.455842538167	2.579443120183	539.256567845732	0.001714481655046291	19
IEGEGSVLQAK	2	IEGEGSVLQAK	-	-	3	20	0	8.232364750267	8.17117392305	8.29351792565	565.8062279049569	0.001571578245547195	19
IEYVTVTPEGFR	2	IEYVTVTPEGFR	-	-	3	20	0	14.289319827417	14.22819260915	14.41180084605	705.866816785877	0.002962913642719222	19
IGIPEFK	2	IGIPEFK	-	-	3	14	0	12.9452018221	12.792558880767	13.036787839517	402.236721577982	0.0014173972387001943	19
IGLDFC[+57.0215]K	2	IGLDFCK	-	-	3	16	0	11.981552180933	11.82896738535	12.07309492955	426.717838874127	0.005259389800638837	19
IIDDSEITK	2	IIDDSEITK	-	-	3	20	0	8.382404899033	8.260039566633	8.504810575217	517.274229285512	0.0014173972387001943	19
IIVEGGGAVAALQAMK	3	IIVEGGGAVAALQAMK	-	-	3	20	0	15.64105502905	15.549015451467	15.763747926067	509.95695955409866	0.0038333811651838795	19
ILDNVSLPLVLELPVKLK	3	ILDNVSLPLVLELPVKLK	-	-	3	20	0	21.584405905867	21.429493971383	21.739583780733	668.4220097819754	0.0026195617543983856	19
ILETTTFFQR	2	ILETTTFFQR	-	-	3	20	0	14.345688790617	14.223370821267	14.437687276367	628.337695209822	0.0014173972387001943	19
ILHVDNHIGISIAGLTADAR	3	ILHVDNHIGISIAGLTADAR	-	-	3	20	0	15.226090304783	15.0423982094	15.31802559035	696.0516385857187	0.002602324406265791	19
ILQEYITQEGHK	2	ILQEYITQEGHK	-	-	3	20	0	9.328785693583	9.267604279917	9.389977007417	729.882998164597	0.001714481655046291	19
IMQQETSVPTLK	3	IMQQETSVPTLK	-	-	3	20	0	10.537085268917	10.4455493144	10.659164909033	458.9147603889487	0.0025175045236409408	19
IMSTPGGEEAIER	2	IMSTPGGEEAIER	-	-	3	20	0	9.096685018433	9.06613323735	9.2495446703	695.337566359732	0.002821165623064749	19
IPPC[+57.0215]ISNWK	2	IPPCISNWK	-	-	3	20	0	11.6755839486	11.49224562405	11.736632415217	557.789326791917	0.003955963077677942	19
IPVPQQVAR	2	IPVPQQVAR	-	-	3	20	0	8.921387603917	8.82964302725	8.98242587815	504.30345846850196	0.0017413211811344522	19
IQELENLPGSLAGDLR	2	IQELENLPGSLAGDLR	-	-	3	20	0	17.1106879855	16.9875688405	17.233862986133	862.962508075867	0.0020173492031470646	19
IQQLQEILQDLQKR	2	IQQLQEILQDLQKR	-	-	3	20	0	17.67702064045	17.615405785633	17.861817621217	877.0019675893869	0.0022506925207756235	19
IQRPPEDSIQPYEK	2	IQRPPEDSIQPYEK	-	-	3	20	0	8.422982375483	8.30072835955	8.484061075267	850.436126151442	0.0023457335246715974	19
ISALALLK	2	ISALALLK	-	-	3	19	0	14.915208166717	14.854040198133	15.03793453075	414.781296256767	0.0014173972387001943	19
ITC[+57.0215]LC[+57.0215]QVPQNAANR	2	ITCLCQVPQNAANR	-	-	3	20	0	9.28784736755	9.226697192167	9.41023311935	822.900873649127	0.0014173972387001943	19
ITQNNAMK	2	ITQNNAMK	-	-	3	20	0	3.341174406117	3.249234965017	3.371851445767	460.236927081062	0.0025096423099276164	19
IVLELFADIVPK	2	IVLELFADIVPK	-	-	3	20	0	22.372396376867	22.278881548983	22.434809090017	678.910496012087	0.0029447909662160595	19
IYIGDDNPLTLIVK	2	IYIGDDNPLTLIVK	-	-	3	20	0	20.4158051058	20.3232869763	20.570229330383	787.445431244572	0.001571578245547195	19
IYQIYEGTSQIQR	2	IYQIYEGTSQIQR	-	-	3	20	0	11.454605639867	11.332607719167	11.546150036383	799.912286917237	0.0014173972387001943	19
KADC[+57.0215]TITMADSDFLALMTGK	3	KADCTITMADSDFLALMTGK	-	-	3	20	0	19.826011068017	19.733364062583	19.918590911067	730.3477474144887	0.0014173972387001943	19
KADIDLTK	2	KADIDLTK	-	-	3	19	0	5.70836313605	5.616434501067	5.8003013166	452.260924950182	0.0014173972387001943	19
KEALLQISIPFLLK	3	KEALLQISIPFLLK	-	-	3	20	0	19.6827923388	19.621054850667	19.775276117567	538.3393981729954	0.009158484917675114	19
KEDGSEVGVGGAQVTGSNTR	3	KEDGSEVGVGGAQVTGSNTR	-	-	3	20	0	6.700472466633	6.639183683567	6.731078651567	649.9837300466053	0.0022506925207756235	19
KIEEVETWLK	2	KIEEVETWLK	-	-	3	20	0	11.994292716683	11.902723427917	12.024811270517	637.853178097377	0.0031323414252153485	19
KPQDQLVIER	2	KPQDQLVIER	-	-	3	20	0	7.530805679283	7.43899179635	7.653202166667	613.348594246692	0.0014173972387001943	19
KPYPDDENLVEVK	3	KPYPDDENLVEVK	-	-	3	20	0	9.713041991983	9.621308934467	9.804823803217	515.9313559367454	0.0014173972387001943	19
LALNQISQISMK	3	LALNQISQISMK	-	-	3	20	0	14.839031062917	14.74714280905	14.900243223567	449.2551169881987	0.007073160339170821	19
LANIDEEMLQK	2	LANIDEEMLQK	-	-	3	20	0	12.0255296708	11.9645020246	12.086557015233	652.331752703302	0.0014173972387001943	19
LASTEQTELLASK	2	LASTEQTELLASK	-	-	3	20	0	10.410688755233	10.3190993696	10.56327185165	695.874838779357	0.0024726529954040904	19
LC[+57.0215]GDTSLNNMQR	2	LCGDTSLNNMQR	-	-	3	20	0	8.2713545948	8.149028492117	8.332540023367	704.819018009047	0.0014173972387001943	19
LDQILLNGNNITMLVPGGEGPEV	3	LDQILLNGNNITMLVPGGEGPEV	-	-	3	20	0	22.494732123133	22.4323308217	22.58836900115	798.4175469209154	0.0014173972387001943	19
LEELTNR	2	LEELTNR	-	-	3	16	0	6.29482657465	6.233502426117	6.35613951395	437.735074340337	0.001961513747505834	19
LEGFHTQISK	2	LEGFHTQISK	-	-	3	20	0	8.0800702414	8.018821377833	8.233087420167	580.308937771762	0.001714481655046291	19
LEGHELPADLPPHLVPPSK	3	LEGHELPADLPPHLVPPSK	-	-	3	20	0	12.446106643717	12.324098003033	12.568205296967	682.7054683300388	0.002602324406265791	19
LEGIITR	2	LEGIITR	-	-	3	16	0	8.9568080438	8.86505472485	9.017984689533	401.245077924632	0.0024125779343995664	19
LENTEDIEEVEQHIQTIK	3	LENTEDIEEVEQHIQTIK	-	-	3	20	0	15.35331652405	15.261392540983	15.414601760383	723.3620955434321	0.0016736023159037452	19
LENWITSLAESQLQTR	3	LENWITSLAESQLQTR	-	-	3	20	0	19.542212381883	19.4188426076	19.603907638067	630.3302900412754	0.0014173972387001943	19
LEQEIATYR	2	LEQEIATYR	-	-	3	20	0	8.507460733533	8.446204174517	8.629838553483	561.793120531037	0.0014173972387001943	19
LESEGSPETLTNLRK	2	LESEGSPETLTNLRK	-	-	3	20	0	9.321661097267	9.2605446479	9.382767966483	837.438865803072	0.002197802197802198	19
LFEGNALLR	2	LFEGNALLR	-	-	3	20	0	13.5138114735	13.422074603	13.605532441467	516.795466259847	0.0014173972387001943	19
LFELLEK	2	LFELLEK	-	-	3	16	0	15.162252230333	15.07041682605	15.25418675935	446.262936325822	0.0014173972387001943	19
LFLLEEITSEELK	3	LFLLEEITSEELK	-	-	3	20	0	21.613846337533	21.55174359545	21.707122831667	521.9553900404454	0.0022506925207756235	19
LFPSASATEAIQR	2	LFPSASATEAIQR	-	-	3	20	0	11.875575674733	11.7840730594	11.906093792667	695.869890790677	0.0018456078083407277	19
LFVLLPEQSPVSYSK	2	LFVLLPEQSPVSYSK	-	-	3	20	0	17.880680072917	17.788185381483	18.004056582467	853.971813168997	0.001714481655046291	19
LGQHVVGMAPLSVGSLDDEPGGEAETK	3	LGQHVVGMAPLSVGSLDDEPGGEAETK	-	-	3	20	0	14.454090606583	14.3620607629	14.546202551233	898.4410798345688	0.0014173972387001943	19
LIDEVIEDTR	2	LIDEVIEDTR	-	-	3	20	0	12.541476185783	12.48040585835	12.663653145433	601.816792588657	0.001714481655046291	19
LIDFLESGK	2	LIDFLESGK	-	-	3	20	0	14.82915972685	14.706648465417	14.890385684033	511.281857356172	0.0014173972387001943	19
LIIVEGC[+57.0215]QR	2	LIIVEGCQR	-	-	3	20	0	9.821423087533	9.729640502383	9.882546500333	544.300058652202	0.0014173972387001943	19
LISLLNEK	2	LISLLNEK	-	-	3	20	0	12.838690766783	12.7776448481	12.960859596633	465.286942736612	0.0014173972387001943	19
LLAELPASVHALTGVDLSK	3	LLAELPASVHALTGVDLSK	-	-	3	20	0	17.724682646483	17.601431972683	17.847848932383	645.370085660172	0.0014173972387001943	19
LLANMVYQYK	3	LLANMVYQYK	-	-	3	20	0	13.245019087817	13.18389416365	13.3671912373	414.889886558202	0.0022506925207756235	19
LLDWLVDRWQSLVLTIR	3	LLDWLVDRWQSLVLTIR	-	-	3	20	0	22.94856189345	22.94856189345	23.230436775417	709.4088747151454	0.002602324406265791	19
LLGPGPAADFSVSVER	3	LLGPGPAADFSVSVER	-	-	3	20	0	15.4503294749	15.3890200063	15.511696566883	538.954383476522	0.004061990634136245	19
LLGSLYALGIPK	3	LLGSLYALGIPK	-	-	3	20	0	17.806497622883	17.714082890833	17.929686185283	415.59194633176867	0.001714481655046291	19
LLLEQAANEIWESIK	2	LLLEQAANEIWESIK	-	-	3	20	0	21.837473694717	21.681916901617	21.931004782317	878.977626825427	0.0023457335246715974	19
LLQESYK	2	LLQESYK	-	-	3	16	0	6.969300120317	6.846724883433	7.030529805133	440.742368057827	0.0014173972387001943	19
LLSPSILKPFPLWTGK	2	LLSPSILKPFPLWTGK	-	-	3	20	0	20.1051497652	19.9201816253	20.166825556183	899.0372904689469	0.0017809762657652747	19
LLVVTDPR	2	LLVVTDPR	-	-	3	17	0	10.48809182355	10.427033591917	10.610056832533	456.77928488112696	0.0014173972387001943	19
LMAFTLQDLVC[+57.0215]LK	2	LMAFTLQDLVCLK	-	-	3	20	0	23.008782147283	22.97746098475	23.32196140865	776.4173052831619	0.009654381071082359	19
LNQDVLLVNESK	2	LNQDVLLVNESK	-	-	3	20	0	11.89689725495	11.8663753109	12.049516059533	686.3775486461619	0.002602324406265791	19
LNQIMVGTGNGLAK	2	LNQIMVGTGNGLAK	-	-	3	20	0	11.4795613103	11.418566076033	11.54061291675	708.387393595542	0.001714481655046291	19
LPEAGSLWLLK	3	LPEAGSLWLLK	-	-	3	20	0	18.172425831267	18.0491698884	18.264889983283	409.5762962676287	0.003805357463894049	19
LPEEPITR	2	LPEEPITR	-	-	3	20	0	8.318816841233	8.25763761605	8.441147401233	477.76637446861696	0.002597590013709503	19
LPGEAPVIQR	2	LPGEAPVIQR	-	-	3	20	0	9.515379721833	9.42369488215	9.576530530033	540.314023152202	0.0027046963363658717	19
LPLATIVKDLVAQAPLK	2	LPLATIVKDLVAQAPLK	-	-	3	20	0	22.794684522733	22.638565147433	23.013701849967	895.561129703152	0.005028844694094429	19
LPLWQQAC[+57.0215]ADPSK	2	LPLWQQACADPSK	-	-	3	20	0	13.100488980383	13.039469783933	13.161523497833	757.3770258732519	0.005439536409359283	19
LPNVPSSSLPAQPNR	2	LPNVPSSSLPAQPNR	-	-	3	20	0	11.17953147255	11.057522495567	11.2710767439	788.9257286443269	0.005490603146853147	19
LPPVLANLMGSMGAGK	3	LPPVLANLMGSMGAGK	-	-	3	20	0	21.1571676281	21.002298871867	21.250046226417	519.2826783475787	0.001714481655046291	19
LPQTSDDEK	2	LPQTSDDEK	-	-	3	20	0	4.210808833033	4.087421108283	4.3341394445	516.745835985447	0.001571578245547195	19
LPVDLAEELGHR	3	LPVDLAEELGHR	-	-	3	20	0	13.767733216467	13.706565599367	13.8900342239	450.2454977881553	0.0014173972387001943	19
LQESPC[+57.0215]IFALTPR	2	LQESPCIFALTPR	-	-	3	20	0	15.948366179383	15.8254278674	16.04060053465	766.400500969462	0.0030912917653249145	19
LQQTQNQVDEVVDIMR	3	LQQTQNQVDEVVDIMR	-	-	3	20	0	15.694874316283	15.633591436433	15.8177212919	639.3229182600853	0.0014173972387001943	19
LQQTQSLHSLR	2	LQQTQSLHSLR	-	-	3	20	0	6.6264267909	6.56517410405	6.748953086733	655.862400111777	0.009329123267448535	19
LQVLSLSHC[+57.0215]ELITDDGIR	3	LQVLSLSHCELITDDGIR	-	-	3	20	0	16.343432074217	16.251214207567	16.43557997015	690.3613729618887	0.002085195114685731	19
LQWFEQQAK	2	LQWFEQQAK	-	-	3	20	0	12.0742512405	12.013214132533	12.165898016683	589.303655429912	0.0017809762657652747	19
LSDQFHDILIR	3	LSDQFHDILIR	-	-	3	20	0	13.3094455637	13.24838489515	13.370565508617	452.91385958163534	0.0014173972387001943	19
LSGLEQPQGALQTR	2	LSGLEQPQGALQTR	-	-	3	20	0	10.59711191545	10.536138294833	10.719118012417	749.404629061752	0.0014173972387001943	19
LSLDGQNIYNAC[+57.0215]C[+57.0215]TLR	3	LSLDGQNIYNACCTLR	-	-	3	20	0	14.242278472967	14.15057166095	14.39518326055	633.3013487829054	0.0014173972387001943	19
LSTGC[+57.0215]TGTLVAEK	2	LSTGCTGTLVAEK	-	-	3	20	0	8.850587830967	8.697561380017	8.911779656083	668.8424845635869	0.0014173972387001943	19
LTDC[+57.0215]VVMRDPASK	3	LTDCVVMRDPASK	-	-	3	20	0	8.671551593633	8.610346916683	8.7939600721	497.9146546323387	0.0014173972387001943	19
LTIIPQDPILFSGSLR	2	LTIIPQDPILFSGSLR	-	-	3	20	0	20.452716946783	20.39096447775	20.5762563644	885.511636820512	0.0014173972387001943	19
LVAAGSYQR	2	LVAAGSYQR	-	-	3	20	0	6.077859367383	5.9859503973	6.139070186167	482.764166131567	0.0016501650165016502	19
LVAIVDPHIK	2	LVAIVDPHIK	-	-	3	20	0	11.2568549	11.22635532585	11.348455175133	552.842416452267	0.001714481655046291	19
LVEVIPEGAMLR	3	LVEVIPEGAMLR	-	-	3	20	0	15.735436535033	15.612591627067	15.889052929833	442.9198457693887	0.004568901989683125	19
LVHSAVDVPTIQEK	2	LVHSAVDVPTIQEK	-	-	3	20	0	10.036567749867	9.91438248535	10.097687698933	768.425030153162	0.00185444366689993	19
LVTPHGESEQIGVIPSK	2	LVTPHGESEQIGVIPSK	-	-	3	20	0	10.361693846167	10.270146307533	10.392235300333	895.985983172077	0.0022972857993703733	19
LWNLLMPTKGLLLDC[+57.0215]NVALTLK	3	LWNLLMPTKGLLLDCNVALTLK	-	-	3	20	0	22.333752359117	22.209131296633	22.396152231967	842.811062802452	0.0017413211811344522	19
LWSPDEEVSPEVLAK	3	LWSPDEEVSPEVLAK	-	-	3	20	0	15.615680155383	15.462313958433	15.676962831433	566.957682135642	0.009615956539841783	19
MELLAHLLGEK	2	MELLAHLLGEK	-	-	3	20	0	16.837620349833	16.7760430877	16.960769772517	627.349748496252	0.005858709721370666	19
MFTSMDPPPVELIR	2	MFTSMDPPPVELIR	-	-	3	20	0	17.571876107417	17.510300556733	17.695073974383	816.909844389087	0.0017413211811344522	19
MLEQLDMR	2	MLEQLDMR	-	-	3	20	0	11.6209054967	11.498784217583	11.742980106033	518.251720019122	0.0014173972387001943	19
MQEQQADLQRER	2	MQEQQADLQRER	-	-	3	20	0	4.994997062517	4.964301350817	5.1178467238	766.367720780122	0.003790865530417905	19
MSDGLFLQK	2	MSDGLFLQK	-	-	3	20	0	12.28373226225	12.222677564617	12.405707545167	519.7680600327569	0.0016501650165016502	19
MSPLSIVTALVDK	3	MSPLSIVTALVDK	-	-	3	20	0	22.8864719369	22.761400649683	23.011621940283	458.59513923427863	0.001714481655046291	19
MSSPETDEEIEK	3	MSSPETDEEIEK	-	-	3	20	0	7.75792589315	7.696763698367	7.849743364583	465.53790682992206	0.007009407362512847	19
MVNHFIAEFK	3	MVNHFIAEFK	-	-	3	20	0	11.748972931733	11.626908013417	11.8709966682	412.546231299832	0.0014173972387001943	19
NEDLTELLNGMDEELDSPEELGK	3	NEDLTELLNGMDEELDSPEELGK	-	-	3	20	0	21.503309429233	21.441317491167	21.658361410233	864.0619341803454	0.002151476411711515	19
NELFDAAK	2	NELFDAAK	-	-	3	20	0	9.357479676617	9.1433772301	9.4491978067	454.229624821902	0.0014173972387001943	19
NESSPAPPDSDADK	3	NESSPAPPDSDADK	-	-	3	20	0	5.049579984983	5.018898131367	5.141585586017	477.207437009172	0.009044060809069828	19
NEVSFVIHNLPIIAK	3	NEVSFVIHNLPIIAK	-	-	3	20	0	18.0278479313	17.873821879033	18.1511009029	565.326040204052	0.0014173972387001943	19
NFRPDDPTR	2	NFRPDDPTR	-	-	3	20	0	5.535270818683	5.412456629167	5.658000732233	559.272886616212	0.0024125779343995664	19
NFVDSPIIVDITK	2	NFVDSPIIVDITK	-	-	3	20	0	18.089147264283	18.027420315883	18.212563002617	730.903399256007	0.001714481655046291	19
NFYVEHPEVAR	3	NFYVEHPEVAR	-	-	3	20	0	9.02111517815	8.929381883083	9.11280058405	454.226326162782	0.0014173972387001943	19
NIEIDSPYEISR	3	NIEIDSPYEISR	-	-	3	20	0	13.159117273517	13.067571467267	13.250790326033	479.2403009566587	0.006906758756783424	19
NILSVVGTDALK	3	NILSVVGTDALK	-	-	3	20	0	16.062178659967	15.939215609317	16.123674630167	410.5748438994787	0.00353710766870512	19
NKPNMSDPEESR	2	NKPNMSDPEESR	-	-	3	20	0	4.468385926383	4.376017353117	4.56065833125	702.314622578102	0.0037114287467026564	19
NLQEILHGAVR	2	NLQEILHGAVR	-	-	3	20	0	12.579638399483	12.518521469883	12.701945054833	625.354210941712	0.009147592091229798	19
NPLPPSVGVVDKK	3	NPLPPSVGVVDKK	-	-	3	20	0	9.101434110267	8.979302579283	9.1624801726	450.5977599881987	0.0027341772151898733	19
NPPVNAISTTLLR	2	NPPVNAISTTLLR	-	-	3	20	0	14.656688872267	14.59534127825	14.717949850617	698.4013580955419	0.005599195455410291	19
NPVLQQVLEGR	2	NPVLQQVLEGR	-	-	3	20	0	14.284510147833	14.16223928125	14.406985926867	626.854043765127	0.001571578245547195	19
NSEPEEVIPSR	2	NSEPEEVIPSR	-	-	3	20	0	8.603355298233	8.480929492117	8.725751574817	628.809498871167	0.0014173972387001943	19
NSSNTSVGSPSNTIGR	2	NSSNTSVGSPSNTIGR	-	-	3	20	0	6.653172063367	6.591840859567	6.714488528733	789.379339551312	0.0014173972387001943	19
NTLFNLSNFLDK	3	NTLFNLSNFLDK	-	-	3	20	0	20.164564757733	20.041054000033	20.28810938085	475.917269691812	0.004710348706411699	19
NTPASASLEGLAQTAGR	3	NTPASASLEGLAQTAGR	-	-	3	20	0	12.695724740333	12.634608094833	12.756765576833	548.6164304235253	0.008960755444991622	19
NVTLNPDPNEIK	3	NVTLNPDPNEIK	-	-	3	20	0	10.763875604083	10.611389476033	10.824935362217	451.90514118890536	0.006627620221948212	19
NYLPLLEPVKPEPK	3	NYLPLLEPVKPEPK	-	-	3	20	0	14.32865649785	14.145281211317	14.4205796168	546.315141167182	0.0014173972387001943	19
PAGLLFQQPDLDSALQIAR	3	PAGLLFQQPDLDSALQIAR	-	-	3	20	0	20.19379202535	20.131991498083	20.286427491233	685.0407395488487	0.0014173972387001943	19
PENLLFTDENDNLEIK	3	PENLLFTDENDNLEIK	-	-	3	20	0	16.727498888583	16.635174101917	16.81987327565	635.3143056239653	0.006042785076478999	19
PESEELTAER	2	PESEELTAER	-	-	3	20	0	6.63509199655	6.604437491717	6.665724377	580.775124738087	0.005888206999502405	19
PFLNSISK	2	PFLNSISK	-	-	3	20	0	10.323198468017	10.201084825	10.445308009017	453.258185298552	0.0022506925207756235	19
PFSVDFFR	2	PFSVDFFR	-	-	3	20	0	17.039261915467	17.00849183025	17.13160915555	507.755809784917	0.0023457335246715974	19
PGFSIADK	2	PGFSIADK	-	-	3	18	0	9.049510422933	8.988359210267	9.171784018017	417.721435651837	0.0014173972387001943	19
PGPELGGEFPVQDLK	2	PGPELGGEFPVQDLK	-	-	3	20	0	15.326750344467	15.265491213	15.357413369133	791.9092129124369	0.002151476411711515	19
PGVAC[+57.0215]SVSQAQK	3	PGVACSVSQAQK	-	-	3	20	0	5.687560796567	5.626292866033	5.810162581517	411.20816679577865	0.00993217054263566	19
PGVAVAC[+57.0215]C[+57.0215]WLLTVVLR	3	PGVAVACCWLLTVVLR	-	-	3	20	0	22.94411467855	22.819026570067	23.00671326595	605.332032086252	0.002333592621402378	19
PHSVSLNDTETR	2	PHSVSLNDTETR	-	-	3	20	0	5.726584080817	5.665224130017	5.849287238817	678.331129768322	0.0014173972387001943	19
PNMVTPGHAC[+57.0215]TQK	3	PNMVTPGHACTQK	-	-	3	20	0	5.0844545861	4.992317473783	5.176642453917	480.895594458022	0.0014173972387001943	19
PPNLLLVAGGTVLK	2	PPNLLLVAGGTVLK	-	-	3	20	0	18.004749745433	17.973950544717	18.15880321965	696.4346695994619	0.00261068593090623	19
PSTPGLSVVSGISATSEDIPNK	3	PSTPGLSVVSGISATSEDIPNK	-	-	3	20	0	15.85324627105	15.791807935117	16.037711479667	719.3742240463388	0.002236736154603203	19
PVHLTAFLGYK	2	PVHLTAFLGYK	-	-	3	20	0	13.984698132017	13.862390943967	14.106813231967	623.353148312552	0.002223090095232373	19
PVIC[+57.0215]SLAAIIK	2	PVICSLAAIIK	-	-	3	20	0	17.096871360833	17.066094771217	17.15843856425	592.857209390327	0.0033121101035436364	19
PVTVEPMDQLDDEEGLPEK	3	PVTVEPMDQLDDEEGLPEK	-	-	3	20	0	14.442989592017	14.32039182835	14.535118781867	714.3366701518488	0.0015588856481947098	19
QAGLLAVMAQMGC[+57.0215]YVPAEVC[+57.0215]R	3	QAGLLAVMAQMGCYVPAEVCR	-	-	3	20	0	21.963921655017	21.901759751033	22.057141999	775.3721215658053	0.0014173972387001943	19
QC[+57.0215]IHQLC[+57.0215]FTSLR	3	QCIHQLCFTSLR	-	-	3	20	0	11.823069002867	11.731586589583	11.975610437517	521.5903939014553	0.0014173972387001943	19
QEELTPLGVHLAR	3	QEELTPLGVHLAR	-	-	3	20	0	12.5345041298	12.381954201883	12.656680004733	488.27193543810864	0.0014173972387001943	19
QFESLPATHIR	2	QFESLPATHIR	-	-	3	20	0	9.858505543417	9.797338361817	9.950005118217	649.846218733057	0.001961513747505834	19
QHLEETTQK	2	QHLEETTQK	-	-	3	20	0	2.610287504133	2.48689945405	2.671982202267	557.280377295112	0.0025175045236409408	19
QHLENDPGSNEDTDIPK	3	QHLENDPGSNEDTDIPK	-	-	3	20	0	7.19552483495	7.134213411333	7.31801295835	636.9571809455954	0.0014173972387001943	19
QILIAC[+57.0215]SPVSSVR	2	QILIACSPVSSVR	-	-	3	20	0	13.119711759533	13.028165233433	13.18078035005	715.3952186276119	0.0017413211811344522	19
QLEMILNKPGLK	2	QLEMILNKPGLK	-	-	3	20	0	12.0142491281	11.892152572367	12.136317060933	692.405055035322	0.0014173972387001943	19
QLQLYEIHGAQK	2	QLQLYEIHGAQK	-	-	3	20	0	9.761205717333	9.700110203733	9.852887249383	714.385708031402	0.008665421336654213	19
QLQPAPPLAPQGR	3	QLQPAPPLAPQGR	-	-	3	20	0	10.227063890383	10.104883105317	10.288091339783	458.2613707544087	0.0062295729232929	19
QLSSSVTGLTNIEEENC[+57.0215]QR	3	QLSSSVTGLTNIEEENCQR	-	-	3	20	0	12.87283872565	12.75074259775	12.933903738767	722.3428181614487	0.002484173411331036	19
QLVNMC[+57.0215]INPDPEK	3	QLVNMCINPDPEK	-	-	3	20	0	12.9678302971	12.937276290183	13.120399206317	519.918176193572	0.007662019793551134	19
QNEDIEPTSSR	3	QNEDIEPTSSR	-	-	3	20	0	5.413085300783	5.3517334694	5.535735202467	425.865234118952	0.007457685739607877	19
QNGTVVGTDIAELLLR	2	QNGTVVGTDIAELLLR	-	-	3	20	0	21.068573703367	21.037617257167	21.192486662467	849.972875798157	0.0038101548910792677	19
QPAENVNQYLTDPK	2	QPAENVNQYLTDPK	-	-	3	20	0	10.9670969486	10.9060248309	11.089243124333	808.899376504727	0.0014173972387001943	19
QPVESTSAKLEATAASSVK	3	QPVESTSAKLEATAASSVK	-	-	3	20	0	9.031955091733	8.909611278733	9.093072164367	635.3372217126854	0.002453689972227465	19
QREEITAIVK	2	QREEITAIVK	-	-	3	20	0	7.246146298383	7.184870251983	7.307297546467	593.843144728257	0.008800571399418398	19
QSGYGGQTK	2	QSGYGGQTK	-	-	3	20	0	2.451254870433	2.420368909983	2.5748725802	463.222331104412	0.0016736023159037452	19
QSMAFSILNTPK	2	QSMAFSILNTPK	-	-	3	20	0	15.206326733633	15.14513165445	15.328902587567	668.850112634247	0.0017809762657652747	19
QTSDGNWLMVHR	3	QTSDGNWLMVHR	-	-	3	20	0	10.8557554489	10.79477152805	10.916831936683	481.8981037608853	0.0014173972387001943	19
QVVEEPSPQLPADK	2	QVVEEPSPQLPADK	-	-	3	20	0	10.15902231075	10.036814646033	10.220075021833	768.898845190147	0.0014173972387001943	19
RHATAEEVEEEER	2	RHATAEEVEEEER	-	-	3	20	0	4.224678298917	4.16301074665	4.31707485485	792.866065000807	0.001714481655046291	19
RLEEPEEPK	2	RLEEPEEPK	-	-	3	20	0	5.28981962285	5.16697070735	5.351258062433	563.790577840817	0.0014173972387001943	19
RLPVMMDEALSYLEK	3	RLPVMMDEALSYLEK	-	-	3	20	0	18.769172192367	18.70757211895	18.830844395883	598.9758025207487	0.008249687124869103	19
RSENEEFVEVGR	3	RSENEEFVEVGR	-	-	3	20	0	8.034177075633	7.911890554083	8.125906970433	484.2355499293887	0.004609746320792533	19
RVESQLK	2	RVESQLK	-	-	3	16	0	2.788925151967	2.696388686217	2.881377649967	430.253434271282	0.0014173972387001943	19
SDHLIQTDTVNLHR	2	SDHLIQTDTVNLHR	-	-	3	20	0	8.9103371125	8.818631527817	8.97140944325	824.923717268687	0.0017809762657652747	19
SDVQIHVPTFTFR	3	SDVQIHVPTFTFR	-	-	3	20	0	15.8288005337	15.7366145325	15.951741818917	516.2719354381087	0.0040296296296296295	19
SDYLNTFEFMDK	2	SDYLNTFEFMDK	-	-	3	20	0	17.2386916278	17.115749799017	17.3617248635	755.3319496647119	0.0014173972387001943	19
SEAASPALPVITK	3	SEAASPALPVITK	-	-	3	20	0	11.603726277083	11.51196735155	11.695524220367	428.57836546071206	0.0024125779343995664	19
SEDEPPAASASAAPPPQR	2	SEDEPPAASASAAPPPQR	-	-	3	20	0	6.904485183867	6.812557578	7.057596823167	889.421204363292	0.002223090095232373	19
SEIEVISEPPEEK	2	SEIEVISEPPEEK	-	-	3	20	0	11.1066976186	10.984574260267	11.22875545835	743.369586222332	0.0022506925207756235	19
SFDVNKPGC[+57.0215]EVDDLK	3	SFDVNKPGCEVDDLK	-	-	3	20	0	10.481879331917	10.420810018183	10.603849916567	574.938293302602	0.0014173972387001943	19
SGLEELVLSEMNSPSR	3	SGLEELVLSEMNSPSR	-	-	3	20	0	18.389445818883	18.327848647583	18.512610516217	583.289214585552	0.001714481655046291	19
SGLLVLTTPLASLAPR	2	SGLLVLTTPLASLAPR	-	-	3	20	0	21.28268125405	21.158857130267	21.344733278933	804.987797586307	0.0014173972387001943	19
SGSALELSVENVK	2	SGSALELSVENVK	-	-	3	20	0	12.38088029325	12.31993959815	12.50290376535	666.853906373367	0.0017809762657652747	19
SHILEDDENSVDISMLK	3	SHILEDDENSVDISMLK	-	-	3	20	0	14.029473191333	13.968283143483	14.09049135055	648.9788171974886	0.004609746320792533	19
SHSLSQHTATSSK	2	SHSLSQHTATSSK	-	-	3	20	0	2.309015416267	2.246280695117	2.432939195133	685.836579286757	0.001571578245547195	19
SHTEEDC[+57.0215]TEELFDFLHAR	3	SHTEEDCTEELFDFLHAR	-	-	3	20	0	16.869212975767	16.807720946483	16.992207315733	745.9918968784987	0.0014173972387001943	19
SIATDVLLGLLK	2	SIATDVLLGLLK	-	-	3	20	0	22.661926484617	22.56829363975	22.786851299333	621.887020915877	0.0018968133535660092	19
SIIGMGTGAGAYILTR	2	SIIGMGTGAGAYILTR	-	-	3	20	0	16.841113480617	16.77964044125	16.902625776767	790.926882893887	0.001714481655046291	19
SLPAEINRFLPEFPSC[+57.0215]SLLK	3	SLPAEINRFLPEFPSCSLLK	-	-	3	20	0	19.8819330449	19.8819330449	20.066851543467	773.4119561665988	0.0023457335246715974	19
SLVALLVETQMK	2	SLVALLVETQMK	-	-	3	20	0	18.763939031667	18.7331306008	18.85658706305	666.383788276162	0.0014173972387001943	19
SNILLLGPTGSGK	2	SNILLLGPTGSGK	-	-	3	20	0	13.734494106467	13.673344549717	13.826282489867	628.8640771342469	0.0014173972387001943	19
SPGEPGGAAPER	2	SPGEPGGAAPER	-	-	3	20	0	4.54880134405	4.425878858367	4.610337317167	562.7701767494069	0.002689912826899128	19
SQGSQAELHPLPQLK	3	SQGSQAELHPLPQLK	-	-	3	20	0	10.371263609817	10.249162303333	10.401791688067	544.961649501102	0.0021217561612534683	19
SQIYGSR	2	SQIYGSR	-	-	3	16	0	4.570148109383	4.5086869059	4.693238670617	405.708859592497	0.0022506925207756235	19
SQLIMQAEAEAASVR	2	SQLIMQAEAEAASVR	-	-	3	20	0	14.571015516717	14.479026748783	14.662951636133	802.4090542775219	0.0014173972387001943	19
SQNTELASTASLLR	3	SQNTELASTASLLR	-	-	3	20	0	13.15215522675	13.121638241667	13.243835879983	497.5984882641887	0.005465909360963901	19
SQPDPVDTPTSSKPQSK	2	SQPDPVDTPTSSKPQSK	-	-	3	20	0	5.4885609686	5.427227762583	5.61124145765	899.944512282917	0.0014173972387001943	19
SQTEAVTFLANHDDSR	3	SQTEAVTFLANHDDSR	-	-	3	20	0	10.587969595417	10.465980849233	10.709980381767	597.6149780553753	0.0014173972387001943	19
SSGPTSLFAVTVAPPGAR	3	SSGPTSLFAVTVAPPGAR	-	-	3	20	0	16.59929281325	16.4764493972	16.7222207482	572.308937771762	0.0014173972387001943	19
SSPDLTGVVHIYEELK	3	SSPDLTGVVHIYEELK	-	-	3	20	0	17.958799802533	17.8048096877	18.02041131215	596.3122364308821	0.0020493180138412954	19
SSPLLNYNTGVYR	2	SSPLLNYNTGVYR	-	-	3	20	0	12.62979054655	12.568597022433	12.69090496755	742.380622650962	0.003979213066072755	19
SSTPTTIFPIR	2	SSTPTTIFPIR	-	-	3	20	0	14.22240891335	14.161279680517	14.344726132367	610.337695209822	0.001571578245547195	19
STFVNILK	2	STFVNILK	-	-	3	19	0	13.437325900467	13.376216938067	13.559571905717	461.273835362692	0.0020173492031470646	19
STLMDTLFNTK	2	STLMDTLFNTK	-	-	3	20	0	17.631509013283	17.50832897185	17.693134257883	635.821020843017	0.0014173972387001943	19
STLPGSTTSNK	2	STLPGSTTSNK	-	-	3	20	0	5.31960797855	5.135262920933	5.534547631133	546.780210118527	0.0014173972387001943	19
STTTGHLIYK	2	STTTGHLIYK	-	-	3	20	0	6.056889457867	5.995527244417	6.17955213905	560.8034882533269	0.0014173972387001943	19
SVAHGQAPEMPLVK	3	SVAHGQAPEMPLVK	-	-	3	20	0	9.176109064967	9.114963553883	9.237255066367	488.59402121929867	0.002151476411711515	19
SYFPYLMAVLTPK	3	SYFPYLMAVLTPK	-	-	3	20	0	22.212326607767	22.087752553683	22.3680106165	510.60726773718534	0.004942035009930257	19
SYLYFTQFK	2	SYLYFTQFK	-	-	3	20	0	15.477828234517	15.355209117617	15.53914047125	598.802956938747	0.0014173972387001943	19
SYMAPER	2	SYMAPER	-	-	3	17	0	5.496653209883	5.435249113867	5.588707013	427.197270606132	0.002223090095232373	19
SYSSGGEDGYVR	2	SYSSGGEDGYVR	-	-	3	20	0	6.276237446267	6.214843526517	6.39883194955	638.7756560526669	0.0014173972387001943	19
TADDPSLSLIK	2	TADDPSLSLIK	-	-	3	20	0	12.448459368567	12.295951833533	12.540036544817	580.313885760442	0.0014173972387001943	19
TAGDGWFGMK	2	TAGDGWFGMK	-	-	3	20	0	13.353260517433	13.292174757833	13.414352082083	535.242209422912	0.00185444366689993	19
TASEGDGGAAAGAAAAGAR	2	TASEGDGGAAAGAAAAGAR	-	-	3	20	0	5.731907290067	5.670544922517	5.823934344667	766.358407145322	0.001571578245547195	19
TDSFVPR	2	TDSFVPR	-	-	3	16	0	7.723970785583	7.6628692597	7.846379165533	411.211235106132	0.0025096423099276164	19
TFQAFELKPLR	3	TFQAFELKPLR	-	-	3	20	0	13.959527878883	13.89832974045	14.0206890859	450.590716865732	0.007102803738317757	19
THQPSDEVGTSIEHPR	3	THQPSDEVGTSIEHPR	-	-	3	20	0	6.291766594717	6.230439582633	6.47559165795	597.2869728611453	0.0015379094683959603	19
TIILFTK	2	TIILFTK	-	-	3	16	0	13.477244629533	13.416067438017	13.599526174783	418.268021706262	0.0016501650165016502	19
TILSLMTR	2	TILSLMTR	-	-	3	20	0	14.599510988833	14.477023416167	14.660820559417	467.77314541319697	0.0014173972387001943	19
TIVITSHPGQIVK	2	TIVITSHPGQIVK	-	-	3	20	0	9.786254899367	9.725061518133	9.877970027033	696.914101331467	0.0014173972387001943	19
TKPMLETEVLDNDGGGLATIFEP	3	TKPMLETEVLDNDGGGLATIFEP	-	-	3	20	0	19.975965519667	19.914306778433	20.0376815709	816.4051955158953	0.005899217113242915	19
TLAAEMQELR	2	TLAAEMQELR	-	-	3	20	0	12.284347901633	12.223296985117	12.345345568967	581.300255613612	0.0015379094683959603	19
TLQIFNIEMK	2	TLQIFNIEMK	-	-	3	20	0	17.53815739235	17.415096395483	17.661353824	618.836473945747	0.0014173972387001943	19
TLSTSDDVEDRENEK	2	TLSTSDDVEDRENEK	-	-	3	20	0	5.676930050367	5.584894723283	5.799642904233	869.392309533472	0.002333592621402378	19
TLVSEGMLTSLR	3	TLVSEGMLTSLR	-	-	3	20	0	15.318559249333	15.134843908867	15.410512098433	436.239355473002	0.009343879349207	19
TNGDSQQPSSSGLASSK	2	TNGDSQQPSSSGLASSK	-	-	3	20	0	5.336550765733	5.183002675267	5.4287294221	825.881912026357	0.0014173972387001943	19
TPDGTENGDFLALDLGGTNFR	3	TPDGTENGDFLALDLGGTNFR	-	-	3	20	0	18.891792630533	18.860926577367	18.92266660725	737.3501899426387	0.005078563411896745	19
TPIFLNEVLVKAASEQYIDTEK	3	TPIFLNEVLVKAASEQYIDTEK	-	-	3	20	0	19.206605777117	19.052176267767	19.299311366067	836.779250095232	0.0035387881958334616	19
TQFPSLDIEVDGGVGPDTVHK	3	TQFPSLDIEVDGGVGPDTVHK	-	-	3	20	0	15.965224868483	15.903763486817	16.02667247215	737.7024521426821	0.0016736023159037452	19
TSPQEGER	2	TSPQEGER	-	-	3	19	0	2.356546589767	2.29450083195	2.48038104075	452.211963382122	0.0014173972387001943	19
TVDSQGPTPVC[+57.0215]TPTFLER	3	TVDSQGPTPVCTPTFLER	-	-	3	20	0	14.256566811733	14.134318781083	14.348331196183	668.994690163742	0.0017809762657652747	19
TVEFLQEYIVNR	2	TVEFLQEYIVNR	-	-	3	20	0	16.715947898383	16.65447408005	16.777475468483	755.898648228737	0.001714481655046291	19
TVLGSSENALGVC[+57.0215]SDTAAPLAAVDLK	3	TVLGSSENALGVCSDTAAPLAAVDLK	-	-	3	20	0	17.695617172767	17.603094356567	17.726459746833	853.7705373969487	0.0056022408963585435	19
TVSGVNGPLVILDHVK	3	TVSGVNGPLVILDHVK	-	-	3	20	0	15.87386448455	15.720312829167	15.9353652487	549.9857950558586	0.001714481655046291	19
TVTPALSSNVLPR	3	TVTPALSSNVLPR	-	-	3	20	0	12.881977612133	12.790383430417	12.973601042467	452.2611478522953	0.004629986881703835	19
TWYPEVPK	2	TWYPEVPK	-	-	3	20	0	12.017132504617	11.895041083933	12.139208527733	510.263467640402	0.001714481655046291	19
TYDLLFK	2	TYDLLFK	-	-	3	16	0	14.273914818717	14.1516544288	14.335105086817	450.247286261682	0.0014173972387001943	19
VAC[+57.0215]C[+57.0215]PLER	2	VACCPLER	-	-	3	20	0	6.414261486517	6.3530024229	6.5368705031	502.736237131567	0.001714481655046291	19
VAEELALEQAK	2	VAEELALEQAK	-	-	3	20	0	10.0081145047	9.886157596783	10.13040523825	600.8271603109471	0.0014173972387001943	19
VATLNSEEESDPPTYK	2	VATLNSEEESDPPTYK	-	-	3	20	0	8.89451673355	8.833312958967	9.016839901417	890.417796005322	0.0014173972387001943	19
VAYGGTGDAATR	2	VAYGGTGDAATR	-	-	3	20	0	5.228867913633	5.167451102717	5.290301297367	569.778001781477	0.002853454718391195	19
VC[+57.0215]GHTYEEDAIVR	2	VCGHTYEEDAIVR	-	-	3	20	0	7.809185507267	7.778585576933	7.839798267267	774.859197256887	0.008493564691782607	19
VDAQFGGIDQR	2	VDAQFGGIDQR	-	-	3	20	0	9.702679355983	9.58037707835	9.825038670883	603.299101364052	0.0014173972387001943	19
VDIDVPDVNLEAPEGK	2	VDIDVPDVNLEAPEGK	-	-	3	20	0	15.800002683183	15.738605835867	15.922923249733	855.433249108052	0.0014173972387001943	19
VDLQSLPTR	2	VDLQSLPTR	-	-	3	20	0	10.643920597233	10.582931951983	10.76594248605	514.7903808794069	0.0014173972387001943	19
VESTDVSDLLHQYR	2	VESTDVSDLLHQYR	-	-	3	20	0	13.459470188733	13.215098763067	13.459470188733	831.410108365012	0.002603631380609798	19
VFNELLVLLPDTAK	3	VFNELLVLLPDTAK	-	-	3	20	0	21.21957335415	21.12665866145	21.37459615745	524.6396248001787	0.00513701864057867	19
VGDQILLAIK	2	VGDQILLAIK	-	-	3	20	0	15.1369554348	15.014446065367	15.198159390233	535.334424243612	0.0014173972387001943	19
VGPAVELALAQVKAR	3	VGPAVELALAQVKAR	-	-	3	20	0	14.237918941017	14.146258842483	14.268424658367	507.97523037215865	0.0051380676273035195	19
VGTEC[+57.0215]GNQK	2	VGTECGNQK	-	-	3	20	0	2.329900551283	2.267224010017	2.45341684605	496.726923496767	0.0014173972387001943	19
VHQLYETIQR	2	VHQLYETIQR	-	-	3	20	0	7.93086248245	7.86957236845	8.053315707783	643.846218733057	0.0014173972387001943	19
VKPLQDQNELFGK	2	VKPLQDQNELFGK	-	-	3	20	0	10.3993910603	10.307797340133	10.490977936217	758.411922779242	0.0014173972387001943	19
VLC[+57.0215]GGDIYVPEDPK	2	VLCGGDIYVPEDPK	-	-	3	20	0	12.369260276867	12.27769042295	12.460733454633	781.3819738619319	0.0014173972387001943	19
VLPANSMAESR	2	VLPANSMAESR	-	-	3	20	0	7.498535568983	7.3761230308	7.55971968765	587.797880099977	0.0014173972387001943	19
VLQEALC[+57.0215]VISGVPGLK	2	VLQEALCVISGVPGLK	-	-	3	20	0	18.87635255875	18.7838635553	18.968947128367	841.979115428157	0.0014173972387001943	19
VLWIPAC[+57.0215]PL	2	VLWIPACPL	-	-	3	20	0	21.473866614667	21.380839382633	21.597809160067	534.799163199627	0.001714481655046291	19
VLYAYGYYTGEPSK	2	VLYAYGYYTGEPSK	-	-	3	20	0	12.248603982583	12.218069422933	12.3707053428	805.890488843497	0.0014173972387001943	19
VMETQAQVDELK	3	VMETQAQVDELK	-	-	3	20	0	9.463641659033	9.341325140567	9.5247744565	464.234270092562	0.006862133499688085	19
VMIWDDLK	2	VMIWDDLK	-	-	3	20	0	15.7702554935	15.7702554935	15.831668991833	510.265153204542	0.0022506925207756235	19
VMPAPPPK	2	VMPAPPPK	-	-	3	19	0	6.109551848867	5.986867020567	6.2936222748	418.738574318707	0.0014173972387001943	19
VMVLDFVTPTPLGTR	3	VMVLDFVTPTPLGTR	-	-	3	20	0	19.708044226333	19.584612738633	19.831548192967	549.3042478247587	0.0014173972387001943	19
VNAVPRPIPEK	2	VNAVPRPIPEK	-	-	3	20	0	7.308259685333	7.185831922533	7.3693447551	610.361504659202	0.007812297902061722	19
VNDFLAEIFKK	3	VNDFLAEIFKK	-	-	3	20	0	17.670744201167	17.6090544228	17.732422903317	441.915089047672	0.001714481655046291	19
VQAWYMDDAPGDPR	2	VQAWYMDDAPGDPR	-	-	3	20	0	12.798331635233	12.737240954933	12.920447364217	810.859197256887	0.0014173972387001943	19
VTEGQQER	2	VTEGQQER	-	-	3	20	0	2.3566785909	2.200897821133	2.449587011333	473.733062964697	0.0014173972387001943	19
VTMINAIPVASLDPIK	3	VTMINAIPVASLDPIK	-	-	3	20	0	19.484919135483	19.361380778817	19.608478062117	561.3234194501321	0.0022506925207756235	19
VTPPAVTGSPEFER	2	VTPPAVTGSPEFER	-	-	3	20	0	11.207168544833	11.085153980967	11.26818365045	743.880455474377	0.0014173972387001943	19
VVAC[+57.0215]TSAFLLWDPTK	3	VVACTSAFLLWDPTK	-	-	3	20	0	19.268839753583	19.1146446553	19.423097778133	569.9640026765653	0.00839060589450605	19
VVEQMC[+57.0215]ITQYERESQAYYQR	3	VVEQMCITQYERESQAYYQR	-	-	3	20	0	12.60954724865	12.51799896325	12.701191210583	861.065178964262	0.005420592575774776	19
VVNGAAASQPPSK	2	VVNGAAASQPPSK	-	-	3	20	0	4.586108665517	4.524567372033	4.709206758333	613.3304014923319	0.0014173972387001943	19
VVNSETPVVVDFHAQWC[+57.0215]GPC[+57.0215]K	3	VVNSETPVVVDFHAQWCGPCK	-	-	3	20	0	14.755334026033	14.72469749155	14.908427573033	810.384071842942	0.003696402168555939	19
VVQVYADTQEINLK	3	VVQVYADTQEINLK	-	-	3	20	0	12.981549431	12.889920030033	13.0425988328	540.6261553801787	0.00431631885320556	19
VVVC[+57.0215]DNGTGFVK	3	VVVCDNGTGFVK	-	-	3	20	0	10.001536761933	9.879335632717	10.123809528533	432.2201838476287	0.008700562608495598	19
WLAPDGLIFPDR	2	WLAPDGLIFPDR	-	-	3	20	0	18.77518965875	18.682767494883	18.867677101383	700.372069342902	0.0014173972387001943	19
WLLLC[+57.0215]NPGLAELIAEK	3	WLLLCNPGLAELIAEK	-	-	3	20	0	22.507059640117	22.507059640117	22.600792451967	614.0060903906586	0.0025008646606539493	19
WNENVQYLSEDR	2	WNENVQYLSEDR	-	-	3	20	0	11.658286792617	11.5054724688	11.719348740183	776.854969002527	0.0025175045236409408	19
WQPTASEPVK	2	WQPTASEPVK	-	-	3	20	0	8.467196541733	8.4061056482	8.52829371145	571.795663221257	0.002151476411711515	19
WSNAGELMELIR	2	WSNAGELMELIR	-	-	3	20	0	18.529456285783	18.498633807833	18.683490336467	709.858468980897	0.0014173972387001943	19
YDNEAIGLWLPLTK	3	YDNEAIGLWLPLTK	-	-	3	20	0	20.007052886167	19.914547493283	20.0996753624	544.9592459548487	0.00839060589450605	19
YEDEINK	2	YEDEINK	-	-	3	17	0	4.97617098075	4.914711670567	5.0990163753	455.711264890957	0.0014173972387001943	19
YEELFPAFSDSR	2	YEELFPAFSDSR	-	-	3	20	0	16.376581695083	16.253622862317	16.499487534183	730.838256309227	0.0014173972387001943	19
YGGQPVPNFPSK	2	YGGQPVPNFPSK	-	-	3	20	0	10.316211257133	10.194142286867	10.438340036467	645.827494664117	0.0014173972387001943	19
YIFTMLSTLARLLFPAVDDNLLK	3	YIFTMLSTLARLLFPAVDDNLLK	-	-	3	20	0	23.180473531133	23.055222692083	23.399838983967	885.4923871314387	0.00427735909448017	19
YIGTGHADTTKWEWLVNQHR	3	YIGTGHADTTKWEWLVNQHR	-	-	3	20	0	12.328362443133	12.2062472231	12.45031450435	804.7329686091521	0.0024089789214344374	19
YITQNGDYQLR	3	YITQNGDYQLR	-	-	3	20	0	9.402029928117	9.340842501067	9.52429254225	457.56148593053535	0.00431631885320556	19
YLAVESPFLK	2	YLAVESPFLK	-	-	3	20	0	15.538177526917	15.47687144785	15.660833098583	583.826432034957	0.0014173972387001943	19
YNVLGAETVLNQMR	2	YNVLGAETVLNQMR	-	-	3	20	0	16.626661344267	16.565207493067	16.749619111583	804.414139657962	0.0014173972387001943	19
YPC[+57.0215]VLDLKC[+57.0215]EQSTSATLGVR	3	YPCVLDLKCEQSTSATLGVR	-	-	3	20	0	13.914081047117	13.822397105933	13.97526519845	766.3803273795953	0.004433185560481318	19
YYFEGIK	2	YYFEGIK	-	-	3	17	0	11.544293567283	11.513656545467	11.636101449033	460.231636197542	0.0017413211811344522	19
