transition_group_id	peptide_group_label	run_id	filename	RT	id	Sequence	FullPeptideName	Charge	m/z	Intensity	ProteinName	decoy	assay_rt	delta_rt	leftWidth	main_var_xx_swath_prelim_score	norm_RT	nr_peaks	peak_apices_sum	potentialOutlier	rightWidth	rt_score	sn_ratio	total_xic	var_bseries_score	var_dotprod_score	var_intensity_score	var_isotope_correlation_score	var_isotope_overlap_score	var_library_corr	var_library_dotprod	var_library_manhattan	var_library_rmsd	var_library_rootmeansquare	var_library_sangle	var_log_sn_score	var_manhatt_score	var_massdev_score	var_massdev_score_weighted	var_norm_rt_score	var_xcorr_coelution	var_xcorr_coelution_weighted	var_xcorr_shape	var_xcorr_shape_weighted	var_yseries_score	var_elution_model_fit_score	xx_lda_prelim_score	xx_swath_prelim_score	aggr_Peak_Area	aggr_Peak_Apex	aggr_Fragment_Annotation	d_score	m_score	peak_group_rank	align_runid	align_origfilename	align_clusterid
11481_VEVETPEENTGDVIGDLSR_2_run0	11481_VEVETPEENTGDVIGDLSR_2	0_0	\DIA_Course\Data\DIA_data\ExplicitPeakScoreTest.mzML	4536.89309426	f_8340421439711173457	VEVETPEENTGDVIGDLSR	VEVETPEENTGDVIGDLSR	2	1029.9949305	481.968	1/sp|P0A6M8|EFG_ECOLI	0	4485.28661053	51.6064837239	4519.41992188	3.08201169968	58.4406364533	6	123.176120758	none	4555.31982422	1.14063645329	20.5293534597	1279.09049368	0.0	0.754968702793	0.376805305481	0.970255434513	0.0	0.977262496948	0.988066732883	0.148980021477	0.0480314269662	0.0584409236908	0.21881505847	3.02185583115	0.664620399475	3.88168764114	4.38838243484	0.0114063648507	0.592850089073	0.0977849587798	0.885772049427	0.896576583385	0.0		7.32951806933	0	264.417328;39.389942;44.895203;44.599796;37.309120;51.356674	69.872528;11.127091;10.988158;12.447622;7.077610;11.663111	72253_y14_1_VEVETPEENTGDVIGDLSR_2;72247_y7_1_VEVETPEENTGDVIGDLSR_2;72245_y3_1_VEVETPEENTGDVIGDLSR_2;72250_y11_1_VEVETPEENTGDVIGDLSR_2;72251_y12_1_VEVETPEENTGDVIGDLSR_2;72248_y9_1_VEVETPEENTGDVIGDLSR_2	3.25272679329	2.14794199564e-05	1	0_0	lgillet_I150211_008_cent_thresh2_OSW_with_dscore_filtered.csv	1
1180_ASINTDDPGVQGVDIIHEYTVAAPAAGLSR_3_run0	1180_ASINTDDPGVQGVDIIHEYTVAAPAAGLSR_3	0_0	\DIA_Course\Data\DIA_data\ExplicitPeakScoreTest.mzML	5483.8221396	f_6231583178403399301	ASINTDDPGVQGVDIIHEYTVAAPAAGLSR	ASINTDDPGVQGVDIIHEYTVAAPAAGLSR	3	1013.17902403	128.335	1/sp|P22333|ADD_ECOLI	0	5419.38400742	64.4381321768	5467.12011719	0.624903440475	83.3596671552	6	18.8453938961	7526_y15_1_ASINTDDPGVQGVDIIHEYTVAAPAAGLSR_3	5492.25	1.25966715521	3.14089898268	699.443698168	0.0	0.45806440711	0.183481693268	0.355248719454	0.365724474192	0.964277684689	0.936755299568	0.291066706181	0.0578539296985	0.0711849406362	0.354244083166	1.14450907707	1.21836733818	2.18145608902	2.49832224846	0.0125966714695	4.58626842499	1.45852804184	0.594030439854	0.634348928928	0.0		3.87157061466	0	46.935291;27.677816;19.754072;13.813272;20.154671;0.000000	11.354425;4.557124;2.933845;0.000000;0.000000;0.000000	7525_y14_1_ASINTDDPGVQGVDIIHEYTVAAPAAGLSR_3;7524_y13_1_ASINTDDPGVQGVDIIHEYTVAAPAAGLSR_3;7523_y12_1_ASINTDDPGVQGVDIIHEYTVAAPAAGLSR_3;7519_y9_1_ASINTDDPGVQGVDIIHEYTVAAPAAGLSR_3;7517_y7_1_ASINTDDPGVQGVDIIHEYTVAAPAAGLSR_3;7526_y15_1_ASINTDDPGVQGVDIIHEYTVAAPAAGLSR_3	1.56459856033	0.00117526203394	1	0_0	lgillet_I150211_008_cent_thresh2_OSW_with_dscore_filtered.csv	1
6943_LIQLMNETVDGDYQTFK_2_run0	6943_LIQLMNETVDGDYQTFK_2	0_0	\DIA_Course\Data\DIA_data\ExplicitPeakScoreTest.mzML	5170.5634015	f_16359497068844246984	LIQLMNETVDGDYQTFK	LIQLMNETVDGDYQTFK	2	1007.99314797	170.521	1/sp|P0AFG8|ODP1_ECOLI	0	5125.59531001	44.9680914845	5154.81005859	0.567463040352	75.1160673303	6	38.7609348297	43922_y13_1_LIQLMNETVDGDYQTFK_2	5187.12011719	0.816067330301	6.46015580495	935.319246531	0.0	0.732048988342	0.182312637568	0.778141438961	0.0	0.666515350342	0.920054733753	0.322848439217	0.0581574216485	0.0728042647243	0.386630803347	1.86565339565	0.805051088333	7.30386972427	7.13725233078	0.00816067308187	7.29601812363	3.26560497284	0.562738239765	0.572951257229	0.0		3.89022091768	0	53.631184;33.277386;0.000000;18.615177;37.818760;27.178017	16.591496;11.066154;0.000000;0.000000;11.103286;0.000000	43914_b3_1_LIQLMNETVDGDYQTFK_2;43918_y8_1_LIQLMNETVDGDYQTFK_2;43922_y13_1_LIQLMNETVDGDYQTFK_2;43917_y7_1_LIQLMNETVDGDYQTFK_2;43921_y12_1_LIQLMNETVDGDYQTFK_2;43920_y10_1_LIQLMNETVDGDYQTFK_2	1.92327284813	0.000586880370975	1	0_0	lgillet_I150211_008_cent_thresh2_OSW_with_dscore_filtered.csv	1
7785_LVSPGSANETSSILVESVTR_2_run0	7785_LVSPGSANETSSILVESVTR_2	0_0	\DIA_Course\Data\DIA_data\ExplicitPeakScoreTest.mzML	4803.68468406	f_17294384027104808718	LVSPGSANETSSILVESVTR	LVSPGSANETSSILVESVTR	2	1023.53930822	743.585	1/sp|O75369|FLNB_HUMAN	0	4779.07530794	24.6093761212	4788.64990234	3.75697135925	65.4614241777	6	214.211874008	none	4824.54980469	0.361424177665	35.7019790014	1304.91703868	0.0	0.769548594952	0.569832921028	0.99427318573	0.0	0.857067883015	0.996415019035	0.0805454477668	0.0258566364646	0.0274236761034	0.15739966929	3.57520604134	0.672705471516	2.63931274414	2.72774076462	0.00361424172297	0.0	0.0	0.928811609745	0.937001526356	0.0		8.11505837436	0	193.227005;123.121033;151.387421;104.225876;69.793373;101.830032	51.751369;36.065304;44.839565;36.254017;18.712982;26.588636	49121_y11_1_LVSPGSANETSSILVESVTR_2;49120_y10_1_LVSPGSANETSSILVESVTR_2;49123_y13_1_LVSPGSANETSSILVESVTR_2;49116_y7_1_LVSPGSANETSSILVESVTR_2;49119_y9_1_LVSPGSANETSSILVESVTR_2;49122_y12_1_LVSPGSANETSSILVESVTR_2	3.6602807045	1.43065899465e-05	1	0_0	lgillet_I150211_008_cent_thresh2_OSW_with_dscore_filtered.csv	1
9426_SADEVINMANDSEYGLAAGIHTSNINTALK_3_run0	9426_SADEVINMANDSEYGLAAGIHTSNINTALK_3	0_0	\DIA_Course\Data\DIA_data\ExplicitPeakScoreTest.mzML	5319.10877281	f_11757646406369713953	SADEVINMANDSEYGLAAGIHTSNINTALK	SADEVINMANDSEYGLAAGIHTSNINTALK	3	1040.5031789	439.61	1/tr|C8ZHC2|C8ZHC2_YEAS8	0	4986.23400483	332.874767978	5301.99023438	2.45893979073	79.0251317809	6	95.0238580704	none	5330.70996094	8.4251317809	15.8373096784	751.819354773	0.0	0.751643955708	0.584728121758	0.897604882717	0.0	0.713605463505	0.988616228104	0.113027498126	0.0402997285128	0.0544671751559	0.300684422255	2.76236844063	0.692102968693	5.53141880035	6.14527988434	0.0842513144016	0.0	0.0	0.960372924805	0.95920586586	0.0		7.04048320958	0	118.904747;123.921654;44.171970;49.986355;51.990963;50.634224	24.451284;28.362574;7.858469;10.747669;12.037684;11.566178	59094_b4_1_SADEVINMANDSEYGLAAGIHTSNINTALK_3;59098_y10_1_SADEVINMANDSEYGLAAGIHTSNINTALK_3;59097_y9_1_SADEVINMANDSEYGLAAGIHTSNINTALK_3;59099_y12_1_SADEVINMANDSEYGLAAGIHTSNINTALK_3;59101_y14_1_SADEVINMANDSEYGLAAGIHTSNINTALK_3;59100_y13_1_SADEVINMANDSEYGLAAGIHTSNINTALK_3	2.52872467041	0.000134454021463	1	0_0	lgillet_I150211_008_cent_thresh2_OSW_with_dscore_filtered.csv	1
10660_TIGGGDDSFNTFFSETGAGK_2_run0	10660_TIGGGDDSFNTFFSETGAGK_2	0_0	\DIA_Course\Data\DIA_data\ExplicitPeakScoreTest.mzML	5189.95261969	f_11998529071460971130	TIGGGDDSFNTFFSETGAGK	TIGGGDDSFNTFFSETGAGK	2	1004.45015886	7262.61	5/sp|Q6PEY2|TBA3E_HUMAN/sp|Q13748|TBA3C_HUMAN/sp|Q9BQE3|TBA1C_HUMAN/sp|P68363|TBA1B_HUMAN/sp|Q71U36|TBA1A_HUMAN	0	5076.63052711	113.322092578	5172.70996094	4.39726257324	75.6263067466	6	1324.01719666	none	5219.37011719	2.62630674665	126.633102177	8478.06624126	0.0	0.813486754894	0.856635332108	0.99879771471	0.0	0.589642822742	0.994690179825	0.0876402631402	0.0277321264148	0.0324871055782	0.190727204084	4.8412938118	0.629091322422	2.89044857025	2.6920170784	0.0262630674988	0.0	0.0	0.981579780579	0.983430445194	0.0		9.0828220903	0	1481.894775;1470.991211;874.550171;1153.433105;1216.751953;1064.989990	271.088898;272.149292;162.224579;213.609879;216.234085;188.710464	66969_y7_1_TIGGGDDSFNTFFSETGAGK_2;66970_y8_1_TIGGGDDSFNTFFSETGAGK_2;66968_y5_1_TIGGGDDSFNTFFSETGAGK_2;66971_y9_1_TIGGGDDSFNTFFSETGAGK_2;66973_y11_1_TIGGGDDSFNTFFSETGAGK_2;66972_y10_1_TIGGGDDSFNTFFSETGAGK_2	3.59650874138	1.43065899465e-05	1	0_0	lgillet_I150211_008_cent_thresh2_OSW_with_dscore_filtered.csv	1
