780.937242,1082.609202,20,YDL237W.FAFLDAPLLSLEPK.+2y10.light,88,40.2
780.937242,967.582259,20,YDL237W.FAFLDAPLLSLEPK.+2y9.light,88,40.2
780.937242,896.545145,20,YDL237W.FAFLDAPLLSLEPK.+2y8.light,88,40.2
780.937242,665.329339,20,YDL237W.FAFLDAPLLSLEPK.+2b6.light,88,40.2
780.937242,1317.708916,20,YDL237W.FAFLDAPLLSLEPK.+2b12.light,88,40.2
577.744456,1023.441151,20,YDL237W.MDSNEISC[CAM]AK.+2y9.light,73.2,28.7
577.744456,908.414208,20,YDL237W.MDSNEISC[CAM]AK.+2y8.light,73.2,28.7
577.744456,707.339252,20,YDL237W.MDSNEISC[CAM]AK.+2y6.light,73.2,28.7
577.744456,465.212594,20,YDL237W.MDSNEISC[CAM]AK.+2y4.light,73.2,28.7
577.744456,378.180566,20,YDL237W.MDSNEISC[CAM]AK.+2y3.light,73.2,28.7
641.319699,967.473102,20,YDL244W.GSGITEDFQSLK.+2y8.light,77.9,32.3
641.319699,866.425424,20,YDL244W.GSGITEDFQSLK.+2y7.light,77.9,32.3
641.319699,737.382831,20,YDL244W.GSGITEDFQSLK.+2y6.light,77.9,32.3
641.319699,347.228896,20,YDL244W.GSGITEDFQSLK.+2y3.light,77.9,32.3
641.319699,315.166296,20,YDL244W.GSGITEDFQSLK.+2b4.light,77.9,32.3
672.671553,484.31296,20,YBL087C.ISLGLPVGAIMNC[CAM]ADNSGAR.+3b5.light,80.2,27.9
672.671553,808.492716,20,YBL087C.ISLGLPVGAIMNC[CAM]ADNSGAR.+3b9.light,80.2,27.9
672.671553,921.57678,20,YBL087C.ISLGLPVGAIMNC[CAM]ADNSGAR.+3b10.light,80.2,27.9
672.671553,242.660118,20,YBL087C.ISLGLPVGAIMNC[CAM]ADNSGAR.+3b5+2.light,80.2,27.9
672.671553,340.720707,20,YBL087C.ISLGLPVGAIMNC[CAM]ADNSGAR.+3b7+2.light,80.2,27.9
442.772948,654.429721,20,YBL087C.VMPAIVVR.+2y6.light,63.4,21
442.772948,557.376957,20,YBL087C.VMPAIVVR.+2y5.light,63.4,21
442.772948,486.339844,20,YBL087C.VMPAIVVR.+2y4.light,63.4,21
442.772948,231.116175,20,YBL087C.VMPAIVVR.+2b2.light,63.4,21
442.772948,328.168938,20,YBL087C.VMPAIVVR.+2b3.light,63.4,21
523.739834,757.399149,20,YBL087C.EC[CAM]ADLWPR.+2y6.light,69.3,25.6
523.739834,686.362036,20,YBL087C.EC[CAM]ADLWPR.+2y5.light,69.3,25.6
523.739834,571.335093,20,YBL087C.EC[CAM]ADLWPR.+2y4.light,69.3,25.6
523.739834,458.251029,20,YBL087C.EC[CAM]ADLWPR.+2y3.light,69.3,25.6
523.739834,272.171716,20,YBL087C.EC[CAM]ADLWPR.+2y2.light,69.3,25.6
416.232167,460.276575,20,YBL087C.VASNSGVVV.+2y5.light,61.5,19.5
416.232167,373.244546,20,YBL087C.VASNSGVVV.+2y4.light,61.5,19.5
416.232167,217.154669,20,YBL087C.VASNSGVVV.+2y2.light,61.5,19.5
416.232167,615.309666,20,YBL087C.VASNSGVVV.+2b7.light,61.5,19.5
416.232167,714.37808,20,YBL087C.VASNSGVVV.+2b8.light,61.5,19.5
887.906207,1202.48816,20,YDR385W.STAISLYSEMSDEDVK.+2y10.light,95.8,46.3
887.906207,1039.424832,20,YDR385W.STAISLYSEMSDEDVK.+2y9.light,95.8,46.3
887.906207,823.35021,20,YDR385W.STAISLYSEMSDEDVK.+2y7.light,95.8,46.3
887.906207,692.309725,20,YDR385W.STAISLYSEMSDEDVK.+2y6.light,95.8,46.3
887.906207,1628.69961,20,YDR385W.STAISLYSEMSDEDVK.+2b15.light,95.8,46.3
659.978928,718.391622,20,YDR385W.AEQLYEGPADDANC[CAM]IAIK.+3y6.light,79.2,27.5
659.978928,442.229624,20,YDR385W.AEQLYEGPADDANC[CAM]IAIK.+3b4.light,79.2,27.5
659.978928,605.292953,20,YDR385W.AEQLYEGPADDANC[CAM]IAIK.+3b5.light,79.2,27.5
659.978928,734.335546,20,YDR385W.AEQLYEGPADDANC[CAM]IAIK.+3b6.light,79.2,27.5
659.978928,791.35701,20,YDR385W.AEQLYEGPADDANC[CAM]IAIK.+3b7.light,79.2,27.5
536.792923,831.435929,20,YDR385W.IQGPNYVPGK.+2y8.light,70.2,26.3
536.792923,774.414465,20,YDR385W.IQGPNYVPGK.+2y7.light,70.2,26.3
536.792923,301.187031,20,YDR385W.IQGPNYVPGK.+2y3.light,70.2,26.3
536.792923,242.149918,20,YDR385W.IQGPNYVPGK.+2b2.light,70.2,26.3
536.792923,772.398815,20,YDR385W.IQGPNYVPGK.+2b7.light,70.2,26.3
600.636943,779.404629,20,YDR385W.AYLPVNESFGFTGELR.+3y7.light,74.9,25.7
600.636943,575.314751,20,YDR385W.AYLPVNESFGFTGELR.+3y5.light,74.9,25.7
600.636943,474.267073,20,YDR385W.AYLPVNESFGFTGELR.+3y4.light,74.9,25.7
600.636943,235.107718,20,YDR385W.AYLPVNESFGFTGELR.+3b2.light,74.9,25.7
600.636943,348.191782,20,YDR385W.AYLPVNESFGFTGELR.+3b3.light,74.9,25.7
