transition_group_id,run_id,FileName,RT,MinStartTime,MaxEndTime,Sequence,PeptideModifiedSequence,ProteinName,PrecursorIsDecoy,mProphetScore,zScore,pValue,qValue,main_var_Intensity,var_Retention_time_difference,var_Library_intensity_dot-product,var_Reference_intensity_dot-product,var_Shape_(weighted),var_Coelution_(weighted),var_Reference_shape_(weighted),var_Reference_coelution_(weighted),var_Coelution_count,var_Reference_coelution_count,var_Identified_count
AAAAGLAALVELIR_run1,1,PP_TrainingDataset_Feb09.wiff,43.33045,43.12745,43.55375,AAAAGLAALVELIR,AAAAGLAALVELIR,yeast_p,0,2.12132086173192,8.46955524695367,0,0,7.174963,5.370448,0.9088936,0.9874227,0.9972301,0,0.9862864,0,4,4,0
AFDNALENSLNLQANR_run3,3,PP_TrainingDataset_Feb09.wiff,30.49403,30.30503,30.72083,AFDNALENSLNLQANR,AFDNALENSLNLQANR,yeast_p,0,2.02963709346133,7.42769424387875,0,0,6.667328,1.184034,0.8866544,0.8326651,0.9921876,0,0.979609,0,4,4,0
AITVPLVEVLPK_run4,4,PP_TrainingDataset_Feb09.wiff,35.33788,34.80018,35.73409,AITVPLVEVLPK,AITVPLVEVLPK,yeast_p,0,2.11486616137522,8.39620637926384,0,0,7.094483,1.397883,0.8610297,0.9851611,0.99474,0,0.9968867,0,4,4,0
ALHDSFFFPNELLR_run3,3,PP_TrainingDataset_Feb09.wiff,36.70215,36.50135,37.07865,ALHDSFFFPNELLR,ALHDSFFFPNELLR,yeast_p,0,2.00089364410397,7.10106413754511,0,0,7.418354,1.397852,0.8502635,0.7869906,0.997433,0,0.9438782,0.3953739,4,3.2,0
AVQTLVLLTPPK_run3,3,PP_TrainingDataset_Feb09.wiff,31.13975,30.27035,31.44215,AVQTLVLLTPPK,AVQTLVLLTPPK,yeast_p,0,2.03297435825463,7.46561770743903,0,0,6.56081,2.499749,0.8432028,0.9594485,0.9874815,0,0.9629862,0.5487407,4,2.4,0
AYHVQQDSLPK_run1,1,PP_TrainingDataset_Feb09.wiff,16.31712,15.47502,16.51762,AYHVQQDSLPK,AYHVQQDSLPK,yeast_p,0,1.44983535736436,0.839038151867672,0.200723950357691,0.113930002783003,4.465138,0.6871158,0.7488507,0.8344278,0.4518391,7.04092,0.454358,11.80312,4,3.2,0
DDVEPVVPSPFSK_run1,1,PP_TrainingDataset_Feb09.wiff,27.85358,27.24458,28.15808,DDVEPVVPSPFSK,DDVEPVVPSPFSK,yeast_p,0,2.13263679020544,8.5981453432436,0,0,7.359877,2.563584,0.8682157,0.9930561,0.9987354,0,0.99828,0,4,4,0
DGLHNGDEENWK_run4,4,PP_TrainingDataset_Feb09.wiff,15.23248,14.63388,15.96248,DGLHNGDEENWK,DGLHNGDEENWK,yeast_p,0,1.87503294132466,5.67082887868937,7.13887948755598E-09,4.96696232530777E-09,5.156544,3.457517,0.8326329,0.9654738,0.6428286,5.997345,0.8514741,9.11663,4,2.4,0
DLNGAPLSYTENIK_run4,4,PP_TrainingDataset_Feb09.wiff,26.42292,25.99502,27.00642,DLNGAPLSYTENIK,DLNGAPLSYTENIK,yeast_p,0,2.10318314802359,8.26344486390438,0,0,7.035635,0.7129164,0.8609591,0.9751547,0.9915014,0,0.9912787,0,4,4,0
DNFGNEDLK_run1,1,PP_TrainingDataset_Feb09.wiff,15.29693,15.29693,15.89853,DNFGNEDLK,DNFGNEDLK,yeast_p,0,1.92861379102297,6.27970217071552,0,0,6.354575,3.893067,0.7916628,0.9753118,0.9895142,0,0.9959903,0.120581,1.6,1.6,0
DPIAPIENLEFYK_run1,1,PP_TrainingDataset_Feb09.wiff,34.0671,33.8481,34.3956,DPIAPIENLEFYK,DPIAPIENLEFYK,yeast_p,0,2.10459243757868,8.27945951793955,0,0,7.284798,0.7228995,0.8265876,0.9674675,0.9907072,0,0.9932936,0,4,4,0
DVQEGDISDSSLFAAVR_run2,2,PP_TrainingDataset_Feb09.wiff,31.57332,31.31972,31.82692,DVQEGDISDSSLFAAVR,DVQEGDISDSSLFAAVR,yeast_p,0,2.03948345874269,7.53958475843963,0,0,6.265944,2.263317,0.7438343,0.9799632,0.993605,0,0.9851438,0,4,4,0
EFSDGSDTIDTNYK_run3,3,PP_TrainingDataset_Feb09.wiff,20.88598,20.71298,21.12818,EFSDGSDTIDTNYK,EFSDGSDTIDTNYK,yeast_p,0,2.07289303905174,7.9192390801334,0,0,6.60433,0.1259844,0.7845934,0.9742462,0.9989454,0,0.9973921,0,4,4,0
EGQLLQTVSK_run2,2,PP_TrainingDataset_Feb09.wiff,19.68587,19.38587,19.98587,EGQLLQTVSK,EGQLLQTVSK,yeast_p,0,2.08249610922234,8.0283648775266,0,0,6.819043,0.8241346,0.8472706,0.9710743,0.9893358,0,0.9968078,0.09715761,4,3.2,0
EIGQYSSLESFTR_run2,2,PP_TrainingDataset_Feb09.wiff,28.03335,27.81145,28.28695,EIGQYSSLESFTR,EIGQYSSLESFTR,yeast_p,0,2.08433397855076,8.04924975625859,0,0,7.016085,1.04335,0.7489631,0.9887982,0.996588,0,0.9939908,0,4,4,0
ELLVSMELDK_run4,4,PP_TrainingDataset_Feb09.wiff,29.9189,29.5688,30.1912,ELLVSMELDK,ELLVSMELDK,yeast_p,0,2.02496784708225,7.37463462593465,0,0,6.58316,0.03110046,0.7829767,0.9863558,0.9779125,0,0.9938961,0,3.2,3.2,0
ELNHTEFFESSTYPK_run2,2,PP_TrainingDataset_Feb09.wiff,24.58413,24.29013,24.87813,ELNHTEFFESSTYPK,ELNHTEFFESSTYPK,yeast_p,0,2.07525027711991,7.9460258763626,0,0,6.754913,3.125867,0.7958145,0.9729921,0.9964374,0,0.990704,0,4,4,0
FADINDLPVEIIAK_run1,1,PP_TrainingDataset_Feb09.wiff,35.51705,35.26155,35.80905,FADINDLPVEIIAK,FADINDLPVEIIAK,yeast_p,0,2.04859767419717,7.64315538860419,0,0,7.098228,1.667048,0.6961101,0.9543318,0.9970826,0,0.9934899,0,4,3.2,0
FPINIQINENALEEPK_run3,3,PP_TrainingDataset_Feb09.wiff,33.23124,32.91443,33.90443,FPINIQINENALEEPK,FPINIQINENALEEPK,yeast_p,0,1.99164230416658,6.99593527462021,0,0,6.054077,2.211236,0.8459036,0.9647807,0.9435787,0,0.9762476,0.1217592,3.2,3.2,0
FPQLIVLMGR_run1,1,PP_TrainingDataset_Feb09.wiff,37.53872,36.79671,37.97272,FPQLIVLMGR,FPQLIVLMGR,yeast_p,0,2.02851301901864,7.4149206706664,0,0,6.181237,4.408715,0.7636676,0.9433961,0.9930249,0,0.9872223,0,4,4,0
FPVFQHLHSK_run4,4,PP_TrainingDataset_Feb09.wiff,20.79442,20.31292,21.11542,FPVFQHLHSK,FPVFQHLHSK,yeast_p,0,2.05683408616473,7.73675097914468,0,0,6.616704,1.695582,0.711793,0.9852223,0.994799,0,0.9938518,0,4,4,0
FWANAWIDYESVMK_run2,2,PP_TrainingDataset_Feb09.wiff,39.32647,39.10007,39.60947,FWANAWIDYESVMK,FWANAWIDYESVMK,yeast_p,0,1.8693711798133,5.60649067969655,1.03735285916784E-08,7.14072681529802E-09,4.896912,0.9635344,0.8055655,0.9301037,0.955407,0,0.8298277,1.504386,4,4,0
FYFLSIFK_run3,3,PP_TrainingDataset_Feb09.wiff,41.70517,41.49166,41.97967,FYFLSIFK,FYFLSIFK,yeast_p,0,2.02615836584477,7.388163248236,0,0,6.202364,2.925166,0.9404817,0.8760589,0.9924377,0,0.9807767,0,4,3.2,0
FYHQWSVMSGK_run4,4,PP_TrainingDataset_Feb09.wiff,23.83035,23.63775,24.15135,FYHQWSVMSGK,FYHQWSVMSGK,yeast_p,0,2.08468937795991,8.05328838590807,0,0,6.39172,1.659649,0.9335464,0.9439231,0.9954575,0,0.995015,0,4,4,0
GDDHIHILQLLLNEQK_run3,3,PP_TrainingDataset_Feb09.wiff,34.65712,34.45912,34.93431,GDDHIHILQLLLNEQK,GDDHIHILQLLLNEQK,yeast_p,0,1.99732279317989,7.06048628613514,0,0,6.429963,2.922884,0.8975587,0.7616426,0.9972731,0,0.981106,0,4,4,0
GILIDPYSYLNR_run1,1,PP_TrainingDataset_Feb09.wiff,34.86637,34.57437,35.15837,GILIDPYSYLNR,GILIDPYSYLNR,yeast_p,0,2.04913636926828,7.64927692350324,0,0,6.777863,3.316367,0.6590627,0.9786257,0.990836,0,0.9946965,0,4,4,0
GSSTGIFTIWK_run2,2,PP_TrainingDataset_Feb09.wiff,34.38558,34.03278,34.73838,GSSTGIFTIWK,GSSTGIFTIWK,yeast_p,0,2.05487449360127,7.71448288183258,0,0,6.334544,1.745582,0.8328168,0.9929361,0.9728358,0,0.9732614,0,4,4,0
HYFFLQDYK_run3,3,PP_TrainingDataset_Feb09.wiff,28.7989,28.5343,29.1013,HYFFLQDYK,HYFFLQDYK,yeast_p,0,2.06558122002741,7.83615022758425,0,0,6.507873,2.401099,0.7660595,0.9748631,0.9891186,0,0.9894797,0.3944705,4,4,0
IAWEALAVER_run4,4,PP_TrainingDataset_Feb09.wiff,30.29905,30.06565,30.57135,IAWEALAVER,IAWEALAVER,yeast_p,0,2.07212125718082,7.91046883160019,0,0,6.662271,0.9390494,0.8161686,0.9651163,0.9922967,0,0.9902301,0,4,4,0
IEEEDSQSYSSLELGR_run1,1,PP_TrainingDataset_Feb09.wiff,23.99207,23.72477,24.25937,IEEEDSQSYSSLELGR,IEEEDSQSYSSLELGR,yeast_p,0,2.06253097097922,7.80148830658205,0,0,6.078975,1.297933,0.8898547,0.9646106,0.9867349,0,0.9891673,0,4,4,0
IEVILEQFK_run4,4,PP_TrainingDataset_Feb09.wiff,30.95378,30.75928,31.22608,IEVILEQFK,IEVILEQFK,yeast_p,0,2.11821596639144,8.43427234535731,0,0,7.138204,1.173783,0.874898,0.9844979,0.9968063,0,0.9948608,0,4,4,0
IFVLSTSK_run3,3,PP_TrainingDataset_Feb09.wiff,24.14038,23.90868,24.40518,IFVLSTSK,IFVLSTSK,yeast_p,0,2.08590444588218,8.06709597593386,0,0,7.580688,1.820383,0.8488755,0.9832415,0.9965348,0,0.9956173,0,3.2,3.2,0
ILHLQSLPISSWR_run1,1,PP_TrainingDataset_Feb09.wiff,32.64585,32.46335,32.90135,ILHLQSLPISSWR,ILHLQSLPISSWR,yeast_p,0,2.09495052356778,8.16989231327023,0,0,7.074071,0.1958511,0.9021952,0.948838,0.9971684,0,0.9948592,0,4,3.2,0
IPQIVLNFK_run4,4,PP_TrainingDataset_Feb09.wiff,32.37153,32.04303,32.59053,IPQIVLNFK,IPQIVLNFK,yeast_p,0,2.07655597904158,7.96086339819976,0,0,6.693965,3.761533,0.8211079,0.9806185,0.9956621,0,0.9853094,0,4,4,0
ISLSSESILYNNSYTK_run2,2,PP_TrainingDataset_Feb09.wiff,29.07528,28.78998,29.36058,ISLSSESILYNNSYTK,ISLSSESILYNNSYTK,yeast_p,0,2.03514775460146,7.4903153931984,0,0,6.212478,0.145283,0.7700707,0.9744954,0.9934781,0,0.9782272,0,4,4,0
ITALLTNLNR_run4,4,PP_TrainingDataset_Feb09.wiff,26.81745,26.46735,27.16755,ITALLTNLNR,ITALLTNLNR,yeast_p,0,2.1381271884913,8.66053623285573,0,0,7.422591,0.3725504,0.8984986,0.9854882,0.9968714,0,0.9969335,0,4,4,0
ITLSNLLR_run1,1,PP_TrainingDataset_Feb09.wiff,31.56377,31.39217,31.82117,ITLSNLLR,ITLSNLLR,yeast_p,0,2.13705609238209,8.64836468616012,0,0,7.356577,5.593767,0.9335416,0.9708623,0.9952671,0,0.9961009,0,4,4,0
LAAAVLGSYVVK_run4,4,PP_TrainingDataset_Feb09.wiff,28.63123,28.44223,28.89583,LAAAVLGSYVVK,LAAAVLGSYVVK,yeast_p,0,2.12997484081803,8.5678959183867,0,0,7.572766,0.3712332,0.8601109,0.9785979,0.9960411,0,0.993656,0,4,4,0
LIGSEFTGTNER_run3,3,PP_TrainingDataset_Feb09.wiff,22.46953,22.26193,22.71173,LIGSEFTGTNER,LIGSEFTGTNER,yeast_p,0,2.12991560995313,8.56722284037644,0,0,7.324958,1.359534,0.8745465,0.9876398,0.9985702,0,0.9975448,0,4,4,0
LIIDDVVTIGSR_run3,3,PP_TrainingDataset_Feb09.wiff,32.00757,31.79517,32.43237,LIIDDVVTIGSR,LIIDDVVTIGSR,yeast_p,0,2.05633447306707,7.7310735575803,0,0,6.646607,0.8324316,0.7607714,0.9789435,0.9903973,0,0.9822004,0,4,4,0
LIPIILNAK_run2,2,PP_TrainingDataset_Feb09.wiff,30.8046,30.551,31.1216,LIPIILNAK,LIPIILNAK,yeast_p,0,2.10774130955231,8.31524215400358,0,0,7.269205,2.8946,0.8085118,0.9901776,0.9933192,0,0.9923484,0,4,4,0
LLLVHGPPGTGK_run1,1,PP_TrainingDataset_Feb09.wiff,21.12197,20.87697,21.47197,LLLVHGPPGTGK,LLLVHGPPGTGK,yeast_p,0,2.09738577169956,8.19756558749503,0,0,6.894658,0.3980327,0.7790058,0.9927003,0.9956647,0,0.9957026,0.3578725,4,4,0
LSDMNYVQGSISYNR_run3,3,PP_TrainingDataset_Feb09.wiff,25.35382,25.11862,25.74582,LSDMNYVQGSISYNR,LSDMNYVQGSISYNR,yeast_p,0,2.09127410193444,8.1281147947096,0,0,6.522049,0.04618301,0.8935446,0.9706597,0.9972545,0,0.9951039,0,4,4,0
LVLLNQLSR_run1,1,PP_TrainingDataset_Feb09.wiff,28.85532,28.63782,29.15982,LVLLNQLSR,LVLLNQLSR,yeast_p,0,2.11488473148606,8.39641740325071,0,0,7.1562,2.035318,0.8671348,0.9805972,0.9957944,0,0.9940861,0,4,4,0
LYDHGASSDSFSIFSLK_run1,1,PP_TrainingDataset_Feb09.wiff,33.207,32.988,33.4625,LYDHGASSDSFSIFSLK,LYDHGASSDSFSIFSLK,yeast_p,0,2.0847474799749,8.05394863607842,0,0,6.569057,0.8729993,0.8347961,0.9899715,0.991771,0,0.9936042,0,4,4,0
MDDFLEHLSK_run4,4,PP_TrainingDataset_Feb09.wiff,27.74047,27.55147,28.00507,MDDFLEHLSK,MDDFLEHLSK,yeast_p,0,2.05082956211187,7.66851775127126,0,0,6.319691,1.260465,0.8052776,0.968351,0.9912404,0,0.9844007,0,4,4,0
MEMLLFLNESYIFHR_run2,2,PP_TrainingDataset_Feb09.wiff,41.51843,41.20713,41.77313,MEMLLFLNESYIFHR,MEMLLFLNESYIFHR,yeast_p,0,1.67248945488874,3.3691983510084,0.000376936288819074,0.00025406244957168,4.834439,1.581567,0.8608376,0.9187393,0.9504846,0,0.6295651,2.166638,4,1.6,0
MEQIIPLSQGR_run4,4,PP_TrainingDataset_Feb09.wiff,26.00307,25.69187,26.39207,MEQIIPLSQGR,MEQIIPLSQGR,yeast_p,0,2.00569478219767,7.15562252497358,0,0,6.588873,0.983067,0.8652009,0.971014,0.849063,0.6602327,0.9931394,0.06888705,3.2,3.2,0
MITGVPWYSSR_run3,3,PP_TrainingDataset_Feb09.wiff,29.91288,29.61048,30.13968,MITGVPWYSSR,MITGVPWYSSR,yeast_p,0,2.10048209870094,8.2327511216016,0,0,6.734121,1.892884,0.9294196,0.9467813,0.9965983,0,0.9960049,0,4,4,0
MLTGIAPDQVTR_run1,1,PP_TrainingDataset_Feb09.wiff,23.38957,23.18167,23.62717,MLTGIAPDQVTR,MLTGIAPDQVTR,yeast_p,0,2.0796100558711,7.99556881671705,0,0,7.267353,0.7504336,0.6626312,0.9948592,0.9975268,0,0.9966163,0,4,4,0
MNAYWFHYR_run2,2,PP_TrainingDataset_Feb09.wiff,27.68465,27.48815,28.03835,MNAYWFHYR,MNAYWFHYR,yeast_p,0,1.95420353779141,6.5704947476297,0,0,5.957604,2.685349,0.6394362,0.8892168,0.981309,0,0.9869986,0,4,3.2,0
MNLIVEVFNIK_run4,4,PP_TrainingDataset_Feb09.wiff,41.27057,40.95657,41.80437,MNLIVEVFNIK,MNLIVEVFNIK,yeast_p,0,2.03205212950363,7.45513783526856,0,0,6.112429,3.450569,0.7515217,0.9858403,0.9932172,0,0.9796956,0,4,4,0
MSLNIAFFPAAR_run2,2,PP_TrainingDataset_Feb09.wiff,36.51842,36.30062,36.80882,MSLNIAFFPAAR,MSLNIAFFPAAR,yeast_p,0,2.0801285082806,8.0014603213704,0,0,6.165573,3.598417,0.9052016,0.9852285,0.9913159,0,0.9913648,0,4,4,0
MTLLNTLSNFGGTWPR_run3,3,PP_TrainingDataset_Feb09.wiff,40.11998,39.90648,40.42498,MTLLNTLSNFGGTWPR,MTLLNTLSNFGGTWPR,yeast_p,0,1.99803049951422,7.06852840357072,0,0,5.522472,2.439984,0.8853559,0.8962548,0.9627451,0,0.988477,0.1455583,4,3.2,0
MVNISIYQPSR_run3,3,PP_TrainingDataset_Feb09.wiff,26.69557,26.42117,26.93077,MVNISIYQPSR,MVNISIYQPSR,yeast_p,0,2.05437599623473,7.70881813903106,0,0,6.255021,2.285566,0.8052226,0.9864181,0.9835134,0,0.9850299,0,4,4,0
MVYTSTYR_run2,2,PP_TrainingDataset_Feb09.wiff,15.15015,14.40495,15.84015,MVYTSTYR,MVYTSTYR,yeast_p,0,2.07651781983703,7.96042977087535,0,0,6.508612,2.949851,0.9515945,0.9912277,0.9861735,0,0.9925478,0,3.2,4,0
NDDNMSGSQEHHMFLDR_run1,1,PP_TrainingDataset_Feb09.wiff,19.34698,19.04618,19.83578,NDDNMSGSQEHHMFLDR,NDDNMSGSQEHHMFLDR,yeast_p,0,1.98279578606673,6.89540665984923,0,0,5.790401,4.383015,0.6956623,0.9404369,0.9624955,0.1951424,0.9710099,0.4882723,4,4,0
NEPLYSSPLLNSFK_run2,2,PP_TrainingDataset_Feb09.wiff,34.09502,33.58542,34.44782,NEPLYSSPLLNSFK,NEPLYSSPLLNSFK,yeast_p,0,2.09208726717101,8.13735530876146,0,0,7.217654,0.3850165,0.7541349,0.9806602,0.9956414,0,0.9952328,0,4,4,0
NFDFHEQR_run4,4,PP_TrainingDataset_Feb09.wiff,16.0099,15.3824,16.6876,NFDFHEQR,NFDFHEQR,yeast_p,0,2.05057710795,7.6656489539773,0,0,6.332699,3.700101,0.8461452,0.9854887,0.9797403,0,0.982423,0,4,3.2,0
NIPLDHGFISLGGYMK_run4,4,PP_TrainingDataset_Feb09.wiff,33.53405,33.32555,33.74255,NIPLDHGFISLGGYMK,NIPLDHGFISLGGYMK,yeast_p,0,2.03552869205498,7.49464422789751,0,0,6.524457,1.45595,0.6794826,0.9606531,0.9971724,0,0.9928658,0,4,4,0
NPHEIDFSK_run3,3,PP_TrainingDataset_Feb09.wiff,17.03497,16.81087,17.35867,NPHEIDFSK,NPHEIDFSK,yeast_p,0,1.97864087027572,6.84819170767866,0,0,6.61914,1.355033,0.4577002,0.9673058,0.9975964,0,0.9903353,0.1794384,4,3.2,0
NTDSLFYQTVFR_run4,4,PP_TrainingDataset_Feb09.wiff,34.18213,33.97363,34.47403,NTDSLFYQTVFR,NTDSLFYQTVFR,yeast_p,0,2.10741145056726,8.31149375644613,0,0,6.99363,1.082133,0.8722537,0.9719306,0.9973353,0,0.9956052,0,4,4,0
NVENLPFYK_run2,2,PP_TrainingDataset_Feb09.wiff,26.67925,26.46625,26.96325,NVENLPFYK,NVENLPFYK,yeast_p,0,2.02278192404811,7.34979459145581,0,0,7.088916,1.729249,0.6597396,0.9853035,0.9970278,0,0.9971486,0,3.2,3.2,0
NVLLQAGETDFSSVLR_run1,1,PP_TrainingDataset_Feb09.wiff,35.23137,35.01237,35.52337,NVLLQAGETDFSSVLR,NVLLQAGETDFSSVLR,yeast_p,0,1.9934650442166,7.01664822973411,0,0,6.222106,0.761369,0.5555801,0.9742703,0.9859604,0,0.988611,0,4,4,0
QDDLMGPNHFSLR_run2,2,PP_TrainingDataset_Feb09.wiff,25.90992,25.70412,26.23332,QDDLMGPNHFSLR,QDDLMGPNHFSLR,yeast_p,0,1.99768184433474,7.06456641289477,0,0,6.351846,0.7100841,0.5068142,0.990014,0.9912991,0,0.9925156,0,4,4,0
QGSSYVAVLGMGK_run2,2,PP_TrainingDataset_Feb09.wiff,27.30457,26.99017,27.54037,QGSSYVAVLGMGK,QGSSYVAVLGMGK,yeast_p,0,2.07218188857429,7.91115782470783,0,0,6.384789,3.114565,0.8809912,0.9673362,0.9891183,0,0.9861063,0,4,4,0
QIAEQTHDIFK_run1,1,PP_TrainingDataset_Feb09.wiff,20.14337,19.91777,20.51937,QIAEQTHDIFK,QIAEQTHDIFK,yeast_p,0,1.91221618613875,6.0933657515767,0,0,5.470474,1.286634,0.7768941,0.9697254,0.8697163,2.081778,0.969483,0,4,3.2,0
QNSSIFQNPGK_run4,4,PP_TrainingDataset_Feb09.wiff,18.38023,17.97223,18.72023,QNSSIFQNPGK,QNSSIFQNPGK,yeast_p,0,2.0689252912043,7.87415103641249,0,0,6.390025,0.8702338,0.846411,0.9694026,0.9787815,0,0.9919885,0,4,4,0
QTGDSNQEDITTLITNNK_run1,1,PP_TrainingDataset_Feb09.wiff,26.67497,26.33567,26.93887,QTGDSNQEDITTLITNNK,QTGDSNQEDITTLITNNK,yeast_p,0,1.9403847657634,6.41346324731141,0,0,5.912752,4.354967,0.7913262,0.8041238,0.9636227,0,0.9225211,2.45822,4,2.4,0
SAGSYLVSLFPIIK_run4,4,PP_TrainingDataset_Feb09.wiff,42.2344,42.0146,42.517,SAGSYLVSLFPIIK,SAGSYLVSLFPIIK,yeast_p,0,2.07143474668643,7.90266757598214,0,0,6.601543,0.5144017,0.7953642,0.974755,0.996479,0,0.9931782,0,4,4,0
SASISINFR_run4,4,PP_TrainingDataset_Feb09.wiff,25.54145,25.32795,25.78545,SASISINFR,SASISINFR,yeast_p,0,2.07518591004884,7.94529443237317,0,0,6.371476,4.011448,0.8460299,0.9840987,0.9909195,0,0.9920071,0,4,4,0
SATSGSLSVTNPNIK_run2,2,PP_TrainingDataset_Feb09.wiff,19.7221,19.4971,20.0596,SATSGSLSVTNPNIK,SATSGSLSVTNPNIK,yeast_p,0,2.0869453294348,8.07892419812276,0,0,6.49438,0.3278988,0.8514723,0.9861062,0.997053,0,0.9961466,0,4,4,0
SEAAQFTLLR_run3,3,PP_TrainingDataset_Feb09.wiff,28.35228,28.15628,28.62668,SEAAQFTLLR,SEAAQFTLLR,yeast_p,0,2.00985102831694,7.20285259451069,0,0,7.149182,1.102283,0.8550296,0.7396148,0.9986931,0,0.9808627,0,4,4,0
SIPSAPYGAYNQNR_run4,4,PP_TrainingDataset_Feb09.wiff,20.03352,19.77672,20.45082,SIPSAPYGAYNQNR,SIPSAPYGAYNQNR,yeast_p,0,2.09730695092532,8.19666989687862,0,0,7.03336,0.1535159,0.7710202,0.9972254,0.9971965,0,0.9983151,0,4,4,0
SPVQFIHTSTGGLIDSGK_run1,1,PP_TrainingDataset_Feb09.wiff,27.19188,26.80038,27.45288,SPVQFIHTSTGGLIDSGK,SPVQFIHTSTGGLIDSGK,yeast_p,0,2.06959230131486,7.88173069675978,0,0,6.380401,2.338115,0.8860748,0.9501908,0.9955226,0,0.988378,0,4,4,0
STVEVLPAPEYK_run2,2,PP_TrainingDataset_Feb09.wiff,23.84523,23.51323,24.21043,STVEVLPAPEYK,STVEVLPAPEYK,yeast_p,0,1.97310744045887,6.7853118233963,0,0,5.729733,2.134766,0.7507719,0.9596192,0.804626,0.7143818,0.9750285,0.6338075,4,4,0
SYNTASEIVVSVIGNSK_run3,3,PP_TrainingDataset_Feb09.wiff,34.46152,34.18431,34.69912,SYNTASEIVVSVIGNSK,SYNTASEIVVSVIGNSK,yeast_p,0,1.85620199927256,5.45684090082457,2.42176223519408E-08,1.64949749765541E-08,6.140774,4.431517,0.8265244,0.6934491,0.8889487,0.5733327,0.9520264,0,3.2,4,0
TDSSIELQEASLAVAQR_run3,3,PP_TrainingDataset_Feb09.wiff,27.64035,27.36595,27.95395,TDSSIELQEASLAVAQR,TDSSIELQEASLAVAQR,yeast_p,0,2.03033875850107,7.43566771023948,0,0,6.003343,1.83965,0.832679,0.9613308,0.982908,0,0.9735178,0,4,4,0
TFYGMALDGYAPK_run2,2,PP_TrainingDataset_Feb09.wiff,30.72045,30.49855,30.97405,TFYGMALDGYAPK,TFYGMALDGYAPK,yeast_p,0,2.06031465311605,7.77630287631874,0,0,7.051836,0.6595486,0.6323685,0.9914291,0.9957149,0,0.9949672,0,4,4,0
TFYNAAGSVSVPFYK_run1,1,PP_TrainingDataset_Feb09.wiff,30.92225,30.53075,31.27025,TFYNAAGSVSVPFYK,TFYNAAGSVSVPFYK,yeast_p,0,2.08154396958489,8.01754510891916,0,0,6.815238,0.7877492,0.7840331,0.9770136,0.9967906,0,0.9962578,0,4,4,0
TGAFSLTK_run3,3,PP_TrainingDataset_Feb09.wiff,20.68348,20.47588,20.99488,TGAFSLTK,TGAFSLTK,yeast_p,0,2.12810355425207,8.54663129831897,0,0,7.044445,1.793483,0.959461,0.9637721,0.9983144,0,0.9967875,0,4,4,0
TIIGYLLGWETVDWVK_run4,4,PP_TrainingDataset_Feb09.wiff,47.82675,47.63432,48.18417,TIIGYLLGWETVDWVK,TIIGYLLGWETVDWVK,yeast_p,0,1.89621367340918,5.91151901601344,1.71355807321305E-09,1.20518790315496E-09,4.784814,0.06324829,0.8284925,0.8989471,0.8840464,0.4741535,0.9347509,0.6634065,4,3.2,0
TSIITGQELMR_run1,1,PP_TrainingDataset_Feb09.wiff,25.88317,25.64557,26.15047,TSIITGQELMR,TSIITGQELMR,yeast_p,0,2.11367304196012,8.38264820409226,0,0,7.042666,0.03316536,0.8600985,0.985201,0.9987368,0,0.9976788,0,4,4,0
TSVSANLAR_run1,1,PP_TrainingDataset_Feb09.wiff,15.43237,15.33387,16.04307,TSVSANLAR,TSVSANLAR,yeast_p,0,1.43616409488358,0.683682896404333,0.247087713076153,0.134695390848927,4.200201,2.072366,0.883655,0.803041,0.5718775,6.944567,0.7017215,2.073503,3.2,3.2,0
TVDVLMDHSDENLK_run2,2,PP_TrainingDataset_Feb09.wiff,22.55042,22.35122,22.84922,TVDVLMDHSDENLK,TVDVLMDHSDENLK,yeast_p,0,2.0229866893962,7.35212147041132,0,0,5.646169,3.009583,0.8353148,0.9643144,0.9875436,0,0.9798386,0,4,4,0
TVPNVIIGGTSR_run4,4,PP_TrainingDataset_Feb09.wiff,22.81085,22.55405,23.22815,TVPNVIIGGTSR,TVPNVIIGGTSR,yeast_p,0,1.98577630543137,6.92927619808379,0,0,6.769592,1.420848,0.8358999,0.8111206,0.9968136,0,0.9532531,0.3414564,4,3.2,0
VFPELIWK_run4,4,PP_TrainingDataset_Feb09.wiff,35.02382,34.62762,35.84452,VFPELIWK,VFPELIWK,yeast_p,0,2.09229323838498,8.13969589073839,0,0,7.287057,2.223815,0.7501818,0.9813329,0.9950897,0,0.9929478,0,4,4,0
VGSAYHLSFPISSR_run1,1,PP_TrainingDataset_Feb09.wiff,27.64963,27.25813,28.08463,VGSAYHLSFPISSR,VGSAYHLSFPISSR,yeast_p,0,2.01357900349639,7.24521594882261,0,0,7.097929,0.3796334,0.9271246,0.6861019,0.995864,0,0.9916542,0,4,4,0
VNFEETGQFFNGLK_run2,2,PP_TrainingDataset_Feb09.wiff,33.37259,33.05898,33.68618,VNFEETGQFFNGLK,VNFEETGQFFNGLK,yeast_p,0,2.06860090904723,7.87046487553674,0,0,6.158089,0.0674147,0.8781782,0.9783792,0.9946283,0,0.9882594,0,4,4,0
VSQNNYLQR_run2,2,PP_TrainingDataset_Feb09.wiff,14.49295,14.09215,15.16095,VSQNNYLQR,VSQNNYLQR,yeast_p,0,1.48299971445317,1.21590584605876,0.112010395509899,0.0671086247608326,4.995251,0.5529495,0.9084508,0.7941771,0.6550534,4.268434,0.3654771,14.15375,3.2,0,0
YAPSIDVLLLK_run3,3,PP_TrainingDataset_Feb09.wiff,35.49692,35.29892,35.79391,YAPSIDVLLLK,YAPSIDVLLLK,yeast_p,0,2.07690251774945,7.96480133806188,0,0,7.587198,2.036918,0.6247405,0.9784558,0.9971838,0,0.9951224,0,4,4,0
YFPDGNDVGK_run2,2,PP_TrainingDataset_Feb09.wiff,18.04878,16.32378,19.62378,YFPDGNDVGK,YFPDGNDVGK,yeast_p,0,1.96948113631371,6.74410382174675,0,0,7.259991,0.2887843,0.6295306,0.9887936,0.9315388,1.537072,0.9941145,0.4024243,3.2,2.4,0
YHLVNDEMEIHTGSHGK_run3,3,PP_TrainingDataset_Feb09.wiff,19.31685,19.14735,19.52025,YHLVNDEMEIHTGSHGK,YHLVNDEMEIHTGSHGK,yeast_p,0,2.05322261941527,7.69571158426438,0,0,5.916862,2.743149,0.8873019,0.9638491,0.988677,0,0.9871979,0,4,4,0
YIASTSEHLFTAIK_run3,3,PP_TrainingDataset_Feb09.wiff,27.21237,26.97717,27.40837,YIASTSEHLFTAIK,YIASTSEHLFTAIK,yeast_p,0,2.01246080386925,7.23250913487786,0,0,6.896176,4.047634,0.521247,0.9510435,0.9972087,0,0.9947419,0,4,4,0
YLVLYPLFEAVPFR_run3,3,PP_TrainingDataset_Feb09.wiff,45.91096,45.69677,46.22036,YLVLYPLFEAVPFR,YLVLYPLFEAVPFR,yeast_p,0,2.09848141033,8.21001602647723,0,0,6.762679,2.659035,0.8626484,0.9801371,0.9983702,0,0.9955862,0,4,4,0
YMVITTSGGGHR_run3,3,PP_TrainingDataset_Feb09.wiff,17.78413,17.60983,18.08293,YMVITTSGGGHR,YMVITTSGGGHR,yeast_p,0,2.02885950667011,7.41885803034216,0,0,6.047566,1.915866,0.8357779,0.9406868,0.9748165,0,0.9910511,0.1189957,4,3.2,0
YSLELFGPYVEDQSIEVK_run4,4,PP_TrainingDataset_Feb09.wiff,37.15118,36.92479,37.49078,YSLELFGPYVEDQSIEVK,YSLELFGPYVEDQSIEVK,yeast_p,0,1.97637202396673,6.82240936325825,0,0,5.704004,0.3511841,0.7984865,0.9864615,0.9700308,0,0.9785265,0,3.2,3.2,0
YVAMHMQTEPFVYIK_run1,1,PP_TrainingDataset_Feb09.wiff,30.6831,30.4473,30.9189,YVAMHMQTEPFVYIK,YVAMHMQTEPFVYIK,yeast_p,0,2.04816239823361,7.63820907083645,0,0,6.686499,1.7969,0.6712569,0.9729416,0.9968433,0,0.9963108,0,4,4,0
YWLLQAGVSMLINR_run2,2,PP_TrainingDataset_Feb09.wiff,41.08949,40.88948,41.10949,YWLLQAGVSMLINR,YWLLQAGVSMLINR,yeast_p,0,1.50229489544125,1.43516926637788,0.0756194345597021,0.0475050702545245,2.82123,2.779485,0.6891888,0.7207899,0.6495444,0,0.6303197,5.928053,3.2,2.4,0
YYGEMEFWLASFK_run1,1,PP_TrainingDataset_Feb09.wiff,41.75727,41.49827,42.05326,YYGEMEFWLASFK,YYGEMEFWLASFK,yeast_p,0,2.04021407766156,7.54788724615415,0,0,5.470892,0.052733,0.8983479,0.9790484,0.9888972,0,0.984659,0,4,4,0
DECOY_RILEVLAALGAAAA_run1,1,PP_TrainingDataset_Feb09.wiff,44.40635,44.24395,44.48755,RILEVLAALGAAAA,RILEVLAALGAAAA,Decoys,1,1.33203542248054,-0.499597471812065,0.691320730804891,0.27784172593547,2.704764,8.116349,0.6841904,0.8552697,0.7140968,5.671186,0.7734776,2.038927,0,3.2,0
DECOY_RNAQLNLSNELANDFA_run3,3,PP_TrainingDataset_Feb09.wiff,31.74143,31.55243,31.89263,RNAQLNLSNELANDFA,RNAQLNLSNELANDFA,Decoys,1,1.36106132546827,-0.169757665133327,0.567399639034484,0.246403317385682,3.915824,0.3085659,0.8117473,0.4888865,0.7032349,3.149356,0.5495529,5.228076,4,2.4,0
DECOY_KPLVEVLPVTIA_run4,4,PP_TrainingDataset_Feb09.wiff,34.31908,34.20588,34.43229,KPLVEVLPVTIA,KPLVEVLPVTIA,Decoys,1,1.41361581966584,0.427452496202687,0.33452488901497,0.17043880403727,3.301914,1.180916,0.590269,0.8534192,0.7903966,4.274783,0.6983446,4.927297,0.8,3.2,0
DECOY_KPPTLLVLTQVA_run3,3,PP_TrainingDataset_Feb09.wiff,29.09855,28.90955,29.32535,KPPTLLVLTQVA,KPPTLLVLTQVA,Decoys,1,1.46205040855375,0.977845551747125,0.164075358841178,0.0947914363053022,4.53146,1.691451,0.6086782,0.8227617,0.632806,2.095852,0.6580729,3.32039,3.2,0,0
DECOY_KSFPSPVVPEVDD_run1,1,PP_TrainingDataset_Feb09.wiff,27.81008,27.54908,28.28858,KSFPSPVVPEVDD,KSFPSPVVPEVDD,Decoys,1,1.34203682084928,-0.385945217621803,0.650231379397542,0.266289842642329,4.184674,2.080083,0.8137837,0.7621113,0.492072,7.572212,0.442223,11.55067,3.2,1.6,0
DECOY_KWNEEDGNHLGD_run4,4,PP_TrainingDataset_Feb09.wiff,16.91148,16.78008,16.95528,KWNEEDGNHLGD,KWNEEDGNHLGD,Decoys,1,1.50007168430253,1.40990550343787,0.0792837937248647,0.0484486616777449,3.78945,0.3214838,0.708745,0.8069467,0.7539011,2.390823,0.4456103,11.29846,4,0.8,0
DECOY_KLDENGFND_run1,1,PP_TrainingDataset_Feb09.wiff,18.86893,18.86893,19.28253,KLDENGFND,KLDENGFND,Decoys,1,1.35209479726375,-0.271650031093711,0.607054436920303,0.259960290417996,4.045516,0.9389327,0.8470529,0.7813181,0.5583532,6.029993,0.4956167,8.666998,3.2,0,0
DECOY_KYFELNEIPAIPD_run1,1,PP_TrainingDataset_Feb09.wiff,35.4906,35.1621,35.8191,KYFELNEIPAIPD,KYFELNEIPAIPD,Decoys,1,1.3620956081635,-0.158004452687533,0.562773354969409,0.246045584446085,4.207584,1.180601,0.5686671,0.6586216,0.5298311,2.50362,0.5094857,7.589622,3.2,2.4,0
DECOY_RVAAFLSSDSIDGEQVD_run2,2,PP_TrainingDataset_Feb09.wiff,31.95372,31.85862,31.98542,RVAAFLSSDSIDGEQVD,RVAAFLSSDSIDGEQVD,Decoys,1,1.28640703091173,-1.01810192145766,0.845685238940725,0.320004734377295,3.295003,3.003716,0.7025309,0.7192641,0.6553063,2.40184,0.6723155,2.543031,0.8,0,0
DECOY_KYNTDITDSGDSFE_run3,3,PP_TrainingDataset_Feb09.wiff,20.36698,20.02098,20.60918,KYNTDITDSGDSFE,KYNTDITDSGDSFE,Decoys,1,1.40402424541519,0.318457334263497,0.375069026767409,0.188849845592785,4.43961,1.953017,0.5837675,0.5916934,0.7061449,2.140465,0.5187209,6.780354,4,2.4,0
DECOY_KSVTQLLQGE_run2,2,PP_TrainingDataset_Feb09.wiff,19.64837,19.53587,19.98587,KSVTQLLQGE,KSVTQLLQGE,Decoys,1,1.39335894811378,0.197260774020234,0.421811736990634,0.205215794201547,4.23629,1.461635,0.7344469,0.778021,0.5437402,5.338818,0.5789547,7.435596,3.2,0,0
DECOY_RTFSELSSYQGIE_run2,2,PP_TrainingDataset_Feb09.wiff,26.35325,25.94115,26.79705,RTFSELSSYQGIE,RTFSELSSYQGIE,Decoys,1,1.28145539689704,-1.07437048980641,0.858671668411598,0.323029697418864,4.424513,1.066749,0.7288986,0.9172246,0.5624746,7.867105,0.4186408,7.1104,3.2,2.4,0
DECOY_KDLEMSVLLE_run4,4,PP_TrainingDataset_Feb09.wiff,27.935,27.6627,28.4796,KDLEMSVLLE,KDLEMSVLLE,Decoys,1,1.37941780685617,0.0388387142746073,0.48450948929358,0.22717836241387,4.536684,2.965001,0.6193317,0.8828707,0.4731575,5.02843,0.5186492,4.99495,4,2.4,0
DECOY_KAIIEVPLDNIDAF_run1,1,PP_TrainingDataset_Feb09.wiff,34.20305,34.16655,34.56805,KAIIEVPLDNIDAF,KAIIEVPLDNIDAF,Decoys,1,1.48023808576067,1.18452370182584,0.118102909848399,0.0701096604604638,3.674094,0.6769513,0.6425337,0.8914668,0.6535664,3.126539,0.6823729,2.579072,3.2,2.4,0
DECOY_KPEELANENIQINIPF_run3,3,PP_TrainingDataset_Feb09.wiff,31.56804,31.29083,31.60763,KPEELANENIQINIPF,KPEELANENIQINIPF,Decoys,1,1.22114810901982,-1.75968057932027,0.960769009634989,0.34730394695974,2.733296,1.641965,0.7075873,0.6580203,0.4687259,3.3057,0.691702,3.226456,0,1.6,0
DECOY_RGMLVILQPF_run1,1,PP_TrainingDataset_Feb09.wiff,35.00471,34.76672,35.10271,RGMLVILQPF,RGMLVILQPF,Decoys,1,1.48797857410479,1.27248379664533,0.101600638916892,0.0614407382125241,3.924776,1.364715,0.7026713,0.749264,0.7031065,7.161474,0.6297395,10.65415,4,0,0
DECOY_KSHLHQFVPF_run4,4,PP_TrainingDataset_Feb09.wiff,20.95492,20.63392,21.27592,KSHLHQFVPF,KSHLHQFVPF,Decoys,1,1.34665626441386,-0.333451540751539,0.630603268469187,0.263001588666185,4.487997,3.975082,0.6660458,0.765371,0.5576825,11.70136,0.7330302,8.694417,0.8,3.2,0
DECOY_KFISLFYF_run3,3,PP_TrainingDataset_Feb09.wiff,39.72267,39.66167,39.78367,KFISLFYF,KFISLFYF,Decoys,1,1.38750548957643,0.130744199732181,0.447988833054106,0.214722316496521,2.797619,0.2226677,0.7301139,0.8332195,0.8201729,1.966795,0.7269357,2.195905,0.8,0,0
DECOY_KQENLLLQLIHIHDDG_run3,3,PP_TrainingDataset_Feb09.wiff,34.30072,34.14231,34.65712,KQENLLLQLIHIHDDG,KQENLLLQLIHIHDDG,Decoys,1,1.34382498247338,-0.365625199166119,0.642677615552012,0.264872752756543,4.143512,3.109284,0.6807443,0.6270891,0.5829595,4.773485,0.4707848,9.383686,3.2,3.2,0
DECOY_RNLYSYPDILIG_run2,2,PP_TrainingDataset_Feb09.wiff,32.5301,32.1773,32.6869,RNLYSYPDILIG,RNLYSYPDILIG,Decoys,1,1.3517360077135,-0.275727185073818,0.608621193000171,0.259960290417996,4.450886,0.570098,0.9255022,0.5258312,0.5000209,7.179864,0.7462953,4.119245,2.4,0.8,0
DECOY_KWITFIGTSSG_run2,2,PP_TrainingDataset_Feb09.wiff,32.42558,32.15118,32.93518,KWITFIGTSSG,KWITFIGTSSG,Decoys,1,1.31953081264376,-0.641695310866335,0.73946448271768,0.29354418296263,4.288873,1.415583,0.7391958,0.7166817,0.4407985,8.641198,0.4363366,12.97975,3.2,2.4,0
DECOY_KYDQLFFYH_run3,3,PP_TrainingDataset_Feb09.wiff,28.9501,28.7989,29.0635,KYDQLFFYH,KYDQLFFYH,Decoys,1,1.3460330891067,-0.340533078332912,0.633272441673661,0.263001588666185,3.707863,2.4699,0.4279448,0.6986446,0.6131153,1.57038,0.7926568,1.234039,0,3.2,0
DECOY_REVALAEWAI_run4,4,PP_TrainingDataset_Feb09.wiff,27.61495,27.57605,27.80945,REVALAEWAI,REVALAEWAI,Decoys,1,1.33577150708068,-0.457141964992234,0.676215495603985,0.27346950189867,4.137731,4.05505,0.6838864,0.7911673,0.5715987,3.660421,0.5311506,4.296983,2.4,3.2,0
DECOY_RGLELSSYSQSDEEEI_run1,1,PP_TrainingDataset_Feb09.wiff,24.55637,24.40787,24.64547,RGLELSSYSQSDEEEI,RGLELSSYSQSDEEEI,Decoys,1,1.22531025795115,-1.71238343237325,0.956586984742097,0.34730394695974,2.929982,1.913632,0.480093,0.4846564,0.221463,0,0.752924,4.14756,0,0.8,0
DECOY_KFQELIVEI_run4,4,PP_TrainingDataset_Feb09.wiff,29.08658,28.69758,29.20328,KFQELIVEI,KFQELIVEI,Decoys,1,1.36509191436895,-0.123955518534606,0.549324752781187,0.243455772787795,4.048779,1.843416,0.8115718,0.8415397,0.5099824,3.107306,0.4766978,7.167347,2.4,0.8,0
DECOY_KSTSLVFI_run3,3,PP_TrainingDataset_Feb09.wiff,24.37208,24.37208,24.76928,KSTSLVFI,KSTSLVFI,Decoys,1,1.46423207218077,1.00263718387237,0.158017973964375,0.0921143462431436,3.983711,1.207916,0.7054647,0.7483997,0.6383309,2.555703,0.5481545,8.317437,2.4,3.2,0
DECOY_RWSSIPLSQLHLI_run1,1,PP_TrainingDataset_Feb09.wiff,30.01785,29.90835,30.30985,RWSSIPLSQLHLI,RWSSIPLSQLHLI,Decoys,1,1.16879425714522,-2.35461071425888,0.990728941096065,0.356144390590089,4.044641,4.062149,0.6419672,0.7430761,0.5263882,4.581979,0.4545974,6.177741,0,4,0
DECOY_KFNLVIQPI_run4,4,PP_TrainingDataset_Feb09.wiff,33.32053,33.06503,33.53954,KFNLVIQPI,KFNLVIQPI,Decoys,1,1.47202087222482,1.09114627528202,0.137604261676083,0.0809436833388724,4.591912,3.470534,0.8384016,0.8132319,0.8185866,1.078102,0.5269855,4.282582,3.2,0,0
DECOY_KTYSNNYLISESSLSI_run2,2,PP_TrainingDataset_Feb09.wiff,30.85048,30.81878,31.00898,KTYSNNYLISESSLSI,KTYSNNYLISESSLSI,Decoys,1,1.30800612584302,-0.772657660874819,0.780137494969255,0.305574316804513,3.247621,1.280483,0.7494009,0.5919516,0.5066239,4.320982,0.6867263,4.43364,1.6,2.4,0
DECOY_RNLNTLLATI_run4,4,PP_TrainingDataset_Feb09.wiff,27.32315,27.12865,27.59545,RNLNTLLATI,RNLNTLLATI,Decoys,1,1.44017653454192,0.729278801612708,0.232915568377308,0.129922477289574,4.169285,2.486849,0.5600927,0.846756,0.515558,2.832639,0.570482,5.613981,3.2,3.2,0
DECOY_RLLNSLTI_run1,1,PP_TrainingDataset_Feb09.wiff,33.36557,33.27977,33.75167,RLLNSLTI,RLLNSLTI,Decoys,1,1.3651773159709,-0.122985045785264,0.548940530095086,0.243455772787795,4.179743,5.875566,0.5951574,0.8478989,0.5819472,4.028673,0.5230017,7.068125,3.2,0,0
DECOY_KVVYSGLVAAAL_run4,4,PP_TrainingDataset_Feb09.wiff,27.27043,26.74123,27.64843,KVVYSGLVAAAL,KVVYSGLVAAAL,Decoys,1,1.37477356456767,-0.0139367662765218,0.505559785335025,0.232854472307557,4.525798,2.879567,0.7857338,0.8468526,0.4692665,10.54715,0.5505713,11.69619,3.2,0,0
DECOY_RENTGTFESGIL_run3,3,PP_TrainingDataset_Feb09.wiff,24.23413,23.99193,24.68394,RENTGTFESGIL,RENTGTFESGIL,Decoys,1,1.34584590828509,-0.342660133123921,0.634072921038839,0.263001588666185,4.326124,1.104135,0.7305989,0.8519769,0.5740792,5.756845,0.631748,2.375046,3.2,0,0
DECOY_RSGITVVDDIIL_run3,3,PP_TrainingDataset_Feb09.wiff,32.43237,32.32617,32.92797,RSGITVVDDIIL,RSGITVVDDIIL,Decoys,1,1.50573036623819,1.47420870725219,0.0702127030029964,0.04498192970489,4.085326,2.557635,0.6570652,0.8191375,0.5552317,6.336373,0.545876,14.53693,2.4,2.4,0
DECOY_KANLIIPIL_run2,2,PP_TrainingDataset_Feb09.wiff,32.8651,32.6115,32.8968,KANLIIPIL,KANLIIPIL,Decoys,1,1.50397702300759,1.45428435235899,0.0729337433761459,0.0462670805731029,3.79136,2.585101,0.8113477,0.9605007,0.5891083,2.837582,0.6341358,4.190966,3.2,0,0
DECOY_KGTGPPGHVLLL_run1,1,PP_TrainingDataset_Feb09.wiff,21.08697,20.87697,21.33197,KGTGPPGHVLLL,KGTGPPGHVLLL,Decoys,1,1.41910039177695,0.489777179283547,0.312145790435061,0.162884425748846,3.991369,3.963032,0.7005777,0.7527553,0.4836094,3.246769,0.5269881,6.063732,4,3.2,0
DECOY_RNYSISGQVYNMDSL_run3,3,PP_TrainingDataset_Feb09.wiff,25.35382,25.19702,25.43222,RNYSISGQVYNMDSL,RNYSISGQVYNMDSL,Decoys,1,1.50002168867917,1.40933737135423,0.079367716675724,0.0484486616777449,3.552518,1.876183,0.5553775,0.6875695,0.5416766,2.632298,0.863041,1.836456,2.4,3.2,0
DECOY_RSLQNLLVL_run1,1,PP_TrainingDataset_Feb09.wiff,27.37632,27.15882,27.63732,RSLQNLLVL,RSLQNLLVL,Decoys,1,1.30239647384034,-0.836403706359729,0.798536085882833,0.309401089986304,3.976231,3.643682,0.683632,0.7617447,0.5153734,5.427936,0.5891082,6.423954,0.8,3.2,0
DECOY_KSLHELFDDM_run4,4,PP_TrainingDataset_Feb09.wiff,28.95007,28.79887,29.51707,KSLHELFDDM,KSLHELFDDM,Decoys,1,1.44483808617144,0.782250979220964,0.217033544919124,0.122116061079814,4.408801,1.710066,0.696294,0.7600592,0.4786006,5.252463,0.5505203,11.74407,1.6,3.2,0
DECOY_RGQSLPIIQEM_run4,4,PP_TrainingDataset_Feb09.wiff,23.55237,23.43567,23.90247,RGQSLPIIQEM,RGQSLPIIQEM,Decoys,1,1.314310615145,-0.701015736988669,0.75835340279246,0.299206866238058,3.995289,1.687634,0.5048021,0.874247,0.5012959,7.834803,0.5575545,9.433661,1.6,3.2,0
DECOY_RSSYWPVGTIM_run3,3,PP_TrainingDataset_Feb09.wiff,28.21188,27.90948,28.32528,RSSYWPVGTIM,RSSYWPVGTIM,Decoys,1,1.40006902015007,0.273511592614404,0.392229991149007,0.193737310401396,4.215141,1.298116,0.5987384,0.6089234,0.5513972,4.120307,0.6058125,8.085696,4,0,0
DECOY_RTVQDPAIGTLM_run1,1,PP_TrainingDataset_Feb09.wiff,22.02337,21.72637,22.17187,RTVQDPAIGTLM,RTVQDPAIGTLM,Decoys,1,1.58730372851075,2.40117873307673,0.00817117532998868,0.00545075370708766,4.300709,4.536633,0.7797813,0.7704959,0.693619,1.987213,0.6318542,5.080866,4,3.2,0
DECOY_RYHFWYANM_run2,2,PP_TrainingDataset_Feb09.wiff,28.39205,28.23485,28.70645,RYHFWYANM,RYHFWYANM,Decoys,1,1.37845233069833,0.0278673942991712,0.488883956961958,0.227580343909502,4.352363,3.62795,0.7032546,0.6725583,0.3850857,1.929841,0.6566245,3.592849,2.4,0.8,0
DECOY_KINFVEVILNM_run4,4,PP_TrainingDataset_Feb09.wiff,42.93477,42.80917,43.06037,KINFVEVILNM,KINFVEVILNM,Decoys,1,1.50673509572599,1.48562608779531,0.068689025241798,0.0444458398623399,3.126948,5.724769,0.8010715,0.795761,0.7058952,4.494747,0.7101892,5.600297,2.4,3.2,0
DECOY_RAAPFFAINLSM_run2,2,PP_TrainingDataset_Feb09.wiff,33.61442,33.42082,33.71122,RAAPFFAINLSM,RAAPFFAINLSM,Decoys,1,1.29034356772884,-0.973368548535921,0.834814917790805,0.317749622688542,3.73562,0.184418,0.792813,0.9175501,0.6369177,6.594733,0.5921768,6.32486,0,0.8,0
DECOY_RSPQYISINVM_run3,3,PP_TrainingDataset_Feb09.wiff,27.44037,27.40117,27.87157,RSPQYISINVM,RSPQYISINVM,Decoys,1,1.30687081814359,-0.785558884731939,0.783937020020304,0.305574316804513,4.518089,1.300367,0.4552031,0.5195282,0.5715682,3.658469,0.4681218,10.62771,3.2,2.4,0
DECOY_RYTSTYVM_run2,2,PP_TrainingDataset_Feb09.wiff,16.33695,16.33695,16.80615,RYTSTYVM,RYTSTYVM,Decoys,1,1.26096540145935,-1.30721134705288,0.904429528454722,0.33251085604953,3.698471,4.903049,0.6674975,0.8962793,0.4546489,9.628894,0.5474809,9.282344,2.4,0,0
DECOY_KFSNLLPSSYLPEN_run2,2,PP_TrainingDataset_Feb09.wiff,34.01662,33.89902,34.48702,KFSNLLPSSYLPEN,KFSNLLPSSYLPEN,Decoys,1,1.42228003765423,0.525909518798109,0.299475537469327,0.158834663074378,3.951066,2.776617,0.7850127,0.7814887,0.5473194,5.809928,0.6586277,5.735707,2.4,2.4,0
DECOY_RQEHFDFN_run4,4,PP_TrainingDataset_Feb09.wiff,18.4195,18.294,18.6956,RQEHFDFN,RQEHFDFN,Decoys,1,1.3952183707899,0.218390577157948,0.413562403341868,0.202726668304837,3.863712,2.1005,0.7280391,0.8690499,0.5597769,9.397379,0.5984562,8.100715,3.2,3.2,0
DECOY_KSFDIEHPN_run3,3,PP_TrainingDataset_Feb09.wiff,18.35467,18.30487,18.42937,KSFDIEHPN,KSFDIEHPN,Decoys,1,1.38399221488485,0.0908206236915015,0.463817561225279,0.219063682845774,3.257025,0.2353323,0.7857755,0.716397,0.5988287,4.221535,0.6789855,1.084573,3.2,4,0
DECOY_RFVTQYFLSDTN_run4,4,PP_TrainingDataset_Feb09.wiff,32.38903,32.38903,32.72263,RFVTQYFLSDTN,RFVTQYFLSDTN,Decoys,1,1.27419954216245,-1.15682338451757,0.876327737090787,0.325882525625377,3.92808,0.9890343,0.6535792,0.6701924,0.5326567,5.705657,0.5633229,7.281806,2.4,0.8,0
DECOY_KYFPLNEVN_run2,2,PP_TrainingDataset_Feb09.wiff,24.19425,24.08775,25.01075,KYFPLNEVN,KYFPLNEVN,Decoys,1,1.37102858983703,-0.0564932973065313,0.52252558250774,0.238101963860197,4.62418,1.70575,0.7184768,0.8103656,0.4946019,16.13608,0.5646187,14.39221,4,3.2,0
DECOY_RLVSSFDTEGAQLLVN_run2,2,PP_TrainingDataset_Feb09.wiff,34.2549,34.0197,34.4509,RLVSSFDTEGAQLLVN,RLVSSFDTEGAQLLVN,Decoys,1,1.39144677053234,0.17553148332203,0.430331017340138,0.207798120752481,3.794387,0.964898,0.7372954,0.8700585,0.5838709,2.067013,0.579551,4.175891,2.4,0,0
DECOY_KGMGLVAVYSSGQ_run2,2,PP_TrainingDataset_Feb09.wiff,29.11237,28.87657,29.23027,KGMGLVAVYSSGQ,KGMGLVAVYSSGQ,Decoys,1,1.5013521830824,1.4244566259364,0.0771571661477959,0.0480050241869771,4.419601,4.882366,0.6162562,0.7911574,0.6591944,1.440736,0.614956,2.724189,4,3.2,0
DECOY_KFIDHTQEAIQ_run1,1,PP_TrainingDataset_Feb09.wiff,21.04577,20.89537,21.19617,KFIDHTQEAIQ,KFIDHTQEAIQ,Decoys,1,1.43141207254208,0.629682642523615,0.264451120645652,0.141417711575215,3.823921,0.3357668,0.8712429,0.5714087,0.6644623,2.89133,0.6440588,4.583648,4,0,0
DECOY_KGPNQFISSNQ_run4,4,PP_TrainingDataset_Feb09.wiff,20.89623,20.76023,21.23623,KGPNQFISSNQ,KGPNQFISSNQ,Decoys,1,1.53387571270027,1.79404218977581,0.0364032176113757,0.0237929526871736,4.320247,3.766234,0.8280295,0.8522083,0.5286635,2.146901,0.5117899,7.190818,4,2.4,0
DECOY_KIIPFLSVLYSGAS_run4,4,PP_TrainingDataset_Feb09.wiff,39.063,38.9374,39.3142,KIIPFLSVLYSGAS,KIIPFLSVLYSGAS,Decoys,1,1.40127217552498,0.287183812783862,0.38698579000058,0.19261736153875,3.384125,1.887,0.7380198,0.7340955,0.6033617,3.840262,0.6840587,1.149105,3.2,4,0
DECOY_RFNISISAS_run4,4,PP_TrainingDataset_Feb09.wiff,23.65045,23.46745,23.89445,RFNISISAS,RFNISISAS,Decoys,1,1.38567795485054,0.109976759665176,0.456213903104531,0.217056787809249,4.231071,2.26045,0.6542464,0.8279607,0.6034197,5.842566,0.4918104,8.309266,3.2,3.2,0
DECOY_KINPNTVSLSGSTAS_run2,2,PP_TrainingDataset_Feb09.wiff,19.7221,19.4221,19.8721,KINPNTVSLSGSTAS,KINPNTVSLSGSTAS,Decoys,1,1.41655232241979,0.460821845679453,0.322463213572289,0.165597355242539,3.761275,0.6921012,0.8115194,0.8582671,0.651627,3.238116,0.6041248,7.069577,0,2.4,0
DECOY_RLLTFQAAES_run3,3,PP_TrainingDataset_Feb09.wiff,25.45148,25.17708,25.96108,RLLTFQAAES,RLLTFQAAES,Decoys,1,1.41989837652679,0.498845187804401,0.308944225361423,0.162524460974445,4.575584,0.2614828,0.7789955,0.7168985,0.4756221,6.810956,0.4995973,12.90993,3.2,0.8,0
DECOY_RNQNYAGYPASPIS_run4,4,PP_TrainingDataset_Feb09.wiff,20.19402,20.16192,20.29032,RNQNYAGYPASPIS,RNQNYAGYPASPIS,Decoys,1,1.2678532715862,-1.22894009561132,0.890452866458742,0.329243076673821,3.270998,0.3440174,0.7184455,0.5452459,0.8011678,1.246571,0.5435223,1.975379,3.2,1.6,0
DECOY_KYEPAPLVEVTS_run2,2,PP_TrainingDataset_Feb09.wiff,23.84523,23.61283,24.07763,KYEPAPLVEVTS,KYEPAPLVEVTS,Decoys,1,1.29455212701373,-0.925544011207664,0.822658499292838,0.314975408709405,4.452143,1.484766,0.72391,0.6197129,0.4154522,7.455104,0.5482048,6.773973,3.2,4,0
DECOY_RQAVALSAEQLEISSDT_run3,3,PP_TrainingDataset_Feb09.wiff,24.34755,24.30835,24.50435,RQAVALSAEQLEISSDT,RQAVALSAEQLEISSDT,Decoys,1,1.36252690150833,-0.153103391950773,0.560841629483459,0.246045584446085,3.354699,4.75245,0.5985028,0.8065156,0.5322451,1.826777,0.6693796,2.785606,2.4,0,0
DECOY_KPAYGDLAMGYFT_run2,2,PP_TrainingDataset_Feb09.wiff,31.06915,30.78385,31.22765,KPAYGDLAMGYFT,KPAYGDLAMGYFT,Decoys,1,1.40369285891707,0.314691578603108,0.376497919440889,0.188849845592785,3.892667,1.270849,0.6983902,0.7935041,0.612547,2.186957,0.5131193,4.944965,3.2,3.2,0
DECOY_KYFPVSVSGAANYFT_run1,1,PP_TrainingDataset_Feb09.wiff,32.48825,32.14025,32.66225,KYFPVSVSGAANYFT,KYFPVSVSGAANYFT,Decoys,1,1.41732375722131,0.469588150242178,0.319324646162881,0.16529746389608,4.473773,0.5217493,0.5706383,0.8305138,0.6755975,3.277755,0.5795726,3.47324,3.2,3.2,0
DECOY_KTLSFAGT_run3,3,PP_TrainingDataset_Feb09.wiff,18.29608,17.70788,18.60748,KTLSFAGT,KTLSFAGT,Decoys,1,1.35088880760837,-0.285354458995819,0.612313702975686,0.259960290417996,4.525583,0.9939166,0.5612534,0.6693532,0.6018651,6.040823,0.5493239,10.33412,2.4,1.6,0
DECOY_KVWDVTEWGLLYGIIT_run4,4,PP_TrainingDataset_Feb09.wiff,45.87513,45.82017,45.9026,KVWDVTEWGLLYGIIT,KVWDVTEWGLLYGIIT,Decoys,1,1.05723694349303,-3.62230746030644,0.999854006738969,0.357438871437396,2.041094,2.914866,0.3426105,0.7048328,0.2062395,1.412871,0.6655123,0,0.8,0.8,0
DECOY_RMLEQGTIIST_run1,1,PP_TrainingDataset_Feb09.wiff,27.07117,26.89297,27.27907,RMLEQGTIIST,RMLEQGTIIST,Decoys,1,1.35034284559512,-0.291558572782766,0.614687923070189,0.259960290417996,3.968135,1.981165,0.79623,0.7779268,0.6318583,5.606555,0.597109,4.576977,3.2,0,0
DECOY_RALNASVST_run1,1,PP_TrainingDataset_Feb09.wiff,15.45207,15.37327,15.66877,RALNASVST,RALNASVST,Decoys,1,1.3201071489119,-0.635146035092094,0.737333412285455,0.29354418296263,3.55063,1.282066,0.6619111,0.7047539,0.477581,7.602262,0.490794,11.33514,3.2,3.2,0
DECOY_KLNEDSHDMLVDVT_run2,2,PP_TrainingDataset_Feb09.wiff,24.57562,24.40962,24.64202,KLNEDSHDMLVDVT,KLNEDSHDMLVDVT,Decoys,1,1.45400861942117,0.886461584331518,0.187684423074985,0.107471559282917,3.398791,0.1056168,0.8091434,0.7904661,0.646584,4.31053,0.6989241,3.409076,2.4,3.2,0
DECOY_RSTGGIIVNPVT_run4,4,PP_TrainingDataset_Feb09.wiff,21.27005,21.20585,21.59105,RSTGGIIVNPVT,RSTGGIIVNPVT,Decoys,1,1.36552502334979,-0.119033825570592,0.547375721316228,0.243455772787795,4.052918,0.5599499,0.797417,0.6733394,0.6406345,5.840043,0.5960068,4.670918,3.2,3.2,0
DECOY_KWILEPFV_run4,4,PP_TrainingDataset_Feb09.wiff,34.57102,34.31632,35.08042,KWILEPFV,KWILEPFV,Decoys,1,1.36578299238319,-0.116102359281939,0.546214290481441,0.243455772787795,4.307275,0.8910182,0.6095914,0.8442997,0.5214595,12.76331,0.4842442,14.4832,4,3.2,0
DECOY_KLGNFFQGTEEFNV_run2,2,PP_TrainingDataset_Feb09.wiff,30.94218,30.43258,31.21658,KLGNFFQGTEEFNV,KLGNFFQGTEEFNV,Decoys,1,1.53765917785691,1.83703611201031,0.0331022821757028,0.021856248735458,4.563126,2.027816,0.7151691,0.6547831,0.5704136,7.370073,0.9416738,1.600946,4,0.8,0
DECOY_RQLYNNQSV_run2,2,PP_TrainingDataset_Feb09.wiff,17.46555,17.38205,17.56575,RQLYNNQSV,RQLYNNQSV,Decoys,1,1.43766321513039,0.700718353754419,0.241739399915071,0.1336919758203,3.251258,0.5755495,0.7721859,0.5591584,0.4128272,3.306916,0.7227634,6.770028,3.2,0.8,0
DECOY_KLLLVDISPAY_run3,3,PP_TrainingDataset_Feb09.wiff,33.15392,32.55992,33.28592,KLLLVDISPAY,KLLLVDISPAY,Decoys,1,1.34055012792502,-0.402839455397448,0.656466833267394,0.267152614352251,4.528792,0.0639154,0.8651814,0.871417,0.4994323,8.803059,0.3929088,12.91724,3.2,0,0
DECOY_KGVDNGDPFY_run2,2,PP_TrainingDataset_Feb09.wiff,19.99878,19.54878,20.14878,KGVDNGDPFY,KGVDNGDPFY,Decoys,1,1.29994034252583,-0.864314289479188,0.806292368766765,0.31054678068748,4.229853,0.2712169,0.6966036,0.7954846,0.4583476,9.178076,0.5120659,10.77186,3.2,0,0
DECOY_RFPVAEFLPYLVLY_run3,3,PP_TrainingDataset_Feb09.wiff,44.31636,44.29256,44.43536,RFPVAEFLPYLVLY,RFPVAEFLPYLVLY,Decoys,1,1.23854062425782,-1.56203836070658,0.940860524029704,0.343950341120862,2.19189,4.813636,0.5402231,0.5615539,0.8600017,4.633358,0.6888287,4.245104,1.6,2.4,0
DECOY_RHGGGSTTIVMY_run3,3,PP_TrainingDataset_Feb09.wiff,18.30703,18.15763,18.38173,RHGGGSTTIVMY,RHGGGSTTIVMY,Decoys,1,1.43541084789551,0.675123271539846,0.249798724847101,0.134695390848927,3.599939,2.212966,0.7127929,0.6391634,0.7852166,2.597028,0.6197924,5.195433,3.2,2.4,0
DECOY_KVEISQDEVYPGFLELSY_run4,4,PP_TrainingDataset_Feb09.wiff,34.09478,34.06649,34.34948,KVEISQDEVYPGFLELSY,KVEISQDEVYPGFLELSY,Decoys,1,1.27628961073131,-1.13307260532597,0.87140811778584,0.325882525625377,3.408435,3.055216,0.5145535,0.7290395,0.5770369,4.722498,0.5604586,7.748576,1.6,2.4,0
DECOY_RNILMSVGAQLLWY_run2,2,PP_TrainingDataset_Feb09.wiff,42.58949,42.30948,42.86948,RNILMSVGAQLLWY,RNILMSVGAQLLWY,Decoys,1,1.37436514915328,-0.0185778505308573,0.507411063746558,0.232854472307557,3.217294,1.969485,0.8327187,0.8536054,0.4997205,14.16367,0.5145528,18.6549,3.2,0,0
DECOY_KFSALWFEMEGYY_run1,1,PP_TrainingDataset_Feb09.wiff,40.16627,40.01826,40.35126,KFSALWFEMEGYY,KFSALWFEMEGYY,Decoys,1,1.43584872684529,0.680099168696531,0.248220835475988,0.134695390848927,2.805273,1.243733,0.7098096,0.6652675,0.6147475,2.973884,0.8371759,4.291546,0,3.2,0
