transition_group_id;run_id;FileName;RT;MinStartTime;MaxEndTime;Sequence;PeptideModifiedSequence;ProteinName;PrecursorIsDecoy;mProphetScore;pValue;qValue;main_var_Intensity;var_Retention_time_difference;var_Library_intensity_dot-product;var_Co-elution_count;var_Shape_(weighted);var_Co-elution_(weighted);var_Signal_to_noise;var_Product_mass_error;var_Identified_count;var_Reference_intensity_dot-product;var_Reference_shape_(weighted);var_Reference_co-elution_(weighted);var_Reference_co-elution_count;var_Precursor-product_shape_score;var_Precursor_mass_error;var_Precursor_isotope_dot_product
AAAAGLAALVELIR_run1;1;PP_TrainingDataset_Feb09.wiff;43,33045;43,12745;43,55375;AAAAGLAALVELIR;AAAAGLAALVELIR;yeast_p;0;8,879655;0;0;7,174963;5,536544;0,9168009;4;0,9972301;0;#N/A;#N/A;0;0,9874227;0,9862864;0;4;#N/A;#N/A;#N/A
AFDNALENSLNLQANR_run3;3;PP_TrainingDataset_Feb09.wiff;30,49403;30,30503;30,72083;AFDNALENSLNLQANR;AFDNALENSLNLQANR;yeast_p;0;7,420197;0;0;6,667328;1,220653;0,7589388;4;0,9921876;0;#N/A;#N/A;0;0,8326651;0,979609;0;4;#N/A;#N/A;#N/A
AITVPLVEVLPK_run4;4;PP_TrainingDataset_Feb09.wiff;35,33788;34,80018;35,73409;AITVPLVEVLPK;AITVPLVEVLPK;yeast_p;0;8,782847;0;0;7,094483;1,441116;0,871243;4;0,99474;0;#N/A;#N/A;0;0,9851611;0,9968867;0;4;#N/A;#N/A;#N/A
ALHDSFFFPNELLR_run3;3;PP_TrainingDataset_Feb09.wiff;36,70215;36,50135;37,07865;ALHDSFFFPNELLR;ALHDSFFFPNELLR;yeast_p;0;7,385796;0;0;7,418354;1,441084;0,8187559;4;0,997433;0;#N/A;#N/A;0;0,7869906;0,9438782;0,3953739;3,2;#N/A;#N/A;#N/A
AVQTLVLLTPPK_run3;3;PP_TrainingDataset_Feb09.wiff;31,13975;30,27035;31,44215;AVQTLVLLTPPK;AVQTLVLLTPPK;yeast_p;0;7,689667;0;0;6,56081;2,577061;0,8221471;4;0,9874815;0;#N/A;#N/A;0;0,9594485;0,9629862;0,5487407;2,4;#N/A;#N/A;#N/A
AYHVQQDSLPK_run1;1;PP_TrainingDataset_Feb09.wiff;16,31712;15,47502;16,51762;AYHVQQDSLPK;AYHVQQDSLPK;yeast_p;0;1,014721;0,1551195;0,00791426;4,465138;0,7083668;0,8477659;4;0,4518391;7,04092;#N/A;#N/A;0;0,8344278;0,454358;11,80312;3,2;#N/A;#N/A;#N/A
DDVEPVVPSPFSK_run1;1;PP_TrainingDataset_Feb09.wiff;27,85358;27,24458;28,15808;DDVEPVVPSPFSK;DDVEPVVPSPFSK;yeast_p;0;8,9732;0;0;7,359877;2,64287;0,8655764;4;0,9987354;0;#N/A;#N/A;0;0,9930561;0,99828;0;4;#N/A;#N/A;#N/A
DGLHNGDEENWK_run4;4;PP_TrainingDataset_Feb09.wiff;15,23248;14,63388;15,96248;DGLHNGDEENWK;DGLHNGDEENWK;yeast_p;0;5,605808;1,041435E-08;5,481239E-10;5,156544;3,564451;0,824124;4;0,6428286;5,997345;#N/A;#N/A;0;0,9654738;0,8514741;9,11663;2,4;#N/A;#N/A;#N/A
DLNGAPLSYTENIK_run4;4;PP_TrainingDataset_Feb09.wiff;26,42292;25,99502;27,00642;DLNGAPLSYTENIK;DLNGAPLSYTENIK;yeast_p;0;8,652528;0;0;7,035635;0,7349654;0,8740756;4;0,9915014;0;#N/A;#N/A;0;0,9751547;0,9912787;0;4;#N/A;#N/A;#N/A
DNFGNEDLK_run1;1;PP_TrainingDataset_Feb09.wiff;15,29693;15,29693;15,89853;DNFGNEDLK;DNFGNEDLK;yeast_p;0;6,462002;0;0;6,354575;4,013471;0,7706181;1,6;0,9895142;0;#N/A;#N/A;0;0,9753118;0,9959903;0,120581;1,6;#N/A;#N/A;#N/A
DPIAPIENLEFYK_run1;1;PP_TrainingDataset_Feb09.wiff;34,0671;33,8481;34,3956;DPIAPIENLEFYK;DPIAPIENLEFYK;yeast_p;0;8,628817;0;0;7,284798;0,7452572;0,8200867;4;0,9907072;0;#N/A;#N/A;0;0,9674675;0,9932936;0;4;#N/A;#N/A;#N/A
DVQEGDISDSSLFAAVR_run2;2;PP_TrainingDataset_Feb09.wiff;31,57332;31,31972;31,82692;DVQEGDISDSSLFAAVR;DVQEGDISDSSLFAAVR;yeast_p;0;7,846581;0;0;6,265944;2,333316;0,7456864;4;0,993605;0;#N/A;#N/A;0;0,9799632;0,9851438;0;4;#N/A;#N/A;#N/A
EFSDGSDTIDTNYK_run3;3;PP_TrainingDataset_Feb09.wiff;20,88598;20,71298;21,12818;EFSDGSDTIDTNYK;EFSDGSDTIDTNYK;yeast_p;0;8,197571;0;0;6,60433;0,1298808;0,7708507;4;0,9989454;0;#N/A;#N/A;0;0,9742462;0,9973921;0;4;#N/A;#N/A;#N/A
EGQLLQTVSK_run2;2;PP_TrainingDataset_Feb09.wiff;19,68587;19,38587;19,98587;EGQLLQTVSK;EGQLLQTVSK;yeast_p;0;8,313705;0;0;6,819043;0,8496233;0,8355685;4;0,9893358;0;#N/A;#N/A;0;0,9710743;0,9968078;0,09715761;3,2;#N/A;#N/A;#N/A
EIGQYSSLESFTR_run2;2;PP_TrainingDataset_Feb09.wiff;28,03335;27,81145;28,28695;EIGQYSSLESFTR;EIGQYSSLESFTR;yeast_p;0;8,386717;0;0;7,016085;1,075619;0,7461871;4;0,996588;0;#N/A;#N/A;0;0,9887982;0,9939908;0;4;#N/A;#N/A;#N/A
ELLVSMELDK_run4;4;PP_TrainingDataset_Feb09.wiff;29,9189;29,5688;30,1912;ELLVSMELDK;ELLVSMELDK;yeast_p;0;7,693233;0;0;6,58316;0,03206233;0,7944108;3,2;0,9779125;0;#N/A;#N/A;0;0,9863558;0,9938961;0;3,2;#N/A;#N/A;#N/A
ELNHTEFFESSTYPK_run2;2;PP_TrainingDataset_Feb09.wiff;24,58413;24,29013;24,87813;ELNHTEFFESSTYPK;ELNHTEFFESSTYPK;yeast_p;0;8,278989;0;0;6,754913;3,222543;0,7927207;4;0,9964374;0;#N/A;#N/A;0;0,9729921;0,990704;0;4;#N/A;#N/A;#N/A
FADINDLPVEIIAK_run1;1;PP_TrainingDataset_Feb09.wiff;35,51705;35,26155;35,80905;FADINDLPVEIIAK;FADINDLPVEIIAK;yeast_p;0;7,910142;0;0;7,098228;1,718606;0,6705599;4;0,9970826;0;#N/A;#N/A;0;0,9543318;0,9934899;0;3,2;#N/A;#N/A;#N/A
FPINIQINENALEEPK_run3;3;PP_TrainingDataset_Feb09.wiff;33,23124;32,91443;33,90443;FPINIQINENALEEPK;FPINIQINENALEEPK;yeast_p;0;7,283097;0;0;6,054077;2,279624;0,8561323;3,2;0,9435787;0;#N/A;#N/A;0;0,9647807;0,9762476;0,1217592;3,2;#N/A;#N/A;#N/A
FPQLIVLMGR_run1;1;PP_TrainingDataset_Feb09.wiff;37,53872;36,79671;37,97272;FPQLIVLMGR;FPQLIVLMGR;yeast_p;0;7,773228;0;0;6,181237;4,545067;0,7822602;4;0,9930249;0;#N/A;#N/A;0;0,9433961;0,9872223;0;4;#N/A;#N/A;#N/A
FPVFQHLHSK_run4;4;PP_TrainingDataset_Feb09.wiff;20,79442;20,31292;21,11542;FPVFQHLHSK;FPVFQHLHSK;yeast_p;0;8,080742;0;0;6,616704;1,748022;0,7212556;4;0,994799;0;#N/A;#N/A;0;0,9852223;0,9938518;0;4;#N/A;#N/A;#N/A
FWANAWIDYESVMK_run2;2;PP_TrainingDataset_Feb09.wiff;39,32647;39,10007;39,60947;FWANAWIDYESVMK;FWANAWIDYESVMK;yeast_p;0;5,756925;4,276519E-09;2,299204E-10;4,896912;0,9933344;0,7951893;4;0,955407;0;#N/A;#N/A;0;0,9301037;0,8298277;1,504386;4;#N/A;#N/A;#N/A
FYFLSIFK_run3;3;PP_TrainingDataset_Feb09.wiff;41,70517;41,49166;41,97967;FYFLSIFK;FYFLSIFK;yeast_p;0;7,576096;0;0;6,202364;3,015635;0,8975188;4;0,9924377;0;#N/A;#N/A;0;0,8760589;0,9807767;0;3,2;#N/A;#N/A;#N/A
FYHQWSVMSGK_run4;4;PP_TrainingDataset_Feb09.wiff;23,83035;23,63775;24,15135;FYHQWSVMSGK;FYHQWSVMSGK;yeast_p;0;8,260163;0;0;6,39172;1,710978;0,8921235;4;0,9954575;0;#N/A;#N/A;0;0,9439231;0,995015;0;4;#N/A;#N/A;#N/A
GDDHIHILQLLLNEQK_run3;3;PP_TrainingDataset_Feb09.wiff;34,65712;34,45912;34,93431;GDDHIHILQLLLNEQK;GDDHIHILQLLLNEQK;yeast_p;0;7,078883;0;0;6,429963;3,013282;0,7809746;4;0,9972731;0;#N/A;#N/A;0;0,7616426;0,981106;0;4;#N/A;#N/A;#N/A
GILIDPYSYLNR_run1;1;PP_TrainingDataset_Feb09.wiff;34,86637;34,57437;35,15837;GILIDPYSYLNR;GILIDPYSYLNR;yeast_p;0;7,940475;0;0;6,777863;3,418935;0,6443322;4;0,990836;0;#N/A;#N/A;0;0,9786257;0,9946965;0;4;#N/A;#N/A;#N/A
GSSTGIFTIWK_run2;2;PP_TrainingDataset_Feb09.wiff;34,38558;34,03278;34,73838;GSSTGIFTIWK;GSSTGIFTIWK;yeast_p;0;8,009534;0;0;6,334544;1,799569;0,8274524;4;0,9728358;0;#N/A;#N/A;0;0,9929361;0,9732614;0;4;#N/A;#N/A;#N/A
HYFFLQDYK_run3;3;PP_TrainingDataset_Feb09.wiff;28,7989;28,5343;29,1013;HYFFLQDYK;HYFFLQDYK;yeast_p;0;8,103718;0;0;6,507873;2,47536;0,7543726;4;0,9891186;0;#N/A;#N/A;0;0,9748631;0,9894797;0,3944705;4;#N/A;#N/A;#N/A
IAWEALAVER_run4;4;PP_TrainingDataset_Feb09.wiff;30,29905;30,06565;30,57135;IAWEALAVER;IAWEALAVER;yeast_p;0;8,283878;0;0;6,662271;0,9680921;0,8332512;4;0,9922967;0;#N/A;#N/A;0;0,9651163;0,9902301;0;4;#N/A;#N/A;#N/A
IEEEDSQSYSSLELGR_run1;1;PP_TrainingDataset_Feb09.wiff;23,99207;23,72477;24,25937;IEEEDSQSYSSLELGR;IEEEDSQSYSSLELGR;yeast_p;0;8,150167;0;0;6,078975;1,338075;0,9100387;4;0,9867349;0;#N/A;#N/A;0;0,9646106;0,9891673;0;4;#N/A;#N/A;#N/A
IEVILEQFK_run4;4;PP_TrainingDataset_Feb09.wiff;30,95378;30,75928;31,22608;IEVILEQFK;IEVILEQFK;yeast_p;0;8,829919;0;0;7,138204;1,210086;0,8869331;4;0,9968063;0;#N/A;#N/A;0;0,9844979;0,9948608;0;4;#N/A;#N/A;#N/A
IFVLSTSK_run3;3;PP_TrainingDataset_Feb09.wiff;24,14038;23,90868;24,40518;IFVLSTSK;IFVLSTSK;yeast_p;0;8,459929;0;0;7,580688;1,876683;0,8571231;3,2;0,9965348;0;#N/A;#N/A;0;0,9832415;0,9956173;0;3,2;#N/A;#N/A;#N/A
ILHLQSLPISSWR_run1;1;PP_TrainingDataset_Feb09.wiff;32,64585;32,46335;32,90135;ILHLQSLPISSWR;ILHLQSLPISSWR;yeast_p;0;8,376672;0;0;7,074071;0,2019084;0,8522035;4;0,9971684;0;#N/A;#N/A;0;0,948838;0,9948592;0;3,2;#N/A;#N/A;#N/A
IPQIVLNFK_run4;4;PP_TrainingDataset_Feb09.wiff;32,37153;32,04303;32,59053;IPQIVLNFK;IPQIVLNFK;yeast_p;0;8,323789;0;0;6,693965;3,877868;0,8283639;4;0,9956621;0;#N/A;#N/A;0;0,9806185;0,9853094;0;4;#N/A;#N/A;#N/A
ISLSSESILYNNSYTK_run2;2;PP_TrainingDataset_Feb09.wiff;29,07528;28,78998;29,36058;ISLSSESILYNNSYTK;ISLSSESILYNNSYTK;yeast_p;0;7,805456;0;0;6,212478;0,1497763;0,7780499;4;0,9934781;0;#N/A;#N/A;0;0,9744954;0,9782272;0;4;#N/A;#N/A;#N/A
ITALLTNLNR_run4;4;PP_TrainingDataset_Feb09.wiff;26,81745;26,46735;27,16755;ITALLTNLNR;ITALLTNLNR;yeast_p;0;9,032837;0;0;7,422591;0,3840726;0,895873;4;0,9968714;0;#N/A;#N/A;0;0,9854882;0,9969335;0;4;#N/A;#N/A;#N/A
ITLSNLLR_run1;1;PP_TrainingDataset_Feb09.wiff;31,56377;31,39217;31,82117;ITLSNLLR;ITLSNLLR;yeast_p;0;9,113718;0;0;7,356577;5,766769;0,957239;4;0,9952671;0;#N/A;#N/A;0;0,9708623;0,9961009;0;4;#N/A;#N/A;#N/A
LAAAVLGSYVVK_run4;4;PP_TrainingDataset_Feb09.wiff;28,63123;28,44223;28,89583;LAAAVLGSYVVK;LAAAVLGSYVVK;yeast_p;0;8,978032;0;0;7,572766;0,3827147;0,8682443;4;0,9960411;0;#N/A;#N/A;0;0,9785979;0,993656;0;4;#N/A;#N/A;#N/A
LIGSEFTGTNER_run3;3;PP_TrainingDataset_Feb09.wiff;22,46953;22,26193;22,71173;LIGSEFTGTNER;LIGSEFTGTNER;yeast_p;0;8,942117;0;0;7,324958;1,401581;0,8743105;4;0,9985702;0;#N/A;#N/A;0;0,9876398;0,9975448;0;4;#N/A;#N/A;#N/A
LIIDDVVTIGSR_run3;3;PP_TrainingDataset_Feb09.wiff;32,00757;31,79517;32,43237;LIIDDVVTIGSR;LIIDDVVTIGSR;yeast_p;0;8,000451;0;0;6,646607;0,8581769;0,7411842;4;0,9903973;0;#N/A;#N/A;0;0,9789435;0,9822004;0;4;#N/A;#N/A;#N/A
LIPIILNAK_run2;2;PP_TrainingDataset_Feb09.wiff;30,8046;30,551;31,1216;LIPIILNAK;LIPIILNAK;yeast_p;0;8,677845;0;0;7,269205;2,984123;0,8042762;4;0,9933192;0;#N/A;#N/A;0;0,9901776;0,9923484;0;4;#N/A;#N/A;#N/A
LLLVHGPPGTGK_run1;1;PP_TrainingDataset_Feb09.wiff;21,12197;20,87697;21,47197;LLLVHGPPGTGK;LLLVHGPPGTGK;yeast_p;0;8,526098;0;0;6,894658;0,410343;0,7827691;4;0,9956647;0;#N/A;#N/A;0;0,9927003;0,9957026;0,3578725;4;#N/A;#N/A;#N/A
LSDMNYVQGSISYNR_run3;3;PP_TrainingDataset_Feb09.wiff;25,35382;25,11862;25,74582;LSDMNYVQGSISYNR;LSDMNYVQGSISYNR;yeast_p;0;8,458793;0;0;6,522049;0,04761135;0,8980858;4;0,9972545;0;#N/A;#N/A;0;0,9706597;0,9951039;0;4;#N/A;#N/A;#N/A
LVLLNQLSR_run1;1;PP_TrainingDataset_Feb09.wiff;28,85532;28,63782;29,15982;LVLLNQLSR;LVLLNQLSR;yeast_p;0;8,795976;0;0;7,1562;2,098266;0,8789294;4;0,9957944;0;#N/A;#N/A;0;0,9805972;0,9940861;0;4;#N/A;#N/A;#N/A
LYDHGASSDSFSIFSLK_run1;1;PP_TrainingDataset_Feb09.wiff;33,207;32,988;33,4625;LYDHGASSDSFSIFSLK;LYDHGASSDSFSIFSLK;yeast_p;0;8,374076;0;0;6,569057;0,8999992;0,8350353;4;0,991771;0;#N/A;#N/A;0;0,9899715;0,9936042;0;4;#N/A;#N/A;#N/A
MDDFLEHLSK_run4;4;PP_TrainingDataset_Feb09.wiff;27,74047;27,55147;28,00507;MDDFLEHLSK;MDDFLEHLSK;yeast_p;0;7,905209;0;0;6,319691;1,299449;0,7799782;4;0,9912404;0;#N/A;#N/A;0;0,968351;0,9844007;0;4;#N/A;#N/A;#N/A
MEMLLFLNESYIFHR_run2;2;PP_TrainingDataset_Feb09.wiff;41,51843;41,20713;41,77313;MEMLLFLNESYIFHR;MEMLLFLNESYIFHR;yeast_p;0;3,534281;0,0002044429;1,064807E-05;4,834439;1,630482;0,8597247;4;0,9504846;0;#N/A;#N/A;0;0,9187393;0,6295651;2,166638;1,6;#N/A;#N/A;#N/A
MEQIIPLSQGR_run4;4;PP_TrainingDataset_Feb09.wiff;26,00307;25,69187;26,39207;MEQIIPLSQGR;MEQIIPLSQGR;yeast_p;0;7,454181;0;0;6,588873;1,013471;0,8673259;3,2;0,849063;0,6602327;#N/A;#N/A;0;0,971014;0,9931394;0,06888705;3,2;#N/A;#N/A;#N/A
MITGVPWYSSR_run3;3;PP_TrainingDataset_Feb09.wiff;29,91288;29,61048;30,13968;MITGVPWYSSR;MITGVPWYSSR;yeast_p;0;8,64293;0;0;6,734121;1,951427;0,9538049;4;0,9965983;0;#N/A;#N/A;0;0,9467813;0,9960049;0;4;#N/A;#N/A;#N/A
MLTGIAPDQVTR_run1;1;PP_TrainingDataset_Feb09.wiff;23,38957;23,18167;23,62717;MLTGIAPDQVTR;MLTGIAPDQVTR;yeast_p;0;8,360307;0;0;7,267353;0,7736428;0,6666851;4;0,9975268;0;#N/A;#N/A;0;0,9948592;0,9966163;0;4;#N/A;#N/A;#N/A
MNAYWFHYR_run2;2;PP_TrainingDataset_Feb09.wiff;27,68465;27,48815;28,03835;MNAYWFHYR;MNAYWFHYR;yeast_p;0;6,701046;0;0;5,957604;2,768401;0,591465;4;0,981309;0;#N/A;#N/A;0;0,8892168;0,9869986;0;3,2;#N/A;#N/A;#N/A
MNLIVEVFNIK_run4;4;PP_TrainingDataset_Feb09.wiff;41,27057;40,95657;41,80437;MNLIVEVFNIK;MNLIVEVFNIK;yeast_p;0;7,785323;0;0;6,112429;3,557287;0,7630526;4;0,9932172;0;#N/A;#N/A;0;0,9858403;0,9796956;0;4;#N/A;#N/A;#N/A
MSLNIAFFPAAR_run2;2;PP_TrainingDataset_Feb09.wiff;36,51842;36,30062;36,80882;MSLNIAFFPAAR;MSLNIAFFPAAR;yeast_p;0;8,337399;0;0;6,165573;3,709708;0,9147198;4;0,9913159;0;#N/A;#N/A;0;0,9852285;0,9913648;0;4;#N/A;#N/A;#N/A
MTLLNTLSNFGGTWPR_run3;3;PP_TrainingDataset_Feb09.wiff;40,11998;39,90648;40,42498;MTLLNTLSNFGGTWPR;MTLLNTLSNFGGTWPR;yeast_p;0;7,143814;0;0;5,522472;2,515447;0,8259942;4;0,9627451;0;#N/A;#N/A;0;0,8962548;0,988477;0,1455583;3,2;#N/A;#N/A;#N/A
MVNISIYQPSR_run3;3;PP_TrainingDataset_Feb09.wiff;26,69557;26,42117;26,93077;MVNISIYQPSR;MVNISIYQPSR;yeast_p;0;8,027676;0;0;6,255021;2,356254;0,8108596;4;0,9835134;0;#N/A;#N/A;0;0,9864181;0,9850299;0;4;#N/A;#N/A;#N/A
MVYTSTYR_run2;2;PP_TrainingDataset_Feb09.wiff;15,15015;14,40495;15,84015;MVYTSTYR;MVYTSTYR;yeast_p;0;8,299485;0;0;6,508612;3,041083;0,9573935;3,2;0,9861735;0;#N/A;#N/A;0;0,9912277;0,9925478;0;4;#N/A;#N/A;#N/A
NDDNMSGSQEHHMFLDR_run1;1;PP_TrainingDataset_Feb09.wiff;19,34698;19,04618;19,83578;NDDNMSGSQEHHMFLDR;NDDNMSGSQEHHMFLDR;yeast_p;0;7,229718;0;0;5,790401;4,518572;0,7233157;4;0,9624955;0,1951424;#N/A;#N/A;0;0,9404369;0,9710099;0,4882723;4;#N/A;#N/A;#N/A
NEPLYSSPLLNSFK_run2;2;PP_TrainingDataset_Feb09.wiff;34,09502;33,58542;34,44782;NEPLYSSPLLNSFK;NEPLYSSPLLNSFK;yeast_p;0;8,442105;0;0;7,217654;0,3969242;0,7354224;4;0,9956414;0;#N/A;#N/A;0;0,9806602;0,9952328;0;4;#N/A;#N/A;#N/A
NFDFHEQR_run4;4;PP_TrainingDataset_Feb09.wiff;16,0099;15,3824;16,6876;NFDFHEQR;NFDFHEQR;yeast_p;0;7,990966;0;0;6,332699;3,814537;0,8541015;4;0,9797403;0;#N/A;#N/A;0;0,9854887;0,982423;0;3,2;#N/A;#N/A;#N/A
NIPLDHGFISLGGYMK_run4;4;PP_TrainingDataset_Feb09.wiff;33,53405;33,32555;33,74255;NIPLDHGFISLGGYMK;NIPLDHGFISLGGYMK;yeast_p;0;7,854536;0;0;6,524457;1,500979;0,6976533;4;0,9971724;0;#N/A;#N/A;0;0,9606531;0,9928658;0;4;#N/A;#N/A;#N/A
NPHEIDFSK_run3;3;PP_TrainingDataset_Feb09.wiff;17,03497;16,81087;17,35867;NPHEIDFSK;NPHEIDFSK;yeast_p;0;7,113841;0;0;6,61914;1,396941;0,4531316;4;0,9975964;0;#N/A;#N/A;0;0,9673058;0,9903353;0,1794384;3,2;#N/A;#N/A;#N/A
NTDSLFYQTVFR_run4;4;PP_TrainingDataset_Feb09.wiff;34,18213;33,97363;34,47403;NTDSLFYQTVFR;NTDSLFYQTVFR;yeast_p;0;8,726533;0;0;6,99363;1,115601;0,8950445;4;0,9973353;0;#N/A;#N/A;0;0,9719306;0,9956052;0;4;#N/A;#N/A;#N/A
NVENLPFYK_run2;2;PP_TrainingDataset_Feb09.wiff;26,67925;26,46625;26,96325;NVENLPFYK;NVENLPFYK;yeast_p;0;7,671074;0;0;7,088916;1,782731;0,6591724;3,2;0,9970278;0;#N/A;#N/A;0;0,9853035;0,9971486;0;3,2;#N/A;#N/A;#N/A
NVLLQAGETDFSSVLR_run1;1;PP_TrainingDataset_Feb09.wiff;35,23137;35,01237;35,52337;NVLLQAGETDFSSVLR;NVLLQAGETDFSSVLR;yeast_p;0;7,317164;0;0;6,222106;0,7849165;0,5643369;4;0,9859604;0;#N/A;#N/A;0;0,9742703;0,988611;0;4;#N/A;#N/A;#N/A
QDDLMGPNHFSLR_run2;2;PP_TrainingDataset_Feb09.wiff;25,90992;25,70412;26,23332;QDDLMGPNHFSLR;QDDLMGPNHFSLR;yeast_p;0;7,342682;0;0;6,351846;0,7320454;0,5057898;4;0,9912991;0;#N/A;#N/A;0;0,990014;0,9925156;0;4;#N/A;#N/A;#N/A
QGSSYVAVLGMGK_run2;2;PP_TrainingDataset_Feb09.wiff;27,30457;26,99017;27,54037;QGSSYVAVLGMGK;QGSSYVAVLGMGK;yeast_p;0;8,186858;0;0;6,384789;3,210892;0,8637801;4;0,9891183;0;#N/A;#N/A;0;0,9673362;0,9861063;0;4;#N/A;#N/A;#N/A
QIAEQTHDIFK_run1;1;PP_TrainingDataset_Feb09.wiff;20,14337;19,91777;20,51937;QIAEQTHDIFK;QIAEQTHDIFK;yeast_p;0;6,360667;0;0;5,470474;1,326427;0,7699016;4;0,8697163;2,081778;#N/A;#N/A;0;0,9697254;0,969483;0;3,2;#N/A;#N/A;#N/A
QNSSIFQNPGK_run4;4;PP_TrainingDataset_Feb09.wiff;18,38023;17,97223;18,72023;QNSSIFQNPGK;QNSSIFQNPGK;yeast_p;0;8,237363;0;0;6,390025;0,8971482;0,8670375;4;0,9787815;0;#N/A;#N/A;0;0,9694026;0,9919885;0;4;#N/A;#N/A;#N/A
QTGDSNQEDITTLITNNK_run1;1;PP_TrainingDataset_Feb09.wiff;26,67497;26,33567;26,93887;QTGDSNQEDITTLITNNK;QTGDSNQEDITTLITNNK;yeast_p;0;6,63694;0;0;5,912752;4,489656;0,8129906;4;0,9636227;0;#N/A;#N/A;0;0,8041238;0,9225211;2,45822;2,4;#N/A;#N/A;#N/A
SAGSYLVSLFPIIK_run4;4;PP_TrainingDataset_Feb09.wiff;42,2344;42,0146;42,517;SAGSYLVSLFPIIK;SAGSYLVSLFPIIK;yeast_p;0;8,245427;0;0;6,601543;0,530311;0,8040941;4;0,996479;0;#N/A;#N/A;0;0,974755;0,9931782;0;4;#N/A;#N/A;#N/A
SASISINFR_run4;4;PP_TrainingDataset_Feb09.wiff;25,54145;25,32795;25,78545;SASISINFR;SASISINFR;yeast_p;0;8,270071;0;0;6,371476;4,135514;0,8473688;4;0,9909195;0;#N/A;#N/A;0;0,9840987;0,9920071;0;4;#N/A;#N/A;#N/A
SATSGSLSVTNPNIK_run2;2;PP_TrainingDataset_Feb09.wiff;19,7221;19,4971;20,0596;SATSGSLSVTNPNIK;SATSGSLSVTNPNIK;yeast_p;0;8,409348;0;0;6,49438;0,33804;0,8575971;4;0,997053;0;#N/A;#N/A;0;0,9861062;0,9961466;0;4;#N/A;#N/A;#N/A
SEAAQFTLLR_run3;3;PP_TrainingDataset_Feb09.wiff;28,35228;28,15628;28,62668;SEAAQFTLLR;SEAAQFTLLR;yeast_p;0;7,365748;0;0;7,149182;1,136375;0,7772084;4;0,9986931;0;#N/A;#N/A;0;0,7396148;0,9808627;0;4;#N/A;#N/A;#N/A
SIPSAPYGAYNQNR_run4;4;PP_TrainingDataset_Feb09.wiff;20,03352;19,77672;20,45082;SIPSAPYGAYNQNR;SIPSAPYGAYNQNR;yeast_p;0;8,535224;0;0;7,03336;0,1582638;0,7696078;4;0,9971965;0;#N/A;#N/A;0;0,9972254;0,9983151;0;4;#N/A;#N/A;#N/A
SPVQFIHTSTGGLIDSGK_run1;1;PP_TrainingDataset_Feb09.wiff;27,19188;26,80038;27,45288;SPVQFIHTSTGGLIDSGK;SPVQFIHTSTGGLIDSGK;yeast_p;0;8,118928;0;0;6,380401;2,410428;0,8555288;4;0,9955226;0;#N/A;#N/A;0;0,9501908;0,988378;0;4;#N/A;#N/A;#N/A
STVEVLPAPEYK_run2;2;PP_TrainingDataset_Feb09.wiff;23,84523;23,51323;24,21043;STVEVLPAPEYK;STVEVLPAPEYK;yeast_p;0;6,987537;0;0;5,729733;2,20079;0,7418267;4;0,804626;0,7143818;#N/A;#N/A;0;0,9596192;0,9750285;0,6338075;4;#N/A;#N/A;#N/A
SYNTASEIVVSVIGNSK_run3;3;PP_TrainingDataset_Feb09.wiff;34,46152;34,18431;34,69912;SYNTASEIVVSVIGNSK;SYNTASEIVVSVIGNSK;yeast_p;0;5,753652;4,3615E-09;2,319946E-10;6,140774;4,568574;0,8180001;3,2;0,8889487;0,5733327;#N/A;#N/A;0;0,6934491;0,9520264;0;4;#N/A;#N/A;#N/A
TDSSIELQEASLAVAQR_run3;3;PP_TrainingDataset_Feb09.wiff;27,64035;27,36595;27,95395;TDSSIELQEASLAVAQR;TDSSIELQEASLAVAQR;yeast_p;0;7,750719;0;0;6,003343;1,896546;0,8415194;4;0,982908;0;#N/A;#N/A;0;0,9613308;0,9735178;0;4;#N/A;#N/A;#N/A
TFYGMALDGYAPK_run2;2;PP_TrainingDataset_Feb09.wiff;30,72045;30,49855;30,97405;TFYGMALDGYAPK;TFYGMALDGYAPK;yeast_p;0;8,119902;0;0;7,051836;0,679947;0,6348316;4;0,9957149;0;#N/A;#N/A;0;0,9914291;0,9949672;0;4;#N/A;#N/A;#N/A
TFYNAAGSVSVPFYK_run1;1;PP_TrainingDataset_Feb09.wiff;30,92225;30,53075;31,27025;TFYNAAGSVSVPFYK;TFYNAAGSVSVPFYK;yeast_p;0;8,332898;0;0;6,815238;0,8121126;0,7776803;4;0,9967906;0;#N/A;#N/A;0;0,9770136;0,9962578;0;4;#N/A;#N/A;#N/A
TGAFSLTK_run3;3;PP_TrainingDataset_Feb09.wiff;20,68348;20,47588;20,99488;TGAFSLTK;TGAFSLTK;yeast_p;0;8,899609;0;0;7,044445;1,848952;0,9548131;4;0,9983144;0;#N/A;#N/A;0;0,9637721;0,9967875;0;4;#N/A;#N/A;#N/A
TIIGYLLGWETVDWVK_run4;4;PP_TrainingDataset_Feb09.wiff;47,82675;47,63432;48,18417;TIIGYLLGWETVDWVK;TIIGYLLGWETVDWVK;yeast_p;0;5,917171;1,658295E-09;9,012472E-11;4,784814;0,06520442;0,7697399;4;0,8840464;0,4741535;#N/A;#N/A;0;0,8989471;0,9347509;0,6634065;3,2;#N/A;#N/A;#N/A
TSIITGQELMR_run1;1;PP_TrainingDataset_Feb09.wiff;25,88317;25,64557;26,15047;TSIITGQELMR;TSIITGQELMR;yeast_p;0;8,731256;0;0;7,042666;0,03419109;0,8596485;4;0,9987368;0;#N/A;#N/A;0;0,985201;0,9976788;0;4;#N/A;#N/A;#N/A
TSVSANLAR_run1;1;PP_TrainingDataset_Feb09.wiff;15,43237;15,33387;16,04307;TSVSANLAR;TSVSANLAR;yeast_p;0;0,8476074;0,1983283;0,01001658;4,200201;2,13646;0,8318395;3,2;0,5718775;6,944567;#N/A;#N/A;0;0,803041;0,7017215;2,073503;3,2;#N/A;#N/A;#N/A
TVDVLMDHSDENLK_run2;2;PP_TrainingDataset_Feb09.wiff;22,55042;22,35122;22,84922;TVDVLMDHSDENLK;TVDVLMDHSDENLK;yeast_p;0;7,632088;0;0;5,646169;3,102663;0,8385985;4;0,9875436;0;#N/A;#N/A;0;0,9643144;0,9798386;0;4;#N/A;#N/A;#N/A
TVPNVIIGGTSR_run4;4;PP_TrainingDataset_Feb09.wiff;22,81085;22,55405;23,22815;TVPNVIIGGTSR;TVPNVIIGGTSR;yeast_p;0;6,825722;0;0;6,769592;1,464792;0,6790297;4;0,9968136;0;#N/A;#N/A;0;0,8111206;0,9532531;0,3414564;3,2;#N/A;#N/A;#N/A
VFPELIWK_run4;4;PP_TrainingDataset_Feb09.wiff;35,02382;34,62762;35,84452;VFPELIWK;VFPELIWK;yeast_p;0;8,534689;0;0;7,287057;2,292593;0,7597791;4;0,9950897;0;#N/A;#N/A;0;0,9813329;0,9929478;0;4;#N/A;#N/A;#N/A
VGSAYHLSFPISSR_run1;1;PP_TrainingDataset_Feb09.wiff;27,64963;27,25813;28,08463;VGSAYHLSFPISSR;VGSAYHLSFPISSR;yeast_p;0;6,930674;0;0;7,097929;0,3913746;0,6757188;4;0,995864;0;#N/A;#N/A;0;0,6861019;0,9916542;0;4;#N/A;#N/A;#N/A
VNFEETGQFFNGLK_run2;2;PP_TrainingDataset_Feb09.wiff;33,37259;33,05898;33,68618;VNFEETGQFFNGLK;VNFEETGQFFNGLK;yeast_p;0;8,14008;0;0;6,158089;0,06949969;0,869221;4;0,9946283;0;#N/A;#N/A;0;0,9783792;0,9882594;0;4;#N/A;#N/A;#N/A
VSQNNYLQR_run2;2;PP_TrainingDataset_Feb09.wiff;14,49295;14,09215;15,16095;VSQNNYLQR;VSQNNYLQR;yeast_p;0;0,7041109;0,2406819;0,01203409;4,995251;0,570051;0,8142497;3,2;0,6550534;4,268434;#N/A;#N/A;0;0,7941771;0,3654771;14,15375;0;#N/A;#N/A;#N/A
YAPSIDVLLLK_run3;3;PP_TrainingDataset_Feb09.wiff;35,49692;35,29892;35,79391;YAPSIDVLLLK;YAPSIDVLLLK;yeast_p;0;8,29265;0;0;7,587198;2,099915;0,6059931;4;0,9971838;0;#N/A;#N/A;0;0,9784558;0,9951224;0;4;#N/A;#N/A;#N/A
YFPDGNDVGK_run2;2;PP_TrainingDataset_Feb09.wiff;18,04878;16,32378;19,62378;YFPDGNDVGK;YFPDGNDVGK;yeast_p;0;7,074022;0;0;7,259991;0,2977157;0,6278216;3,2;0,9315388;1,537072;#N/A;#N/A;0;0,9887936;0,9941145;0,4024243;2,4;#N/A;#N/A;#N/A
YHLVNDEMEIHTGSHGK_run3;3;PP_TrainingDataset_Feb09.wiff;19,31685;19,14735;19,52025;YHLVNDEMEIHTGSHGK;YHLVNDEMEIHTGSHGK;yeast_p;0;7,952576;0;0;5,916862;2,827989;0,875259;4;0,988677;0;#N/A;#N/A;0;0,9638491;0,9871979;0;4;#N/A;#N/A;#N/A
YIASTSEHLFTAIK_run3;3;PP_TrainingDataset_Feb09.wiff;27,21237;26,97717;27,40837;YIASTSEHLFTAIK;YIASTSEHLFTAIK;yeast_p;0;7,553832;0;0;6,896176;4,172819;0,5162495;4;0,9972087;0;#N/A;#N/A;0;0,9510435;0,9947419;0;4;#N/A;#N/A;#N/A
YLVLYPLFEAVPFR_run3;3;PP_TrainingDataset_Feb09.wiff;45,91096;45,69677;46,22036;YLVLYPLFEAVPFR;YLVLYPLFEAVPFR;yeast_p;0;8,573002;0;0;6,762679;2,741273;0,8698514;4;0,9983702;0;#N/A;#N/A;0;0,9801371;0,9955862;0;4;#N/A;#N/A;#N/A
YMVITTSGGGHR_run3;3;PP_TrainingDataset_Feb09.wiff;17,78413;17,60983;18,08293;YMVITTSGGGHR;YMVITTSGGGHR;yeast_p;0;7,577162;0;0;6,047566;1,97512;0,7955355;4;0,9748165;0;#N/A;#N/A;0;0,9406868;0,9910511;0,1189957;3,2;#N/A;#N/A;#N/A
YSLELFGPYVEDQSIEVK_run4;4;PP_TrainingDataset_Feb09.wiff;37,15118;36,92479;37,49078;YSLELFGPYVEDQSIEVK;YSLELFGPYVEDQSIEVK;yeast_p;0;7,036526;0;0;5,704004;0,3620454;0,7912577;3,2;0,9700308;0;#N/A;#N/A;0;0,9864615;0,9785265;0;3,2;#N/A;#N/A;#N/A
YVAMHMQTEPFVYIK_run1;1;PP_TrainingDataset_Feb09.wiff;30,6831;30,4473;30,9189;YVAMHMQTEPFVYIK;YVAMHMQTEPFVYIK;yeast_p;0;8,029927;0;0;6,686499;1,852474;0,6973405;4;0,9968433;0;#N/A;#N/A;0;0,9729416;0,9963108;0;4;#N/A;#N/A;#N/A
YWLLQAGVSMLINR_run2;2;PP_TrainingDataset_Feb09.wiff;41,08949;40,88948;41,10949;YWLLQAGVSMLINR;YWLLQAGVSMLINR;yeast_p;0;1,108023;0,1339259;0,006903398;2,82123;2,865449;0,6435074;3,2;0,6495444;0;#N/A;#N/A;0;0,7207899;0,6303197;5,928053;2,4;#N/A;#N/A;#N/A
YYGEMEFWLASFK_run1;1;PP_TrainingDataset_Feb09.wiff;41,75727;41,49827;42,05326;YYGEMEFWLASFK;YYGEMEFWLASFK;yeast_p;0;7,804188;0;0;5,470892;0,05436392;0,9009691;4;0,9888972;0;#N/A;#N/A;0;0,9790484;0,984659;0;4;#N/A;#N/A;#N/A
DECOY_RILEVLAALGAAAA_run1;1;PP_TrainingDataset_Feb09.wiff;44,40635;44,24395;44,48755;RILEVLAALGAAAA;RILEVLAALGAAAA;Decoys;1;-0,5371841;0,7044298;#N/A;2,704764;8,36737;0,6180976;0;0,7140968;5,671186;#N/A;#N/A;0;0,8552697;0,7734776;2,038927;3,2;#N/A;#N/A;#N/A
DECOY_RNAQLNLSNELANDFA_run3;3;PP_TrainingDataset_Feb09.wiff;31,74143;31,55243;31,89263;RNAQLNLSNELANDFA;RNAQLNLSNELANDFA;Decoys;1;-0,7499868;0,7733687;#N/A;3,915824;0,3181092;0,574598;4;0,7032349;3,149356;#N/A;#N/A;0;0,4888865;0,5495529;5,228076;2,4;#N/A;#N/A;#N/A
DECOY_KPLVEVLPVTIA_run4;4;PP_TrainingDataset_Feb09.wiff;34,31908;34,20588;34,43229;KPLVEVLPVTIA;KPLVEVLPVTIA;Decoys;1;0,4238161;0,33585;#N/A;3,301914;1,217439;0,5867386;0,8;0,7903966;4,274783;#N/A;#N/A;0;0,8534192;0,6983446;4,927297;3,2;#N/A;#N/A;#N/A
DECOY_KPPTLLVLTQVA_run3;3;PP_TrainingDataset_Feb09.wiff;29,09855;28,90955;29,32535;KPPTLLVLTQVA;KPPTLLVLTQVA;Decoys;1;1,344543;0,08938649;#N/A;4,53146;1,743764;0,7272481;3,2;0,632806;2,095852;#N/A;#N/A;0;0,8227617;0,6580729;3,32039;0;#N/A;#N/A;#N/A
DECOY_KSFPSPVVPEVDD_run1;1;PP_TrainingDataset_Feb09.wiff;29,07158;28,89758;29,59358;KSFPSPVVPEVDD;KSFPSPVVPEVDD;Decoys;1;-0,2798449;0,6102018;#N/A;4,158026;3,444932;0,7964934;3,2;0,6371952;8,428953;#N/A;#N/A;0;0,8883309;0,5319531;6,133317;1,6;#N/A;#N/A;#N/A
DECOY_KWNEEDGNHLGD_run4;4;PP_TrainingDataset_Feb09.wiff;16,91148;16,78008;16,95528;KWNEEDGNHLGD;KWNEEDGNHLGD;Decoys;1;1,096812;0,1363618;#N/A;3,78945;0,3314266;0,6905482;4;0,7539011;2,390823;#N/A;#N/A;0;0,8069467;0,4456103;11,29846;0,8;#N/A;#N/A;#N/A
DECOY_KLDENGFND_run1;1;PP_TrainingDataset_Feb09.wiff;18,79373;18,38013;18,86893;KLDENGFND;KLDENGFND;Decoys;1;-0,5117422;0,6955843;#N/A;4,058083;0,890447;0,8188833;3,2;0,5195044;2,245328;#N/A;#N/A;0;0,770719;0,4150176;7,037721;0,8;#N/A;#N/A;#N/A
DECOY_KYFELNEIPAIPD_run1;1;PP_TrainingDataset_Feb09.wiff;35,4906;35,1621;35,8191;KYFELNEIPAIPD;KYFELNEIPAIPD;Decoys;1;0,02447174;0,4902382;#N/A;4,207584;1,217114;0,6720252;3,2;0,5298311;2,50362;#N/A;#N/A;0;0,6586216;0,5094857;7,589622;2,4;#N/A;#N/A;#N/A
DECOY_RVAAFLSSDSIDGEQVD_run2;2;PP_TrainingDataset_Feb09.wiff;30,05172;30,05172;30,17852;RVAAFLSSDSIDGEQVD;RVAAFLSSDSIDGEQVD;Decoys;1;-1,295886;0,9024926;#N/A;3,055863;1,13579;0,7520667;0;0,6871064;3,080918;#N/A;#N/A;0;0,5598821;0,7426813;2,730286;0,8;#N/A;#N/A;#N/A
DECOY_KYNTDITDSGDSFE_run3;3;PP_TrainingDataset_Feb09.wiff;20,36698;20,02098;20,60918;KYNTDITDSGDSFE;KYNTDITDSGDSFE;Decoys;1;0,5082951;0,3056232;#N/A;4,43961;2,013419;0,6569993;4;0,7061449;2,140465;#N/A;#N/A;0;0,5916934;0,5187209;6,780354;2,4;#N/A;#N/A;#N/A
DECOY_KSVTQLLQGE_run2;2;PP_TrainingDataset_Feb09.wiff;19,64837;19,53587;19,98587;KSVTQLLQGE;KSVTQLLQGE;Decoys;1;0,0153698;0,4938686;#N/A;4,23629;1,50684;0,683459;3,2;0,5437402;5,338818;#N/A;#N/A;0;0,778021;0,5789547;7,435596;0;#N/A;#N/A;#N/A
DECOY_RTFSELSSYQGIE_run2;2;PP_TrainingDataset_Feb09.wiff;26,35325;25,94115;26,79705;RTFSELSSYQGIE;RTFSELSSYQGIE;Decoys;1;-0,961704;0,8319008;#N/A;4,424513;1,099742;0,7100658;3,2;0,5624746;7,867105;#N/A;#N/A;0;0,9172246;0,4186408;7,1104;2,4;#N/A;#N/A;#N/A
DECOY_KDLEMSVLLE_run4;4;PP_TrainingDataset_Feb09.wiff;27,935;27,6627;28,4796;KDLEMSVLLE;KDLEMSVLLE;Decoys;1;0,2907387;0,3856256;#N/A;4,536684;3,056702;0,6626378;4;0,4731575;5,02843;#N/A;#N/A;0;0,8828707;0,5186492;4,99495;2,4;#N/A;#N/A;#N/A
DECOY_KAIIEVPLDNIDAF_run1;1;PP_TrainingDataset_Feb09.wiff;34,20305;34,16655;34,56805;KAIIEVPLDNIDAF;KAIIEVPLDNIDAF;Decoys;1;1,326916;0,0922682;#N/A;3,674094;0,6978879;0,6609505;3,2;0,6535664;3,126539;#N/A;#N/A;0;0,8914668;0,6823729;2,579072;2,4;#N/A;#N/A;#N/A
DECOY_KPEELANENIQINIPF_run3;3;PP_TrainingDataset_Feb09.wiff;31,56804;31,29083;31,60763;KPEELANENIQINIPF;KPEELANENIQINIPF;Decoys;1;-1,491571;0,9320942;#N/A;2,733296;1,692747;0,8305147;0;0,4687259;3,3057;#N/A;#N/A;0;0,6580203;0,691702;3,226456;1,6;#N/A;#N/A;#N/A
DECOY_RGMLVILQPF_run1;1;PP_TrainingDataset_Feb09.wiff;35,00471;34,76672;35,10271;RGMLVILQPF;RGMLVILQPF;Decoys;1;1,319524;0,09349706;#N/A;3,924776;1,406923;0,7673113;4;0,7031065;7,161474;#N/A;#N/A;0;0,749264;0,6297395;10,65415;0;#N/A;#N/A;#N/A
DECOY_KSHLHQFVPF_run4;4;PP_TrainingDataset_Feb09.wiff;20,95492;20,63392;21,27592;KSHLHQFVPF;KSHLHQFVPF;Decoys;1;-0,6755235;0,7503284;#N/A;4,487997;4,098023;0,4923822;0,8;0,5576825;11,70136;#N/A;#N/A;0;0,765371;0,7330302;8,694417;3,2;#N/A;#N/A;#N/A
DECOY_KFISLFYF_run3;3;PP_TrainingDataset_Feb09.wiff;39,72267;39,66167;39,78367;KFISLFYF;KFISLFYF;Decoys;1;0,006200339;0,4975264;#N/A;2,797619;0,2295543;0,696362;0,8;0,8201729;1,966795;#N/A;#N/A;0;0,8332195;0,7269357;2,195905;0;#N/A;#N/A;#N/A
DECOY_KQENLLLQLIHIHDDG_run3;3;PP_TrainingDataset_Feb09.wiff;34,30072;34,14231;34,65712;KQENLLLQLIHIHDDG;KQENLLLQLIHIHDDG;Decoys;1;0,1732535;0,4312261;#N/A;4,143512;3,205447;0,8982012;3,2;0,5829595;4,773485;#N/A;#N/A;0;0,6270891;0,4707848;9,383686;3,2;#N/A;#N/A;#N/A
DECOY_RNLYSYPDILIG_run2;2;PP_TrainingDataset_Feb09.wiff;34,9213;34,5685;35,3133;RNLYSYPDILIG;RNLYSYPDILIG;Decoys;1;-0,3899865;0,6517267;#N/A;4,203436;3,052886;0,4773422;3,2;0,6352924;4,0298;#N/A;#N/A;0;0,7697639;0,5617828;6,888169;0;#N/A;#N/A;#N/A
DECOY_KWITFIGTSSG_run2;2;PP_TrainingDataset_Feb09.wiff;32,42558;32,15118;32,93518;KWITFIGTSSG;KWITFIGTSSG;Decoys;1;-0,8976859;0,8153235;#N/A;4,288873;1,459364;0,6889207;3,2;0,4407985;8,641198;#N/A;#N/A;0;0,7166817;0,4363366;12,97975;2,4;#N/A;#N/A;#N/A
DECOY_KYDQLFFYH_run3;3;PP_TrainingDataset_Feb09.wiff;28,9501;28,7989;29,0635;KYDQLFFYH;KYDQLFFYH;Decoys;1;0,4242363;0,3356967;#N/A;3,707863;2,546289;0,6932676;0;0,6131153;1,57038;#N/A;#N/A;0;0,6986446;0,7926568;1,234039;3,2;#N/A;#N/A;#N/A
DECOY_REVALAEWAI_run4;4;PP_TrainingDataset_Feb09.wiff;27,61495;27,57605;27,80945;REVALAEWAI;REVALAEWAI;Decoys;1;-0,4135857;0,6604112;#N/A;4,137731;4,180464;0,6569501;2,4;0,5715987;3,660421;#N/A;#N/A;0;0,7911673;0,5311506;4,296983;3,2;#N/A;#N/A;#N/A
DECOY_RGLELSSYSQSDEEEI_run1;1;PP_TrainingDataset_Feb09.wiff;21,70517;21,55667;21,79427;RGLELSSYSQSDEEEI;RGLELSSYSQSDEEEI;Decoys;1;-1,389169;0,9176093;#N/A;3,577963;4,912198;0,5974506;3,2;0,6035066;1,284529;#N/A;#N/A;0;0,6071769;0,5212067;3,574974;0,8;#N/A;#N/A;#N/A
DECOY_KFQELIVEI_run4;4;PP_TrainingDataset_Feb09.wiff;31,92628;31,57618;32,12078;KFQELIVEI;KFQELIVEI;Decoys;1;0,0686305;0,4726419;#N/A;3,897595;1,027096;0,7939079;3,2;0,6155105;5,859947;#N/A;#N/A;0;0,7906261;0,5295362;6,090811;3,2;#N/A;#N/A;#N/A
DECOY_KSTSLVFI_run3;3;PP_TrainingDataset_Feb09.wiff;24,37208;24,37208;24,76928;KSTSLVFI;KSTSLVFI;Decoys;1;0,5153408;0,3031574;#N/A;3,983711;1,245275;0,5730903;2,4;0,6383309;2,555703;#N/A;#N/A;0;0,7483997;0,5481545;8,317437;3,2;#N/A;#N/A;#N/A
DECOY_RWSSIPLSQLHLI_run1;1;PP_TrainingDataset_Feb09.wiff;30,01785;29,90835;30,30985;RWSSIPLSQLHLI;RWSSIPLSQLHLI;Decoys;1;-1,992679;0,9768517;#N/A;4,044641;4,187782;0,7543315;0;0,5263882;4,581979;#N/A;#N/A;0;0,7430761;0,4545974;6,177741;4;#N/A;#N/A;#N/A
DECOY_KFNLVIQPI_run4;4;PP_TrainingDataset_Feb09.wiff;33,32053;33,06503;33,53954;KFNLVIQPI;KFNLVIQPI;Decoys;1;0,883038;0,1886079;#N/A;4,591912;3,57787;0,7375805;3,2;0,8185866;1,078102;#N/A;#N/A;0;0,8132319;0,5269855;4,282582;0;#N/A;#N/A;#N/A
DECOY_KTYSNNYLISESSLSI_run2;2;PP_TrainingDataset_Feb09.wiff;30,85048;30,81878;31,00898;KTYSNNYLISESSLSI;KTYSNNYLISESSLSI;Decoys;1;-0,6448213;0,7404785;#N/A;3,247621;1,320085;0,7999;1,6;0,5066239;4,320982;#N/A;#N/A;0;0,5919516;0,6867263;4,43364;2,4;#N/A;#N/A;#N/A
DECOY_RNLNTLLATI_run4;4;PP_TrainingDataset_Feb09.wiff;27,32315;27,12865;27,59545;RNLNTLLATI;RNLNTLLATI;Decoys;1;0,9291735;0,1763996;#N/A;4,169285;2,563762;0,6353058;3,2;0,515558;2,832639;#N/A;#N/A;0;0,846756;0,570482;5,613981;3,2;#N/A;#N/A;#N/A
DECOY_RLLNSLTI_run1;1;PP_TrainingDataset_Feb09.wiff;30,01937;29,89067;30,36257;RLLNSLTI;RLLNSLTI;Decoys;1;0,1946011;0,4228526;#N/A;4,102239;2,607595;0,7323414;3,2;0,5674959;3,033426;#N/A;#N/A;0;0,7509044;0,6384394;2,937463;0;#N/A;#N/A;#N/A
DECOY_KVVYSGLVAAAL_run4;4;PP_TrainingDataset_Feb09.wiff;27,27043;26,74123;27,64843;KVVYSGLVAAAL;KVVYSGLVAAAL;Decoys;1;-0,0213015;0,5084974;#N/A;4,525798;2,968625;0,7981062;3,2;0,4692665;10,54715;#N/A;#N/A;0;0,8468526;0,5505713;11,69619;0;#N/A;#N/A;#N/A
DECOY_RENTGTFESGIL_run3;3;PP_TrainingDataset_Feb09.wiff;24,23413;23,99193;24,68394;RENTGTFESGIL;RENTGTFESGIL;Decoys;1;-0,3437626;0,6344876;#N/A;4,326124;1,138283;0,6549379;3,2;0,5740792;5,756845;#N/A;#N/A;0;0,8519769;0,631748;2,375046;0;#N/A;#N/A;#N/A
DECOY_RSGITVVDDIIL_run3;3;PP_TrainingDataset_Feb09.wiff;32,43237;32,32617;32,92797;RSGITVVDDIIL;RSGITVVDDIIL;Decoys;1;1,586252;0,05634113;#N/A;4,085326;2,636737;0,8126279;2,4;0,5552317;6,336373;#N/A;#N/A;0;0,8191375;0,545876;14,53693;2,4;#N/A;#N/A;#N/A
DECOY_KANLIIPIL_run2;2;PP_TrainingDataset_Feb09.wiff;32,8651;32,6115;32,8968;KANLIIPIL;KANLIIPIL;Decoys;1;1,514095;0,06500082;#N/A;3,79136;2,665052;0,8370225;3,2;0,5891083;2,837582;#N/A;#N/A;0;0,9605007;0,6341358;4,190966;0;#N/A;#N/A;#N/A
DECOY_KGTGPPGHVLLL_run1;1;PP_TrainingDataset_Feb09.wiff;21,08697;20,87697;21,33197;KGTGPPGHVLLL;KGTGPPGHVLLL;Decoys;1;0,2495625;0,4014629;#N/A;3,991369;4,0856;0,6084862;4;0,4836094;3,246769;#N/A;#N/A;0;0,7527553;0,5269881;6,063732;3,2;#N/A;#N/A;#N/A
DECOY_RNYSISGQVYNMDSL_run3;3;PP_TrainingDataset_Feb09.wiff;25,35382;25,19702;25,43222;RNYSISGQVYNMDSL;RNYSISGQVYNMDSL;Decoys;1;2,026479;0,02135785;#N/A;3,552518;1,934209;0,7683574;2,4;0,5416766;2,632298;#N/A;#N/A;0;0,6875695;0,863041;1,836456;3,2;#N/A;#N/A;#N/A
DECOY_RSLQNLLVL_run1;1;PP_TrainingDataset_Feb09.wiff;30,98682;30,94332;31,11732;RSLQNLLVL;RSLQNLLVL;Decoys;1;-0,9308067;0,8240232;#N/A;3,627887;0,03420792;0,6880243;0;0,6211779;2,287403;#N/A;#N/A;0;0,833287;0,6235514;1,823573;2,4;#N/A;#N/A;#N/A
DECOY_KSLHELFDDM_run4;4;PP_TrainingDataset_Feb09.wiff;28,95007;28,79887;29,51707;KSLHELFDDM;KSLHELFDDM;Decoys;1;0,6764679;0,2493718;#N/A;4,408801;1,762954;0,7329568;1,6;0,4786006;5,252463;#N/A;#N/A;0;0,7600592;0,5505203;11,74407;3,2;#N/A;#N/A;#N/A
DECOY_RGQSLPIIQEM_run4;4;PP_TrainingDataset_Feb09.wiff;23,55237;23,43567;23,90247;RGQSLPIIQEM;RGQSLPIIQEM;Decoys;1;-0,4874374;0,6870258;#N/A;3,995289;1,739829;0,6003063;1,6;0,5012959;7,834803;#N/A;#N/A;0;0,874247;0,5575545;9,433661;3,2;#N/A;#N/A;#N/A
DECOY_RSSYWPVGTIM_run3;3;PP_TrainingDataset_Feb09.wiff;28,21188;27,90948;28,32528;RSSYWPVGTIM;RSSYWPVGTIM;Decoys;1;-0,008866318;0,5035371;#N/A;4,215141;1,338264;0,5395294;4;0,5513972;4,120307;#N/A;#N/A;0;0,6089234;0,6058125;8,085696;0;#N/A;#N/A;#N/A
DECOY_RTVQDPAIGTLM_run1;1;PP_TrainingDataset_Feb09.wiff;22,02337;21,72637;22,17187;RTVQDPAIGTLM;RTVQDPAIGTLM;Decoys;1;2,478468;0,006597389;#N/A;4,300709;4,676941;0,7891149;4;0,693619;1,987213;#N/A;#N/A;0;0,7704959;0,6318542;5,080866;3,2;#N/A;#N/A;#N/A
DECOY_RYHFWYANM_run2;2;PP_TrainingDataset_Feb09.wiff;28,39205;28,23485;28,70645;RYHFWYANM;RYHFWYANM;Decoys;1;-0,2573679;0,6015526;#N/A;4,352363;3,740155;0,6029496;2,4;0,3850857;1,929841;#N/A;#N/A;0;0,6725583;0,6566245;3,592849;0,8;#N/A;#N/A;#N/A
DECOY_KINFVEVILNM_run4;4;PP_TrainingDataset_Feb09.wiff;42,93477;42,80917;43,06037;KINFVEVILNM;KINFVEVILNM;Decoys;1;1,148957;0,1252868;#N/A;3,126948;5,901823;0,6765243;2,4;0,7058952;4,494747;#N/A;#N/A;0;0,795761;0,7101892;5,600297;3,2;#N/A;#N/A;#N/A
DECOY_RAAPFFAINLSM_run2;2;PP_TrainingDataset_Feb09.wiff;33,61442;33,42082;33,71122;RAAPFFAINLSM;RAAPFFAINLSM;Decoys;1;-0,8319017;0,7972678;#N/A;3,73562;0,1901217;0,8413327;0;0,6369177;6,594733;#N/A;#N/A;0;0,9175501;0,5921768;6,32486;0,8;#N/A;#N/A;#N/A
DECOY_RSPQYISINVM_run3;3;PP_TrainingDataset_Feb09.wiff;27,44037;27,40117;27,87157;RSPQYISINVM;RSPQYISINVM;Decoys;1;0,2815705;0,3891364;#N/A;4,518089;1,340584;0,9062171;3,2;0,5715682;3,658469;#N/A;#N/A;0;0,5195282;0,4681218;10,62771;2,4;#N/A;#N/A;#N/A
DECOY_RYTSTYVM_run2;2;PP_TrainingDataset_Feb09.wiff;16,33695;16,33695;16,80615;RYTSTYVM;RYTSTYVM;Decoys;1;-1,390378;0,9177929;#N/A;3,698471;5,05469;0,6466137;2,4;0,4546489;9,628894;#N/A;#N/A;0;0,8962793;0,5474809;9,282344;0;#N/A;#N/A;#N/A
DECOY_KFSNLLPSSYLPEN_run2;2;PP_TrainingDataset_Feb09.wiff;32,64462;32,52702;32,87982;KFSNLLPSSYLPEN;KFSNLLPSSYLPEN;Decoys;1;0,8972315;0,1847977;#N/A;3,685473;1,448057;0,7530973;2,4;0,6406897;1,602814;#N/A;#N/A;0;0,6527386;0,6657667;3,257294;4;#N/A;#N/A;#N/A
DECOY_RQEHFDFN_run4;4;PP_TrainingDataset_Feb09.wiff;18,4195;18,294;18,6956;RQEHFDFN;RQEHFDFN;Decoys;1;0,2575641;0,3983717;#N/A;3,863712;2,165463;0,7066643;3,2;0,5597769;9,397379;#N/A;#N/A;0;0,8690499;0,5984562;8,100715;3,2;#N/A;#N/A;#N/A
DECOY_KSFDIEHPN_run3;3;PP_TrainingDataset_Feb09.wiff;18,35467;18,30487;18,42937;KSFDIEHPN;KSFDIEHPN;Decoys;1;-0,02065948;0,5082414;#N/A;3,257025;0,2426106;0,6689466;3,2;0,5988287;4,221535;#N/A;#N/A;0;0,716397;0,6789855;1,084573;4;#N/A;#N/A;#N/A
DECOY_RFVTQYFLSDTN_run4;4;PP_TrainingDataset_Feb09.wiff;33,47323;33,47323;33,84853;RFVTQYFLSDTN;RFVTQYFLSDTN;Decoys;1;-0,9246066;0,8224147;#N/A;3,867749;2,137353;0,6967505;3,2;0,634373;5,238763;#N/A;#N/A;0;0,6885378;0,5265369;4,81725;2,4;#N/A;#N/A;#N/A
DECOY_KYFPLNEVN_run2;2;PP_TrainingDataset_Feb09.wiff;24,19425;24,08775;25,01075;KYFPLNEVN;KYFPLNEVN;Decoys;1;0,08453335;0,4663162;#N/A;4,62418;1,758505;0,7362214;4;0,4946019;16,13608;#N/A;#N/A;0;0,8103656;0,5646187;14,39221;3,2;#N/A;#N/A;#N/A
DECOY_RLVSSFDTEGAQLLVN_run2;2;PP_TrainingDataset_Feb09.wiff;34,2549;34,0197;34,4509;RLVSSFDTEGAQLLVN;RLVSSFDTEGAQLLVN;Decoys;1;-0,09958464;0,539663;#N/A;3,794387;0,9947402;0,6506975;2,4;0,5838709;2,067013;#N/A;#N/A;0;0,8700585;0,579551;4,175891;0;#N/A;#N/A;#N/A
DECOY_KGMGLVAVYSSGQ_run2;2;PP_TrainingDataset_Feb09.wiff;29,11237;28,87657;29,23027;KGMGLVAVYSSGQ;KGMGLVAVYSSGQ;Decoys;1;1,812225;0,03497574;#N/A;4,419601;5,033367;0,7068046;4;0,6591944;1,440736;#N/A;#N/A;0;0,7911574;0,614956;2,724189;3,2;#N/A;#N/A;#N/A
DECOY_KFIDHTQEAIQ_run1;1;PP_TrainingDataset_Feb09.wiff;21,04577;20,89537;21,19617;KFIDHTQEAIQ;KFIDHTQEAIQ;Decoys;1;-0,09136283;0,5363979;#N/A;3,823921;0,3461514;0,6055604;4;0,6644623;2,89133;#N/A;#N/A;0;0,5714087;0,6440588;4,583648;0;#N/A;#N/A;#N/A
DECOY_KGPNQFISSNQ_run4;4;PP_TrainingDataset_Feb09.wiff;20,89623;20,76023;21,23623;KGPNQFISSNQ;KGPNQFISSNQ;Decoys;1;1,473955;0,07024688;#N/A;4,320247;3,882716;0,7310833;4;0,5286635;2,146901;#N/A;#N/A;0;0,8522083;0,5117899;7,190818;2,4;#N/A;#N/A;#N/A
DECOY_KIIPFLSVLYSGAS_run4;4;PP_TrainingDataset_Feb09.wiff;42,046;41,9832;42,1402;KIIPFLSVLYSGAS;KIIPFLSVLYSGAS;Decoys;1;0,7661691;0,2217879;#N/A;2,686624;1,129898;0,8679953;2,4;0,7026169;3,12659;#N/A;#N/A;0;0,6722369;0,7718289;3,807177;0;#N/A;#N/A;#N/A
DECOY_RFNISISAS_run4;4;PP_TrainingDataset_Feb09.wiff;26,60895;26,27345;26,79195;RFNISISAS;RFNISISAS;Decoys;1;0,3450831;0,365016;#N/A;4,439299;5,380361;0,7425826;2,4;0,5167831;6,647456;#N/A;#N/A;0;0,7692616;0,6222218;6,980984;2,4;#N/A;#N/A;#N/A
DECOY_KINPNTVSLSGSTAS_run2;2;PP_TrainingDataset_Feb09.wiff;19,7221;19,4221;19,8721;KINPNTVSLSGSTAS;KINPNTVSLSGSTAS;Decoys;1;0,4101057;0,3408642;#N/A;3,761275;0,7135064;0,833411;0;0,651627;3,238116;#N/A;#N/A;0;0,8582671;0,6041248;7,069577;2,4;#N/A;#N/A;#N/A
DECOY_RLLTFQAAES_run3;3;PP_TrainingDataset_Feb09.wiff;29,68508;29,44988;29,88108;RLLTFQAAES;RLLTFQAAES;Decoys;1;0,9356236;0,1747335;#N/A;5,541737;4,634106;0,7175995;3,2;0,5715178;0,7947699;#N/A;#N/A;0;0,3472893;0,7335095;2,218835;1,6;#N/A;#N/A;#N/A
DECOY_RNQNYAGYPASPIS_run4;4;PP_TrainingDataset_Feb09.wiff;22,24842;22,08792;22,47312;RNQNYAGYPASPIS;RNQNYAGYPASPIS;Decoys;1;-1,146794;0,8742667;#N/A;3,523693;2,472595;0,6734099;0;0,5735314;6,977424;#N/A;#N/A;0;0,7975496;0,5923393;8,434869;3,2;#N/A;#N/A;#N/A
DECOY_KYEPAPLVEVTS_run2;2;PP_TrainingDataset_Feb09.wiff;23,84523;23,61283;24,07763;KYEPAPLVEVTS;KYEPAPLVEVTS;Decoys;1;-1,048081;0,8526995;#N/A;4,452143;1,530687;0,6282874;3,2;0,4154522;7,455104;#N/A;#N/A;0;0,6197129;0,5482048;6,773973;4;#N/A;#N/A;#N/A
DECOY_RQAVALSAEQLEISSDT_run3;3;PP_TrainingDataset_Feb09.wiff;24,34755;24,30835;24,50435;RQAVALSAEQLEISSDT;RQAVALSAEQLEISSDT;Decoys;1;-0,3684756;0,6437407;#N/A;3,354699;4,899433;0,5341354;2,4;0,5322451;1,826777;#N/A;#N/A;0;0,8065156;0,6693796;2,785606;0;#N/A;#N/A;#N/A
DECOY_KPAYGDLAMGYFT_run2;2;PP_TrainingDataset_Feb09.wiff;27,51875;27,42365;27,64555;KPAYGDLAMGYFT;KPAYGDLAMGYFT;Decoys;1;0,3926293;0,3472967;#N/A;3,706185;4,97036;0,8441207;4;0,6271743;1,680625;#N/A;#N/A;0;0,6679779;0,5727671;4,203307;0;#N/A;#N/A;#N/A
DECOY_KYFPVSVSGAANYFT_run1;1;PP_TrainingDataset_Feb09.wiff;32,48825;32,14025;32,66225;KYFPVSVSGAANYFT;KYFPVSVSGAANYFT;Decoys;1;0,7714593;0,2202174;#N/A;4,473773;0,5378858;0,6242815;3,2;0,6755975;3,277755;#N/A;#N/A;0;0,8305138;0,5795726;3,47324;3,2;#N/A;#N/A;#N/A
DECOY_KTLSFAGT_run3;3;PP_TrainingDataset_Feb09.wiff;18,29608;17,70788;18,60748;KTLSFAGT;KTLSFAGT;Decoys;1;-0,4440282;0,6714889;#N/A;4,525583;1,024656;0,5422348;2,4;0,6018651;6,040823;#N/A;#N/A;0;0,6693532;0,5493239;10,33412;1,6;#N/A;#N/A;#N/A
DECOY_KVWDVTEWGLLYGIIT_run4;4;PP_TrainingDataset_Feb09.wiff;45,87513;45,82017;45,9026;KVWDVTEWGLLYGIIT;KVWDVTEWGLLYGIIT;Decoys;1;-3,569343;0,9998211;#N/A;2,041094;3,005017;0,3984618;0,8;0,2062395;1,412871;#N/A;#N/A;0;0,7048328;0,6655123;0;0,8;#N/A;#N/A;#N/A
DECOY_RMLEQGTIIST_run1;1;PP_TrainingDataset_Feb09.wiff;27,07117;26,89297;27,27907;RMLEQGTIIST;RMLEQGTIIST;Decoys;1;-0,389802;0,6516585;#N/A;3,968135;2,042438;0,7220577;3,2;0,6318583;5,606555;#N/A;#N/A;0;0,7779268;0,597109;4,576977;0;#N/A;#N/A;#N/A
DECOY_RALNASVST_run1;1;PP_TrainingDataset_Feb09.wiff;15,45207;15,37327;15,66877;RALNASVST;RALNASVST;Decoys;1;-0,8219906;0,7944589;#N/A;3,55063;1,321718;0,640152;3,2;0,477581;7,602262;#N/A;#N/A;0;0,7047539;0,490794;11,33514;3,2;#N/A;#N/A;#N/A
DECOY_KLNEDSHDMLVDVT_run2;2;PP_TrainingDataset_Feb09.wiff;24,57562;24,40962;24,64202;KLNEDSHDMLVDVT;KLNEDSHDMLVDVT;Decoys;1;0,9727915;0,1653285;#N/A;3,398791;0,1088833;0,8085297;2,4;0,646584;4,31053;#N/A;#N/A;0;0,7904661;0,6989241;3,409076;3,2;#N/A;#N/A;#N/A
DECOY_RSTGGIIVNPVT_run4;4;PP_TrainingDataset_Feb09.wiff;21,27005;21,20585;21,59105;RSTGGIIVNPVT;RSTGGIIVNPVT;Decoys;1;-0,04899326;0,5195377;#N/A;4,052918;0,5772679;0,760582;3,2;0,6406345;5,840043;#N/A;#N/A;0;0,6733394;0,5960068;4,670918;3,2;#N/A;#N/A;#N/A
DECOY_KWILEPFV_run4;4;PP_TrainingDataset_Feb09.wiff;34,57102;34,31632;35,08042;KWILEPFV;KWILEPFV;Decoys;1;-0,3505109;0,6370224;#N/A;4,307275;0,9185755;0,5365857;4;0,5214595;12,76331;#N/A;#N/A;0;0,8442997;0,4842442;14,4832;3,2;#N/A;#N/A;#N/A
DECOY_KLGNFFQGTEEFNV_run2;2;PP_TrainingDataset_Feb09.wiff;33,25498;33,17658;33,68618;KLGNFFQGTEEFNV;KLGNFFQGTEEFNV;Decoys;1;1,595573;0,05529204;#N/A;3,706287;0,2937959;0,8010547;1,6;0,6451791;3,40634;#N/A;#N/A;0;0,8871707;0,6453405;7,513957;2,4;#N/A;#N/A;#N/A
DECOY_RQLYNNQSV_run2;2;PP_TrainingDataset_Feb09.wiff;17,46555;17,38205;17,56575;RQLYNNQSV;RQLYNNQSV;Decoys;1;0,05853318;0,476662;#N/A;3,251258;0,59335;0,6098552;3,2;0,4128272;3,306916;#N/A;#N/A;0;0,5591584;0,7227634;6,770028;0,8;#N/A;#N/A;#N/A
DECOY_KLLLVDISPAY_run3;3;PP_TrainingDataset_Feb09.wiff;33,15392;32,55992;33,28592;KLLLVDISPAY;KLLLVDISPAY;Decoys;1;-0,507219;0,6939994;#N/A;4,528792;0,06589217;0,8686342;3,2;0,4994323;8,803059;#N/A;#N/A;0;0,871417;0,3929088;12,91724;0;#N/A;#N/A;#N/A
DECOY_KGVDNGDPFY_run2;2;PP_TrainingDataset_Feb09.wiff;19,99878;19,54878;20,14878;KGVDNGDPFY;KGVDNGDPFY;Decoys;1;-0,488584;0,6874319;#N/A;4,229853;0,279605;0,8603683;3,2;0,4583476;9,178076;#N/A;#N/A;0;0,7954846;0,5120659;10,77186;0;#N/A;#N/A;#N/A
DECOY_RFPVAEFLPYLVLY_run3;3;PP_TrainingDataset_Feb09.wiff;44,31636;44,29256;44,43536;RFPVAEFLPYLVLY;RFPVAEFLPYLVLY;Decoys;1;-1,470675;0,9293104;#N/A;2,19189;4,962511;0,5697017;1,6;0,8600017;4,633358;#N/A;#N/A;0;0,5615539;0,6888287;4,245104;2,4;#N/A;#N/A;#N/A
DECOY_RHGGGSTTIVMY_run3;3;PP_TrainingDataset_Feb09.wiff;18,30703;18,15763;18,38173;RHGGGSTTIVMY;RHGGGSTTIVMY;Decoys;1;0,8200772;0,206086;#N/A;3,599939;2,281409;0,7622397;3,2;0,7852166;2,597028;#N/A;#N/A;0;0,6391634;0,6197924;5,195433;2,4;#N/A;#N/A;#N/A
DECOY_KVEISQDEVYPGFLELSY_run4;4;PP_TrainingDataset_Feb09.wiff;38,02848;37,91529;38,19828;KVEISQDEVYPGFLELSY;KVEISQDEVYPGFLELSY;Decoys;1;-0,7587586;0,7760015;#N/A;2,929237;0,905654;0,6398076;2,4;0,442459;4,182312;#N/A;#N/A;0;0,6514839;0,7193865;3,53002;1,6;#N/A;#N/A;#N/A
DECOY_RNILMSVGAQLLWY_run2;2;PP_TrainingDataset_Feb09.wiff;42,40948;42,32948;42,54948;RNILMSVGAQLLWY;RNILMSVGAQLLWY;Decoys;1;-0,4250754;0,6646091;#N/A;2,781239;1,84483;0,7581644;0;0,6954604;5,82702;#N/A;#N/A;0;0,6629986;0,7620029;4,53875;4;#N/A;#N/A;#N/A
DECOY_KFSALWFEMEGYY_run1;1;PP_TrainingDataset_Feb09.wiff;40,16627;40,01826;40,35126;KFSALWFEMEGYY;KFSALWFEMEGYY;Decoys;1;0,6576378;0,2553854;#N/A;2,805273;1,282199;0,7434762;0;0,6147475;2,973884;#N/A;#N/A;0;0,6652675;0,8371759;4,291546;3,2;#N/A;#N/A;#N/A
