transition_group_id;run_id;FileName;RT;MinStartTime;MaxEndTime;Sequence;PeptideModifiedSequence;ProteinName;PrecursorIsDecoy;mProphetScore;pValue;qValue;main_var_Intensity;var_Retention_time_difference;var_Library_intensity_dot-product;var_Co-elution_count;var_Shape_(weighted);var_Co-elution_(weighted);var_Signal_to_noise;var_Product_mass_error;var_Identified_count;var_Reference_intensity_dot-product;var_Reference_shape_(weighted);var_Reference_co-elution_(weighted);var_Reference_co-elution_count;var_Precursor-product_shape_score;var_Precursor_mass_error;var_Precursor_isotope_dot_product
AAAAGLAALVELIR_run1;1;PP_TrainingDataset_Feb09.wiff;43,33045;43,12745;43,55375;AAAAGLAALVELIR;AAAAGLAALVELIR;yeast_p;0;8,85806;0;0;7,174963;5,536544;0,9088936;4;0,9972301;0;3,396295;0;0;0,9874227;0,9862864;0;4;#N/A;#N/A;#N/A
AFDNALENSLNLQANR_run3;3;PP_TrainingDataset_Feb09.wiff;30,49403;30,30503;30,72083;AFDNALENSLNLQANR;AFDNALENSLNLQANR;yeast_p;0;7,768992;0;0;6,667328;1,220653;0,8866544;4;0,9921876;0;2,861122;0;0;0,8326651;0,979609;0;4;#N/A;#N/A;#N/A
AITVPLVEVLPK_run4;4;PP_TrainingDataset_Feb09.wiff;35,33788;34,80018;35,73409;AITVPLVEVLPK;AITVPLVEVLPK;yeast_p;0;8,754955;0;0;7,094483;1,441116;0,8610297;4;0,99474;0;3,040917;0;0;0,9851611;0,9968867;0;4;#N/A;#N/A;#N/A
ALHDSFFFPNELLR_run3;3;PP_TrainingDataset_Feb09.wiff;36,70215;36,50135;37,07865;ALHDSFFFPNELLR;ALHDSFFFPNELLR;yeast_p;0;7,471843;0;0;7,418354;1,441084;0,8502635;4;0,997433;0;3,194045;0;0;0,7869906;0,9438782;0,3953739;3,2;#N/A;#N/A;#N/A
AVQTLVLLTPPK_run3;3;PP_TrainingDataset_Feb09.wiff;31,13975;30,27035;31,44215;AVQTLVLLTPPK;AVQTLVLLTPPK;yeast_p;0;7,747171;0;0;6,56081;2,577061;0,8432028;4;0,9874815;0;2,427016;0;0;0,9594485;0,9629862;0,5487407;2,4;#N/A;#N/A;#N/A
AYHVQQDSLPK_run1;1;PP_TrainingDataset_Feb09.wiff;16,31712;15,47502;16,51762;AYHVQQDSLPK;AYHVQQDSLPK;yeast_p;0;0,7445808;0,2282626;0,01152841;4,465138;0,7083668;0,7488507;4;0,4518391;7,04092;0,3956055;0;0;0,8344278;0,454358;11,80312;3,2;#N/A;#N/A;#N/A
DDVEPVVPSPFSK_run1;1;PP_TrainingDataset_Feb09.wiff;27,85358;27,24458;28,15808;DDVEPVVPSPFSK;DDVEPVVPSPFSK;yeast_p;0;8,980408;0;0;7,359877;2,64287;0,8682157;4;0,9987354;0;3,176964;0;0;0,9930561;0,99828;0;4;#N/A;#N/A;#N/A
DGLHNGDEENWK_run4;4;PP_TrainingDataset_Feb09.wiff;18,50288;18,26928;18,85328;DGLHNGDEENWK;DGLHNGDEENWK;yeast_p;0;0,325139;0,3725379;0,0186269;4,436159;0,1929032;0,6627843;2,4;0,5372182;16,63966;0,8689902;0;0;0,8865963;0,8187989;7,729692;3,2;#N/A;#N/A;#N/A
DLNGAPLSYTENIK_run4;4;PP_TrainingDataset_Feb09.wiff;26,42292;25,99502;27,00642;DLNGAPLSYTENIK;DLNGAPLSYTENIK;yeast_p;0;8,616706;0;0;7,035635;0,7349654;0,8609591;4;0,9915014;0;2,597677;0;0;0,9751547;0,9912787;0;4;#N/A;#N/A;#N/A
DNFGNEDLK_run1;1;PP_TrainingDataset_Feb09.wiff;15,29693;15,29693;15,89853;DNFGNEDLK;DNFGNEDLK;yeast_p;0;6,519476;0;0;6,354575;4,013471;0,7916628;1,6;0,9895142;0;1,882199;0;0;0,9753118;0,9959903;0,120581;1,6;#N/A;#N/A;#N/A
DPIAPIENLEFYK_run1;1;PP_TrainingDataset_Feb09.wiff;34,0671;33,8481;34,3956;DPIAPIENLEFYK;DPIAPIENLEFYK;yeast_p;0;8,646571;0;0;7,284798;0,7452572;0,8265876;4;0,9907072;0;3,280579;0;0;0,9674675;0,9932936;0;4;#N/A;#N/A;#N/A
DVQEGDISDSSLFAAVR_run2;2;PP_TrainingDataset_Feb09.wiff;31,57332;31,31972;31,82692;DVQEGDISDSSLFAAVR;DVQEGDISDSSLFAAVR;yeast_p;0;7,841523;0;0;6,265944;2,333316;0,7438343;4;0,993605;0;3,038248;0;0;0,9799632;0,9851438;0;4;#N/A;#N/A;#N/A
EFSDGSDTIDTNYK_run3;3;PP_TrainingDataset_Feb09.wiff;20,88598;20,71298;21,12818;EFSDGSDTIDTNYK;EFSDGSDTIDTNYK;yeast_p;0;8,235103;0;0;6,60433;0,1298808;0,7845934;4;0,9989454;0;3,256191;0;0;0,9742462;0,9973921;0;4;#N/A;#N/A;#N/A
EGQLLQTVSK_run2;2;PP_TrainingDataset_Feb09.wiff;19,68587;19,38587;19,98587;EGQLLQTVSK;EGQLLQTVSK;yeast_p;0;8,345664;0;0;6,819043;0,8496233;0,8472706;4;0,9893358;0;2,903675;0;0;0,9710743;0,9968078;0,09715761;3,2;#N/A;#N/A;#N/A
EIGQYSSLESFTR_run2;2;PP_TrainingDataset_Feb09.wiff;28,03335;27,81145;28,28695;EIGQYSSLESFTR;EIGQYSSLESFTR;yeast_p;0;8,394298;0;0;7,016085;1,075619;0,7489631;4;0,996588;0;2,936397;0;0;0,9887982;0,9939908;0;4;#N/A;#N/A;#N/A
ELLVSMELDK_run4;4;PP_TrainingDataset_Feb09.wiff;29,9189;29,5688;30,1912;ELLVSMELDK;ELLVSMELDK;yeast_p;0;7,662006;0;0;6,58316;0,03206233;0,7829767;3,2;0,9779125;0;2,705666;0;0;0,9863558;0,9938961;0;3,2;#N/A;#N/A;#N/A
ELNHTEFFESSTYPK_run2;2;PP_TrainingDataset_Feb09.wiff;24,58413;24,29013;24,87813;ELNHTEFFESSTYPK;ELNHTEFFESSTYPK;yeast_p;0;8,287438;0;0;6,754913;3,222543;0,7958145;4;0,9964374;0;2,959986;0;0;0,9729921;0,990704;0;4;#N/A;#N/A;#N/A
FADINDLPVEIIAK_run1;1;PP_TrainingDataset_Feb09.wiff;35,51705;35,26155;35,80905;FADINDLPVEIIAK;FADINDLPVEIIAK;yeast_p;0;7,97992;0;0;7,098228;1,718606;0,6961101;4;0,9970826;0;2,974735;0;0;0,9543318;0,9934899;0;3,2;#N/A;#N/A;#N/A
FPINIQINENALEEPK_run3;3;PP_TrainingDataset_Feb09.wiff;33,23124;32,91443;33,90443;FPINIQINENALEEPK;FPINIQINENALEEPK;yeast_p;0;7,255162;0;0;6,054077;2,279624;0,8459036;3,2;0,9435787;0;2,444525;0;0;0,9647807;0,9762476;0,1217592;3,2;#N/A;#N/A;#N/A
FPQLIVLMGR_run1;1;PP_TrainingDataset_Feb09.wiff;37,53872;36,79671;37,97272;FPQLIVLMGR;FPQLIVLMGR;yeast_p;0;7,722451;0;0;6,181237;4,545067;0,7636676;4;0,9930249;0;2,255966;0;0;0,9433961;0,9872223;0;4;#N/A;#N/A;#N/A
FPVFQHLHSK_run4;4;PP_TrainingDataset_Feb09.wiff;20,79442;20,31292;21,11542;FPVFQHLHSK;FPVFQHLHSK;yeast_p;0;8,054899;0;0;6,616704;1,748022;0,711793;4;0,994799;0;2,731789;0;0;0,9852223;0,9938518;0;4;#N/A;#N/A;#N/A
FWANAWIDYESVMK_run2;2;PP_TrainingDataset_Feb09.wiff;39,32647;39,10007;39,60947;FWANAWIDYESVMK;FWANAWIDYESVMK;yeast_p;0;5,785263;3,606002E-09;1,938711E-10;4,896912;0,9933344;0,8055655;4;0,955407;0;1,779213;0;0;0,9301037;0,8298277;1,504386;4;#N/A;#N/A;#N/A
FYFLSIFK_run3;3;PP_TrainingDataset_Feb09.wiff;41,70517;41,49166;41,97967;FYFLSIFK;FYFLSIFK;yeast_p;0;7,693429;0;0;6,202364;3,015635;0,9404817;4;0,9924377;0;3,041958;0;0;0,8760589;0,9807767;0;3,2;#N/A;#N/A;#N/A
FYHQWSVMSGK_run4;4;PP_TrainingDataset_Feb09.wiff;23,83035;23,63775;24,15135;FYHQWSVMSGK;FYHQWSVMSGK;yeast_p;0;8,373291;0;0;6,39172;1,710978;0,9335464;4;0,9954575;0;2,699383;0;0;0,9439231;0,995015;0;4;#N/A;#N/A;#N/A
GDDHIHILQLLLNEQK_run3;3;PP_TrainingDataset_Feb09.wiff;34,65712;34,45912;34,93431;GDDHIHILQLLLNEQK;GDDHIHILQLLLNEQK;yeast_p;0;7,397277;0;0;6,429963;3,013282;0,8975587;4;0,9972731;0;2,521477;0;0;0,7616426;0,981106;0;4;#N/A;#N/A;#N/A
GILIDPYSYLNR_run1;1;PP_TrainingDataset_Feb09.wiff;34,86637;34,57437;35,15837;GILIDPYSYLNR;GILIDPYSYLNR;yeast_p;0;7,980705;0;0;6,777863;3,418935;0,6590627;4;0,990836;0;2,819775;0;0;0,9786257;0,9946965;0;4;#N/A;#N/A;#N/A
GSSTGIFTIWK_run2;2;PP_TrainingDataset_Feb09.wiff;34,38558;34,03278;34,73838;GSSTGIFTIWK;GSSTGIFTIWK;yeast_p;0;8,024184;0;0;6,334544;1,799569;0,8328168;4;0,9728358;0;2,798672;0;0;0,9929361;0,9732614;0;4;#N/A;#N/A;#N/A
HYFFLQDYK_run3;3;PP_TrainingDataset_Feb09.wiff;28,7989;28,5343;29,1013;HYFFLQDYK;HYFFLQDYK;yeast_p;0;8,135635;0;0;6,507873;2,47536;0,7660595;4;0,9891186;0;2,803204;0;0;0,9748631;0,9894797;0,3944705;4;#N/A;#N/A;#N/A
IAWEALAVER_run4;4;PP_TrainingDataset_Feb09.wiff;30,29905;30,06565;30,57135;IAWEALAVER;IAWEALAVER;yeast_p;0;8,237226;0;0;6,662271;0,9680921;0,8161686;4;0,9922967;0;2,731449;0;0;0,9651163;0,9902301;0;4;#N/A;#N/A;#N/A
IEEEDSQSYSSLELGR_run1;1;PP_TrainingDataset_Feb09.wiff;23,99207;23,72477;24,25937;IEEEDSQSYSSLELGR;IEEEDSQSYSSLELGR;yeast_p;0;8,095044;0;0;6,078975;1,338075;0,8898547;4;0,9867349;0;3,983512;0;0;0,9646106;0,9891673;0;4;#N/A;#N/A;#N/A
IEVILEQFK_run4;4;PP_TrainingDataset_Feb09.wiff;30,95378;30,75928;31,22608;IEVILEQFK;IEVILEQFK;yeast_p;0;8,79705;0;0;7,138204;1,210086;0,874898;4;0,9968063;0;3,099733;0;0;0,9844979;0,9948608;0;4;#N/A;#N/A;#N/A
IFVLSTSK_run3;3;PP_TrainingDataset_Feb09.wiff;24,14038;23,90868;24,40518;IFVLSTSK;IFVLSTSK;yeast_p;0;8,437405;0;0;7,580688;1,876683;0,8488755;3,2;0,9965348;0;3,202685;0;0;0,9832415;0,9956173;0;3,2;#N/A;#N/A;#N/A
ILHLQSLPISSWR_run1;1;PP_TrainingDataset_Feb09.wiff;32,64585;32,46335;32,90135;ILHLQSLPISSWR;ILHLQSLPISSWR;yeast_p;0;8,513201;0;0;7,074071;0,2019084;0,9021952;4;0,9971684;0;3,068772;0;0;0,948838;0,9948592;0;3,2;#N/A;#N/A;#N/A
IPQIVLNFK_run4;4;PP_TrainingDataset_Feb09.wiff;32,37153;32,04303;32,59053;IPQIVLNFK;IPQIVLNFK;yeast_p;0;8,303972;0;0;6,693965;3,877868;0,8211079;4;0,9956621;0;2,863119;0;0;0,9806185;0,9853094;0;4;#N/A;#N/A;#N/A
ISLSSESILYNNSYTK_run2;2;PP_TrainingDataset_Feb09.wiff;29,07528;28,78998;29,36058;ISLSSESILYNNSYTK;ISLSSESILYNNSYTK;yeast_p;0;7,783665;0;0;6,212478;0,1497763;0,7700707;4;0,9934781;0;2,881188;0;0;0,9744954;0,9782272;0;4;#N/A;#N/A;#N/A
ITALLTNLNR_run4;4;PP_TrainingDataset_Feb09.wiff;26,81745;26,46735;27,16755;ITALLTNLNR;ITALLTNLNR;yeast_p;0;9,040008;0;0;7,422591;0,3840726;0,8984986;4;0,9968714;0;3,299021;0;0;0,9854882;0,9969335;0;4;#N/A;#N/A;#N/A
ITLSNLLR_run1;1;PP_TrainingDataset_Feb09.wiff;31,56377;31,39217;31,82117;ITLSNLLR;ITLSNLLR;yeast_p;0;9,049;0;0;7,356577;5,766769;0,9335416;4;0,9952671;0;3,167338;0;0;0,9708623;0,9961009;0;4;#N/A;#N/A;#N/A
LAAAVLGSYVVK_run4;4;PP_TrainingDataset_Feb09.wiff;28,63123;28,44223;28,89583;LAAAVLGSYVVK;LAAAVLGSYVVK;yeast_p;0;8,955819;0;0;7,572766;0,3827147;0,8601109;4;0,9960411;0;3,398726;0;0;0,9785979;0,993656;0;4;#N/A;#N/A;#N/A
LIGSEFTGTNER_run3;3;PP_TrainingDataset_Feb09.wiff;22,46953;22,26193;22,71173;LIGSEFTGTNER;LIGSEFTGTNER;yeast_p;0;8,942761;0;0;7,324958;1,401581;0,8745465;4;0,9985702;0;3,236879;0;0;0,9876398;0,9975448;0;4;#N/A;#N/A;#N/A
LIIDDVVTIGSR_run3;3;PP_TrainingDataset_Feb09.wiff;32,00757;31,79517;32,43237;LIIDDVVTIGSR;LIIDDVVTIGSR;yeast_p;0;8,053944;0;0;6,646607;0,8581769;0,7607714;4;0,9903973;0;2,375909;0;0;0,9789435;0,9822004;0;4;#N/A;#N/A;#N/A
LIPIILNAK_run2;2;PP_TrainingDataset_Feb09.wiff;30,8046;30,551;31,1216;LIPIILNAK;LIPIILNAK;yeast_p;0;8,689412;0;0;7,269205;2,984123;0,8085118;4;0,9933192;0;2,949639;0;0;0,9901776;0,9923484;0;4;#N/A;#N/A;#N/A
LLLVHGPPGTGK_run1;1;PP_TrainingDataset_Feb09.wiff;21,12197;20,87697;21,47197;LLLVHGPPGTGK;LLLVHGPPGTGK;yeast_p;0;8,456834;0;0;6,894658;0,410343;0,7790058;4;0,9990064;0;2,933322;0;0;0,9927003;0,9970602;0;4;#N/A;#N/A;#N/A
LSDMNYVQGSISYNR_run3;3;PP_TrainingDataset_Feb09.wiff;25,35382;25,11862;25,74582;LSDMNYVQGSISYNR;LSDMNYVQGSISYNR;yeast_p;0;8,446391;0;0;6,522049;0,04761135;0,8935446;4;0,9972545;0;2,645147;0;0;0,9706597;0,9951039;0;4;#N/A;#N/A;#N/A
LVLLNQLSR_run1;1;PP_TrainingDataset_Feb09.wiff;28,85532;28,63782;29,15982;LVLLNQLSR;LVLLNQLSR;yeast_p;0;8,763763;0;0;7,1562;2,098266;0,8671348;4;0,9957944;0;3,030356;0;0;0,9805972;0,9940861;0;4;#N/A;#N/A;#N/A
LYDHGASSDSFSIFSLK_run1;1;PP_TrainingDataset_Feb09.wiff;33,207;32,988;33,4625;LYDHGASSDSFSIFSLK;LYDHGASSDSFSIFSLK;yeast_p;0;8,373423;0;0;6,569057;0,8999992;0,8347961;4;0,991771;0;2,819393;0;0;0,9899715;0,9936042;0;4;#N/A;#N/A;#N/A
MDDFLEHLSK_run4;4;PP_TrainingDataset_Feb09.wiff;27,74047;27,55147;28,00507;MDDFLEHLSK;MDDFLEHLSK;yeast_p;0;7,974302;0;0;6,319691;1,299449;0,8052776;4;0,9912404;0;2,520675;0;0;0,968351;0,9844007;0;4;#N/A;#N/A;#N/A
MEMLLFLNESYIFHR_run2;2;PP_TrainingDataset_Feb09.wiff;41,51843;41,20713;41,77313;MEMLLFLNESYIFHR;MEMLLFLNESYIFHR;yeast_p;0;3,705532;0,0001054733;5,551227E-06;4,834439;1,630482;0,8608376;4;0,9504846;0;2,035127;0;0;0,9187393;0,6295651;2,166638;2,4;#N/A;#N/A;#N/A
MEQIIPLSQGR_run4;4;PP_TrainingDataset_Feb09.wiff;26,00307;25,69187;26,39207;MEQIIPLSQGR;MEQIIPLSQGR;yeast_p;0;7,448377;0;0;6,588873;1,013471;0,8652009;3,2;0,849063;0,6602327;2,669409;0;0;0,971014;0,9931394;0,06888705;3,2;#N/A;#N/A;#N/A
MITGVPWYSSR_run3;3;PP_TrainingDataset_Feb09.wiff;29,91288;29,61048;30,13968;MITGVPWYSSR;MITGVPWYSSR;yeast_p;0;8,576333;0;0;6,734121;1,951427;0,9294196;4;0,9965983;0;2,998846;0;0;0,9467813;0,9960049;0;4;#N/A;#N/A;#N/A
MLTGIAPDQVTR_run1;1;PP_TrainingDataset_Feb09.wiff;23,38957;23,18167;23,62717;MLTGIAPDQVTR;MLTGIAPDQVTR;yeast_p;0;8,349236;0;0;7,267353;0,7736428;0,6626312;4;0,9975268;0;3,069143;0;0;0,9948592;0,9966163;0;4;#N/A;#N/A;#N/A
MNAYWFHYR_run2;2;PP_TrainingDataset_Feb09.wiff;27,68465;27,48815;28,03835;MNAYWFHYR;MNAYWFHYR;yeast_p;0;6,832057;0;0;5,957604;2,768401;0,6394362;4;0,981309;0;2,572695;0;0;0,8892168;0,9869986;0;3,2;#N/A;#N/A;#N/A
MNLIVEVFNIK_run4;4;PP_TrainingDataset_Feb09.wiff;41,27057;40,95657;41,80437;MNLIVEVFNIK;MNLIVEVFNIK;yeast_p;0;7,753831;0;0;6,112429;3,557287;0,7515217;4;0,9932172;0;2,524003;0;0;0,9858403;0,9796956;0;4;#N/A;#N/A;#N/A
MSLNIAFFPAAR_run2;2;PP_TrainingDataset_Feb09.wiff;36,51842;36,30062;36,80882;MSLNIAFFPAAR;MSLNIAFFPAAR;yeast_p;0;8,311404;0;0;6,165573;3,709708;0,9052016;4;0,9913159;0;2,372519;0;0;0,9852285;0,9913648;0;4;#N/A;#N/A;#N/A
MTLLNTLSNFGGTWPR_run3;3;PP_TrainingDataset_Feb09.wiff;40,11998;39,90648;40,42498;MTLLNTLSNFGGTWPR;MTLLNTLSNFGGTWPR;yeast_p;0;7,305933;0;0;5,522472;2,515447;0,8853559;4;0,9627451;0;2,078765;0;0;0,8962548;0,988477;0,1455583;3,2;#N/A;#N/A;#N/A
MVNISIYQPSR_run3;3;PP_TrainingDataset_Feb09.wiff;26,69557;26,42117;26,93077;MVNISIYQPSR;MVNISIYQPSR;yeast_p;0;8,01228;0;0;6,255021;2,356254;0,8052226;4;0,9835134;0;2,549895;0;0;0,9864181;0,9850299;0;4;#N/A;#N/A;#N/A
MVYTSTYR_run2;2;PP_TrainingDataset_Feb09.wiff;15,15015;14,40495;15,84015;MVYTSTYR;MVYTSTYR;yeast_p;0;8,283648;0;0;6,508612;3,041083;0,9515945;3,2;0,9861735;0;2,498264;0;0;0,9912277;0,9925478;0;4;#N/A;#N/A;#N/A
NDDNMSGSQEHHMFLDR_run1;1;PP_TrainingDataset_Feb09.wiff;19,34698;19,04618;19,83578;NDDNMSGSQEHHMFLDR;NDDNMSGSQEHHMFLDR;yeast_p;0;7,154196;0;0;5,790401;4,518572;0,6956623;4;0,9624955;0,1951424;2,345073;0;0;0,9404369;0,9710099;0,4882723;4;#N/A;#N/A;#N/A
NEPLYSSPLLNSFK_run2;2;PP_TrainingDataset_Feb09.wiff;34,09502;33,58542;34,44782;NEPLYSSPLLNSFK;NEPLYSSPLLNSFK;yeast_p;0;8,493209;0;0;7,217654;0,3969242;0,7541349;4;0,9956414;0;3,127435;0;0;0,9806602;0,9952328;0;4;#N/A;#N/A;#N/A
NFDFHEQR_run4;4;PP_TrainingDataset_Feb09.wiff;16,0099;15,3824;16,6876;NFDFHEQR;NFDFHEQR;yeast_p;0;7,969236;0;0;6,332699;3,814537;0,8461452;4;0,9797403;0;1,949211;0;0;0,9854887;0,982423;0;3,2;#N/A;#N/A;#N/A
NIPLDHGFISLGGYMK_run4;4;PP_TrainingDataset_Feb09.wiff;33,53405;33,32555;33,74255;NIPLDHGFISLGGYMK;NIPLDHGFISLGGYMK;yeast_p;0;7,804911;0;0;6,524457;1,500979;0,6794826;4;0,9971724;0;2,617409;0;0;0,9606531;0,9928658;0;4;#N/A;#N/A;#N/A
NPHEIDFSK_run3;3;PP_TrainingDataset_Feb09.wiff;17,03497;16,81087;17,35867;NPHEIDFSK;NPHEIDFSK;yeast_p;0;7,126318;0;0;6,61914;1,396941;0,4577002;4;0,9975964;0;3,177883;0;0;0,9673058;0,9903353;0,1794384;3,2;#N/A;#N/A;#N/A
NTDSLFYQTVFR_run4;4;PP_TrainingDataset_Feb09.wiff;34,18213;33,97363;34,47403;NTDSLFYQTVFR;NTDSLFYQTVFR;yeast_p;0;8,66429;0;0;6,99363;1,115601;0,8722537;4;0,9973353;0;2,959868;0;0;0,9719306;0,9956052;0;4;#N/A;#N/A;#N/A
NVENLPFYK_run2;2;PP_TrainingDataset_Feb09.wiff;26,67925;26,46625;26,96325;NVENLPFYK;NVENLPFYK;yeast_p;0;7,672623;0;0;7,088916;1,782731;0,6597396;3,2;0,9970278;0;3,281913;0;0;0,9853035;0,9971486;0;3,2;#N/A;#N/A;#N/A
NVLLQAGETDFSSVLR_run1;1;PP_TrainingDataset_Feb09.wiff;35,23137;35,01237;35,52337;NVLLQAGETDFSSVLR;NVLLQAGETDFSSVLR;yeast_p;0;7,293249;0;0;6,222106;0,7849165;0,5555801;4;0,9859604;0;2,726439;0;0;0,9742703;0,988611;0;4;#N/A;#N/A;#N/A
QDDLMGPNHFSLR_run2;2;PP_TrainingDataset_Feb09.wiff;25,90992;25,70412;26,23332;QDDLMGPNHFSLR;QDDLMGPNHFSLR;yeast_p;0;7,353518;0;0;6,351846;0,7320454;0,5068142;4;0,9927353;0;2,312167;0;0;0,990014;0,9930901;0;4;#N/A;#N/A;#N/A
QGSSYVAVLGMGK_run2;2;PP_TrainingDataset_Feb09.wiff;27,30457;26,99017;27,54037;QGSSYVAVLGMGK;QGSSYVAVLGMGK;yeast_p;0;8,233862;0;0;6,384789;3,210892;0,8809912;4;0,9891183;0;2,613392;0;0;0,9673362;0,9861063;0;4;#N/A;#N/A;#N/A
QIAEQTHDIFK_run1;1;PP_TrainingDataset_Feb09.wiff;20,14337;19,91777;20,51937;QIAEQTHDIFK;QIAEQTHDIFK;yeast_p;0;6,379764;0;0;5,470474;1,326427;0,7768941;4;0,8697163;2,081778;2,241834;0;0;0,9697254;0,969483;0;3,2;#N/A;#N/A;#N/A
QNSSIFQNPGK_run4;4;PP_TrainingDataset_Feb09.wiff;18,38023;17,97223;18,72023;QNSSIFQNPGK;QNSSIFQNPGK;yeast_p;0;8,181031;0;0;6,390025;0,8971482;0,846411;4;0,9787815;0;2,391196;0;0;0,9694026;0,9919885;0;4;#N/A;#N/A;#N/A
QTGDSNQEDITTLITNNK_run1;1;PP_TrainingDataset_Feb09.wiff;26,67497;26,33567;26,93887;QTGDSNQEDITTLITNNK;QTGDSNQEDITTLITNNK;yeast_p;0;6,577775;0;0;5,912752;4,489656;0,7913262;4;0,9636227;0;2,29407;0;0;0,8041238;0,9225211;2,45822;2,4;#N/A;#N/A;#N/A
SAGSYLVSLFPIIK_run4;4;PP_TrainingDataset_Feb09.wiff;42,2344;42,0146;42,517;SAGSYLVSLFPIIK;SAGSYLVSLFPIIK;yeast_p;0;8,221585;0;0;6,601543;0,530311;0,7953642;4;0,996479;0;3,212998;0;0;0,974755;0,9931782;0;4;#N/A;#N/A;#N/A
SASISINFR_run4;4;PP_TrainingDataset_Feb09.wiff;25,54145;25,32795;25,78545;SASISINFR;SASISINFR;yeast_p;0;8,266415;0;0;6,371476;4,135514;0,8460299;4;0,9909195;0;2,570651;0;0;0,9840987;0,9920071;0;4;#N/A;#N/A;#N/A
SATSGSLSVTNPNIK_run2;2;PP_TrainingDataset_Feb09.wiff;19,7221;19,4971;20,0596;SATSGSLSVTNPNIK;SATSGSLSVTNPNIK;yeast_p;0;8,392621;0;0;6,49438;0,33804;0,8514723;4;0,997053;0;3,53062;0;0;0,9861062;0,9961466;0;4;#N/A;#N/A;#N/A
SEAAQFTLLR_run3;3;PP_TrainingDataset_Feb09.wiff;28,35228;28,15628;28,62668;SEAAQFTLLR;SEAAQFTLLR;yeast_p;0;7,578279;0;0;7,149182;1,136375;0,8550296;4;0,9986931;0;3,179353;0;0;0,7396148;0,9808627;0;4;#N/A;#N/A;#N/A
SIPSAPYGAYNQNR_run4;4;PP_TrainingDataset_Feb09.wiff;20,03352;19,77672;20,45082;SIPSAPYGAYNQNR;SIPSAPYGAYNQNR;yeast_p;0;8,539082;0;0;7,03336;0,1582638;0,7710202;4;0,9971965;0;3,407404;0;0;0,9972254;0,9983151;0;4;#N/A;#N/A;#N/A
SPVQFIHTSTGGLIDSGK_run1;1;PP_TrainingDataset_Feb09.wiff;27,19188;26,80038;27,45288;SPVQFIHTSTGGLIDSGK;SPVQFIHTSTGGLIDSGK;yeast_p;0;8,20235;0;0;6,380401;2,410428;0,8860748;4;0,9955226;0;2,536351;0;0;0,9501908;0,988378;0;4;#N/A;#N/A;#N/A
STVEVLPAPEYK_run2;2;PP_TrainingDataset_Feb09.wiff;23,84523;23,51323;24,21043;STVEVLPAPEYK;STVEVLPAPEYK;yeast_p;0;7,011966;0;0;5,729733;2,20079;0,7507719;4;0,804626;0,7143818;1,867267;0;0;0,9596192;0,9750285;0,6338075;4;#N/A;#N/A;#N/A
SYNTASEIVVSVIGNSK_run3;3;PP_TrainingDataset_Feb09.wiff;34,46152;34,18431;34,69912;SYNTASEIVVSVIGNSK;SYNTASEIVVSVIGNSK;yeast_p;0;5,776932;3,791397E-09;2,016701E-10;6,140774;4,568574;0,8265244;3,2;0,8889487;0,5733327;2,35768;0;0;0,6934491;0,9520264;0;4;#N/A;#N/A;#N/A
TDSSIELQEASLAVAQR_run3;3;PP_TrainingDataset_Feb09.wiff;27,64035;27,36595;27,95395;TDSSIELQEASLAVAQR;TDSSIELQEASLAVAQR;yeast_p;0;7,726576;0;0;6,003343;1,896546;0,832679;4;0,982908;0;3,916273;0;0;0,9613308;0,9735178;0;4;#N/A;#N/A;#N/A
TFYGMALDGYAPK_run2;2;PP_TrainingDataset_Feb09.wiff;30,72045;30,49855;30,97405;TFYGMALDGYAPK;TFYGMALDGYAPK;yeast_p;0;8,113174;0;0;7,051836;0,679947;0,6323685;4;0,9957149;0;2,928592;0;0;0,9914291;0,9949672;0;4;#N/A;#N/A;#N/A
TFYNAAGSVSVPFYK_run1;1;PP_TrainingDataset_Feb09.wiff;30,92225;30,53075;31,27025;TFYNAAGSVSVPFYK;TFYNAAGSVSVPFYK;yeast_p;0;8,350247;0;0;6,815238;0,8121126;0,7840331;4;0,9967906;0;3,268102;0;0;0,9770136;0,9962578;0;4;#N/A;#N/A;#N/A
TGAFSLTK_run3;3;PP_TrainingDataset_Feb09.wiff;20,68348;20,47588;20,99488;TGAFSLTK;TGAFSLTK;yeast_p;0;8,912302;0;0;7,044445;1,848952;0,959461;4;0,9983144;0;3,202459;0;0;0,9637721;0,9967875;0;4;#N/A;#N/A;#N/A
TIIGYLLGWETVDWVK_run4;4;PP_TrainingDataset_Feb09.wiff;47,82675;47,63432;48,18417;TIIGYLLGWETVDWVK;TIIGYLLGWETVDWVK;yeast_p;0;6,077625;0;0;4,784814;0,06520442;0,8284925;4;0,8840464;0,4741535;3,240388;0;0;0,8989471;0,9347509;0,6634065;3,2;#N/A;#N/A;#N/A
TSIITGQELMR_run1;1;PP_TrainingDataset_Feb09.wiff;25,88317;25,64557;26,15047;TSIITGQELMR;TSIITGQELMR;yeast_p;0;8,732486;0;0;7,042666;0,03419109;0,8600985;4;0,9987368;0;3,062192;0;0;0,985201;0,9976788;0;4;#N/A;#N/A;#N/A
TSVSANLAR_run1;1;PP_TrainingDataset_Feb09.wiff;15,43237;15,33387;16,04307;TSVSANLAR;TSVSANLAR;yeast_p;0;0,9891167;0,161303;0,008229746;4,200201;2,13646;0,883655;3,2;0,5718775;6,944567;1,092829;0;0;0,803041;0,7017215;2,073503;3,2;#N/A;#N/A;#N/A
TVDVLMDHSDENLK_run2;2;PP_TrainingDataset_Feb09.wiff;22,55042;22,35122;22,84922;TVDVLMDHSDENLK;TVDVLMDHSDENLK;yeast_p;0;7,62312;0;0;5,646169;3,102663;0,8353148;4;0,9875436;0;3,629979;0;0;0,9643144;0,9798386;0;4;#N/A;#N/A;#N/A
TVPNVIIGGTSR_run4;4;PP_TrainingDataset_Feb09.wiff;22,81085;22,55405;23,22815;TVPNVIIGGTSR;TVPNVIIGGTSR;yeast_p;0;7,254138;0;0;6,769592;1,464792;0,8358999;4;0,9968136;0;2,622468;0;0;0,8111206;0,9532531;0,3414564;3,2;#N/A;#N/A;#N/A
VFPELIWK_run4;4;PP_TrainingDataset_Feb09.wiff;35,02382;34,62762;35,84452;VFPELIWK;VFPELIWK;yeast_p;0;8,508479;0;0;7,287057;2,292593;0,7501818;4;0,9950897;0;3,317351;0;0;0,9813329;0,9929478;0;4;#N/A;#N/A;#N/A
VGSAYHLSFPISSR_run1;1;PP_TrainingDataset_Feb09.wiff;27,64963;27,25813;28,08463;VGSAYHLSFPISSR;VGSAYHLSFPISSR;yeast_p;0;7,617269;0;0;7,097929;0,3913746;0,9271246;4;0,995864;0;2,4877;0;0;0,6861019;0,9916542;0;4;#N/A;#N/A;#N/A
VNFEETGQFFNGLK_run2;2;PP_TrainingDataset_Feb09.wiff;33,37259;33,05898;33,68618;VNFEETGQFFNGLK;VNFEETGQFFNGLK;yeast_p;0;8,164543;0;0;6,158089;0,06949969;0,8781782;4;0,9946283;0;2,770185;0;0;0,9783792;0,9882594;0;4;#N/A;#N/A;#N/A
VSQNNYLQR_run2;2;PP_TrainingDataset_Feb09.wiff;14,72675;14,72675;15,12755;VSQNNYLQR;VSQNNYLQR;yeast_p;0;1,725807;0,04219104;0,00219745;4,274567;0,8110818;0,8764905;2,4;0,6691907;3,072308;0,6665744;0;0;0,7552671;0,4726185;12,17876;4;#N/A;#N/A;#N/A
YAPSIDVLLLK_run3;3;PP_TrainingDataset_Feb09.wiff;35,49692;35,29892;35,79391;YAPSIDVLLLK;YAPSIDVLLLK;yeast_p;0;8,34385;0;0;7,587198;2,099915;0,6247405;4;0,9971838;0;3,508818;0;0;0,9784558;0,9951224;0;4;#N/A;#N/A;#N/A
YFPDGNDVGK_run2;2;PP_TrainingDataset_Feb09.wiff;18,04878;16,32378;19,62378;YFPDGNDVGK;YFPDGNDVGK;yeast_p;0;7,078689;0;0;7,259991;0,2977157;0,6295306;3,2;0,9315388;1,537072;2,623759;0;0;0,9887936;0,9941145;0,4024243;2,4;#N/A;#N/A;#N/A
YHLVNDEMEIHTGSHGK_run3;3;PP_TrainingDataset_Feb09.wiff;19,31685;19,14735;19,52025;YHLVNDEMEIHTGSHGK;YHLVNDEMEIHTGSHGK;yeast_p;0;7,985465;0;0;5,916862;2,827989;0,8873019;4;0,988677;0;2,634195;0;0;0,9638491;0,9871979;0;4;#N/A;#N/A;#N/A
YIASTSEHLFTAIK_run3;3;PP_TrainingDataset_Feb09.wiff;27,21237;26,97717;27,40837;YIASTSEHLFTAIK;YIASTSEHLFTAIK;yeast_p;0;7,56748;0;0;6,896176;4,172819;0,521247;4;0,9972087;0;3,285004;0;0;0,9510435;0,9947419;0;4;#N/A;#N/A;#N/A
YLVLYPLFEAVPFR_run3;3;PP_TrainingDataset_Feb09.wiff;45,91096;45,69677;46,22036;YLVLYPLFEAVPFR;YLVLYPLFEAVPFR;yeast_p;0;8,55333;0;0;6,762679;2,741273;0,8626484;4;0,9983702;0;3,625091;0;0;0,9801371;0,9955862;0;4;#N/A;#N/A;#N/A
YMVITTSGGGHR_run3;3;PP_TrainingDataset_Feb09.wiff;17,78413;17,60983;18,08293;YMVITTSGGGHR;YMVITTSGGGHR;yeast_p;0;7,687065;0;0;6,047566;1,97512;0,8357779;4;0,9748165;0;2,977475;0;0;0,9406868;0,9910511;0,1189957;3,2;#N/A;#N/A;#N/A
YSLELFGPYVEDQSIEVK_run4;4;PP_TrainingDataset_Feb09.wiff;37,15118;36,92479;37,49078;YSLELFGPYVEDQSIEVK;YSLELFGPYVEDQSIEVK;yeast_p;0;7,056268;0;0;5,704004;0,3620454;0,7984865;3,2;0,9700308;0;2,771913;0;0;0,9864615;0,9785265;0;3,2;#N/A;#N/A;#N/A
YVAMHMQTEPFVYIK_run1;1;PP_TrainingDataset_Feb09.wiff;30,6831;30,4473;30,9189;YVAMHMQTEPFVYIK;YVAMHMQTEPFVYIK;yeast_p;0;7,958692;0;0;6,686499;1,852474;0,6712569;4;0,9968433;0;2,737146;0;0;0,9729416;0,9963108;0;4;#N/A;#N/A;#N/A
YWLLQAGVSMLINR_run2;2;PP_TrainingDataset_Feb09.wiff;41,08949;40,88948;41,10949;YWLLQAGVSMLINR;YWLLQAGVSMLINR;yeast_p;0;1,23278;0,1088289;0,005609739;2,82123;2,865449;0,6891888;3,2;0,6495444;0;1,59499;0;0;0,7207899;0,6303197;5,928053;2,4;#N/A;#N/A;#N/A
YYGEMEFWLASFK_run1;1;PP_TrainingDataset_Feb09.wiff;41,75727;41,49827;42,05326;YYGEMEFWLASFK;YYGEMEFWLASFK;yeast_p;0;7,797029;0;0;5,470892;0,05436392;0,8983479;4;0,9888972;0;2,396649;0;0;0,9790484;0,984659;0;4;#N/A;#N/A;#N/A
DECOY_RILEVLAALGAAAA_run1;1;PP_TrainingDataset_Feb09.wiff;44,40635;44,24395;44,48755;RILEVLAALGAAAA;RILEVLAALGAAAA;Decoys;1;-0,1614973;0,5641491;#N/A;2,704764;8,36737;0,6841904;0;0,7140968;5,671186;0,613928;0;0;0,8552697;0,7915094;2,129017;3,2;#N/A;#N/A;#N/A
DECOY_RNAQLNLSNELANDFA_run3;3;PP_TrainingDataset_Feb09.wiff;31,74143;31,55243;31,89263;RNAQLNLSNELANDFA;RNAQLNLSNELANDFA;Decoys;1;-0,102326;0,540751;#N/A;3,915824;0,3181092;0,8117473;4;0,7032349;3,149356;2,471121;0;0;0,4888865;0,5495529;5,228076;2,4;#N/A;#N/A;#N/A
DECOY_KPLVEVLPVTIA_run4;4;PP_TrainingDataset_Feb09.wiff;34,31908;34,20588;34,43229;KPLVEVLPVTIA;KPLVEVLPVTIA;Decoys;1;0,06366561;0,4746183;#N/A;3,301914;1,217439;0,590269;0;0,7903966;4,274783;1,586475;0;0;0,8534192;0,6983446;4,927297;3,2;#N/A;#N/A;#N/A
DECOY_KPPTLLVLTQVA_run3;3;PP_TrainingDataset_Feb09.wiff;29,09855;28,90955;29,32535;KPPTLLVLTQVA;KPPTLLVLTQVA;Decoys;1;1,020725;0,1536923;#N/A;4,53146;1,743764;0,6086782;3,2;0,632806;2,095852;1,484536;0;0;0,8227617;0,6580729;3,32039;0;#N/A;#N/A;#N/A
DECOY_KSFPSPVVPEVDD_run1;1;PP_TrainingDataset_Feb09.wiff;29,07158;28,89758;29,59358;KSFPSPVVPEVDD;KSFPSPVVPEVDD;Decoys;1;-0,4156428;0,6611643;#N/A;4,158026;3,444932;0,7467692;3,2;0,6371952;8,428953;1,204483;0;0;0,8883309;0,5319531;6,133317;1,6;#N/A;#N/A;#N/A
DECOY_KWNEEDGNHLGD_run4;4;PP_TrainingDataset_Feb09.wiff;16,91148;16,78008;16,95528;KWNEEDGNHLGD;KWNEEDGNHLGD;Decoys;1;0,9782968;0,1639638;#N/A;3,78945;0,3314266;0,708745;4;0,7539011;2,390823;0,4628465;0;0;0,8069467;0,4456103;11,29846;0;#N/A;#N/A;#N/A
DECOY_KLDENGFND_run1;1;PP_TrainingDataset_Feb09.wiff;18,00413;17,89133;18,53053;KLDENGFND;KLDENGFND;Decoys;1;-1,512522;0,9347994;#N/A;4,190392;0,076426;0,6016876;2,4;0,4488939;5,282362;0,646684;0;0;0,6846538;0,4890082;7,482692;2,4;#N/A;#N/A;#N/A
DECOY_KYFELNEIPAIPD_run1;1;PP_TrainingDataset_Feb09.wiff;31,4756;31,3296;31,6946;KYFELNEIPAIPD;KYFELNEIPAIPD;Decoys;1;-0,4367116;0,6688398;#N/A;3,77257;2,922062;0,7218667;0;0,650453;3,973073;1,50551;0;0;0,8784539;0,6084622;4,020185;3,2;#N/A;#N/A;#N/A
DECOY_RVAAFLSSDSIDGEQVD_run2;2;PP_TrainingDataset_Feb09.wiff;32,01712;31,73182;32,17562;RVAAFLSSDSIDGEQVD;RVAAFLSSDSIDGEQVD;Decoys;1;-1,404219;0,9198731;#N/A;3,699355;3,161976;0,7355866;3,2;0,5677518;4,299873;2,122559;0;0;0,6510268;0,5285636;4,910527;0;#N/A;#N/A;#N/A
DECOY_KYNTDITDSGDSFE_run3;3;PP_TrainingDataset_Feb09.wiff;20,36698;20,02098;20,60918;KYNTDITDSGDSFE;KYNTDITDSGDSFE;Decoys;1;0,3082973;0,378928;#N/A;4,43961;2,013419;0,5837675;4;0,7061449;2,140465;2,698367;0;0;0,5916934;0,5187209;6,780354;2,4;#N/A;#N/A;#N/A
DECOY_KSVTQLLQGE_run2;2;PP_TrainingDataset_Feb09.wiff;19,64837;19,53587;19,98587;KSVTQLLQGE;KSVTQLLQGE;Decoys;1;0,154619;0,4385608;#N/A;4,23629;1,50684;0,7344469;3,2;0,5437402;5,338818;0,5875649;0;0;0,778021;0,5789547;7,435596;0;#N/A;#N/A;#N/A
DECOY_RTFSELSSYQGIE_run2;2;PP_TrainingDataset_Feb09.wiff;26,35325;25,94115;26,79705;RTFSELSSYQGIE;RTFSELSSYQGIE;Decoys;1;-0,910271;0,8186602;#N/A;4,424513;1,099742;0,7288986;3,2;0,5624746;7,867105;1,50939;0;0;0,9172246;0,4186408;7,1104;2,4;#N/A;#N/A;#N/A
DECOY_KDLEMSVLLE_run4;4;PP_TrainingDataset_Feb09.wiff;27,935;27,6627;28,4796;KDLEMSVLLE;KDLEMSVLLE;Decoys;1;0,1724685;0,4315346;#N/A;4,536684;3,056702;0,6193317;4;0,4731575;5,02843;0,7235025;0;0;0,8828707;0,5186492;4,99495;2,4;#N/A;#N/A;#N/A
DECOY_KAIIEVPLDNIDAF_run1;1;PP_TrainingDataset_Feb09.wiff;34,20305;34,16655;34,56805;KAIIEVPLDNIDAF;KAIIEVPLDNIDAF;Decoys;1;1,27662;0,1008683;#N/A;3,674094;0,6978879;0,6425337;3,2;0,6535664;3,126539;1,395156;0;0;0,8914668;0,6823729;2,579072;2,4;#N/A;#N/A;#N/A
DECOY_KPEELANENIQINIPF_run3;3;PP_TrainingDataset_Feb09.wiff;31,56804;31,29083;31,60763;KPEELANENIQINIPF;KPEELANENIQINIPF;Decoys;1;-1,827289;0,9661719;#N/A;2,733296;1,692747;0,7075873;0;0,4687259;3,3057;1,818887;0;0;0,6580203;0,691702;3,226456;1,6;#N/A;#N/A;#N/A
DECOY_RGMLVILQPF_run1;1;PP_TrainingDataset_Feb09.wiff;35,00471;34,76672;35,10271;RGMLVILQPF;RGMLVILQPF;Decoys;1;1,14299;0,1265213;#N/A;3,924776;1,406923;0,7026713;4;0,7031065;7,161474;0,8070666;0;0;0,749264;0,6297395;10,65415;0;#N/A;#N/A;#N/A
DECOY_KSHLHQFVPF_run4;4;PP_TrainingDataset_Feb09.wiff;20,95492;20,63392;21,27592;KSHLHQFVPF;KSHLHQFVPF;Decoys;1;-0,2012439;0,5797461;#N/A;4,487997;4,098023;0,6660458;0,8;0,5576825;11,70136;1,238659;0;0;0,765371;0,7330302;8,694417;3,2;#N/A;#N/A;#N/A
DECOY_KFISLFYF_run3;3;PP_TrainingDataset_Feb09.wiff;43,68767;43,38267;43,77917;KFISLFYF;KFISLFYF;Decoys;1;-0,5094857;0,6947941;#N/A;3,564284;4,317183;0,9040352;3,2;0,5358859;8,303719;1,792907;0;0;0,535228;0,549224;10,42054;3,2;#N/A;#N/A;#N/A
DECOY_KQENLLLQLIHIHDDG_run3;3;PP_TrainingDataset_Feb09.wiff;34,30072;34,14231;34,65712;KQENLLLQLIHIHDDG;KQENLLLQLIHIHDDG;Decoys;1;-0,4206268;0,6629862;#N/A;4,143512;3,205447;0,6807443;3,2;0,5829595;4,773485;0,811523;0;0;0,6270891;0,4707848;9,383686;3,2;#N/A;#N/A;#N/A
DECOY_RNLYSYPDILIG_run2;2;PP_TrainingDataset_Feb09.wiff;32,5301;32,1773;32,6869;RNLYSYPDILIG;RNLYSYPDILIG;Decoys;1;0,2204281;0,4127689;#N/A;4,450886;0,5877299;0,9255022;2,4;0,5000209;7,179864;2,084766;0;0;0,5258312;0,7462953;4,119245;2,4;#N/A;#N/A;#N/A
DECOY_KWITFIGTSSG_run2;2;PP_TrainingDataset_Feb09.wiff;36,18878;35,60078;36,26718;KWITFIGTSSG;KWITFIGTSSG;Decoys;1;-1,186113;0,8822112;#N/A;4,194243;5,33895;0,7284721;2,4;0,4857346;7,942065;0,5456293;0;0;0,8396202;0,551804;6,61088;0;#N/A;#N/A;#N/A
DECOY_KYDQLFFYH_run3;3;PP_TrainingDataset_Feb09.wiff;28,9501;28,7989;29,0635;KYDQLFFYH;KYDQLFFYH;Decoys;1;-0,3003669;0,6180514;#N/A;3,707863;2,546289;0,4279448;0;0,6131153;1,57038;0,7428207;0;0;0,6986446;0,7926568;1,234039;3,2;#N/A;#N/A;#N/A
DECOY_REVALAEWAI_run4;4;PP_TrainingDataset_Feb09.wiff;32,16625;31,54385;32,20515;REVALAEWAI;REVALAEWAI;Decoys;1;-0,3275488;0,6283736;#N/A;4,063282;0,5115962;0,793611;1,6;0,6625403;11,88347;0,6275047;0;0;0,7577339;0,6735821;9,712321;1,6;#N/A;#N/A;#N/A
DECOY_RGLELSSYSQSDEEEI_run1;1;PP_TrainingDataset_Feb09.wiff;21,70517;21,55667;21,79427;RGLELSSYSQSDEEEI;RGLELSSYSQSDEEEI;Decoys;1;-1,911194;0,9720101;#N/A;3,577963;4,912198;0,4678971;3,2;0,6035066;1,284529;2,615803;0;0;0,6071769;0,5212067;3,574974;0;#N/A;#N/A;#N/A
DECOY_KFQELIVEI_run4;4;PP_TrainingDataset_Feb09.wiff;31,92628;31,57618;32,12078;KFQELIVEI;KFQELIVEI;Decoys;1;-0,269358;0,6061729;#N/A;3,897595;1,027096;0,6701491;3,2;0,6155105;5,859947;0,8590811;0;0;0,7906261;0,5295362;6,090811;3,2;#N/A;#N/A;#N/A
DECOY_KSTSLVFI_run3;3;PP_TrainingDataset_Feb09.wiff;24,37208;24,37208;24,76928;KSTSLVFI;KSTSLVFI;Decoys;1;0,8768584;0,1902818;#N/A;3,983711;1,245275;0,7054647;2,4;0,6383309;2,555703;0,5136861;0;0;0,7483997;0,5481545;8,317437;3,2;#N/A;#N/A;#N/A
DECOY_RWSSIPLSQLHLI_run1;1;PP_TrainingDataset_Feb09.wiff;30,01785;29,90835;30,30985;RWSSIPLSQLHLI;RWSSIPLSQLHLI;Decoys;1;-1,559965;0,9406159;#N/A;4,044641;4,187782;0,6419672;1,6;0,5263882;4,581979;0,8717508;0;0;0,7430761;0,4545974;6,177741;4;#N/A;#N/A;#N/A
DECOY_KFNLVIQPI_run4;4;PP_TrainingDataset_Feb09.wiff;32,55404;32,48103;32,70004;KFNLVIQPI;KFNLVIQPI;Decoys;1;0,002138299;0,4991469;#N/A;3,949182;2,787665;0,8314964;1,6;0,5952972;2,617843;0,5481365;0;0;0,7753006;0,6530258;2,760017;0;#N/A;#N/A;#N/A
DECOY_KTYSNNYLISESSLSI_run2;2;PP_TrainingDataset_Feb09.wiff;30,85048;30,81878;31,00898;KTYSNNYLISESSLSI;KTYSNNYLISESSLSI;Decoys;1;-0,7827356;0,7831088;#N/A;3,247621;1,320085;0,7494009;1,6;0,5066239;4,320982;2,243501;0;0;0,5919516;0,6867263;4,43364;2,4;#N/A;#N/A;#N/A
DECOY_RNLNTLLATI_run4;4;PP_TrainingDataset_Feb09.wiff;27,32315;27,12865;27,59545;RNLNTLLATI;RNLNTLLATI;Decoys;1;0,7237647;0,2346051;#N/A;4,169285;2,563762;0,5600927;3,2;0,515558;2,832639;0,4006867;0;0;0,846756;0,570482;5,613981;3,2;#N/A;#N/A;#N/A
DECOY_RLLNSLTI_run1;1;PP_TrainingDataset_Feb09.wiff;33,06527;32,85077;33,32267;RLLNSLTI;RLLNSLTI;Decoys;1;-0,09877692;0,5393423;#N/A;4,317573;5,747696;0,7694525;2,4;0,5587891;4,298956;1,023308;0;0;0,6933376;0,6288607;2,99967;2,4;#N/A;#N/A;#N/A
DECOY_KVVYSGLVAAAL_run4;4;PP_TrainingDataset_Feb09.wiff;27,87523;27,61063;28,17763;KVVYSGLVAAAL;KVVYSGLVAAAL;Decoys;1;0,697308;0,242805;#N/A;4,315303;2,345121;0,7645008;3,2;0,5860473;3,865877;1,091837;0;0;0,7963067;0,5652042;7,532438;0;#N/A;#N/A;#N/A
DECOY_RENTGTFESGIL_run3;3;PP_TrainingDataset_Feb09.wiff;24,23413;23,99193;24,68394;RENTGTFESGIL;RENTGTFESGIL;Decoys;1;-0,1371304;0,5545361;#N/A;4,326124;1,138283;0,7305989;3,2;0,5740792;5,756845;0,8805391;0;0;0,8519769;0,631748;2,375046;0;#N/A;#N/A;#N/A
DECOY_RSGITVVDDIIL_run3;3;PP_TrainingDataset_Feb09.wiff;32,43237;32,32617;32,92797;RSGITVVDDIIL;RSGITVVDDIIL;Decoys;1;1,161406;0,1227384;#N/A;4,085326;2,636737;0,6570652;2,4;0,5552317;6,336373;0,6881292;0;0;0,8191375;0,545876;14,53693;2,4;#N/A;#N/A;#N/A
DECOY_KANLIIPIL_run2;2;PP_TrainingDataset_Feb09.wiff;32,8651;32,6115;32,8968;KANLIIPIL;KANLIIPIL;Decoys;1;1,443977;0,07437274;#N/A;3,79136;2,665052;0,8113477;3,2;0,5891083;2,837582;0,3805659;0;0;0,9605007;0,6341358;4,190966;0;#N/A;#N/A;#N/A
DECOY_KGTGPPGHVLLL_run1;1;PP_TrainingDataset_Feb09.wiff;19,58197;19,37197;19,86197;KGTGPPGHVLLL;KGTGPPGHVLLL;Decoys;1;-2,058285;0,9802186;#N/A;3,76277;5,637148;0,7066077;3,2;0,5067249;9,767966;0,8325682;0;0;0,6489921;0,5008524;6,377219;4;#N/A;#N/A;#N/A
DECOY_RNYSISGQVYNMDSL_run3;3;PP_TrainingDataset_Feb09.wiff;25,35382;25,19702;25,43222;RNYSISGQVYNMDSL;RNYSISGQVYNMDSL;Decoys;1;1,444826;0,0742534;#N/A;3,552518;1,934209;0,5553775;2,4;0,5416766;2,632298;2,214678;0;0;0,6875695;0,863041;1,836456;3,2;#N/A;#N/A;#N/A
DECOY_RSLQNLLVL_run1;1;PP_TrainingDataset_Feb09.wiff;27,37632;27,15882;27,63732;RSLQNLLVL;RSLQNLLVL;Decoys;1;-0,8165709;0,7929131;#N/A;3,976231;3,756373;0,683632;0,8;0,5153734;5,427936;0,5512183;0;0;0,7617447;0,5891082;6,423954;3,2;#N/A;#N/A;#N/A
DECOY_KSLHELFDDM_run4;4;PP_TrainingDataset_Feb09.wiff;28,57207;28,49647;29,10126;KSLHELFDDM;KSLHELFDDM;Decoys;1;0,6194862;0,2677981;#N/A;4,321973;1,373263;0,8238682;0;0,5377071;5,462615;1,275522;0;0;0,8089812;0,6143665;11,4902;1,6;#N/A;#N/A;#N/A
DECOY_RGQSLPIIQEM_run4;4;PP_TrainingDataset_Feb09.wiff;23,55237;23,43567;23,90247;RGQSLPIIQEM;RGQSLPIIQEM;Decoys;1;-0,3784698;0,6474592;#N/A;3,995289;1,739829;0,5048021;2,4;0,5012959;7,834803;0,6606766;0;0;0,874247;0,5575545;9,433661;3,2;#N/A;#N/A;#N/A
DECOY_RSSYWPVGTIM_run3;3;PP_TrainingDataset_Feb09.wiff;28,32528;28,24968;28,55208;RSSYWPVGTIM;RSSYWPVGTIM;Decoys;1;-0,7103177;0,7612464;#N/A;3,935524;1,221358;0,6130943;2,4;0,4551387;5,589331;0,64834;0;0;0,9196679;0,5578655;4,309762;2,4;#N/A;#N/A;#N/A
DECOY_RTVQDPAIGTLM_run1;1;PP_TrainingDataset_Feb09.wiff;22,02337;21,72637;22,17187;RTVQDPAIGTLM;RTVQDPAIGTLM;Decoys;1;2,452978;0,007083948;#N/A;4,300709;4,676941;0,7797813;4;0,693619;1,987213;0,8942008;0;0;0,7704959;0,6318542;5,080866;3,2;#N/A;#N/A;#N/A
DECOY_RYHFWYANM_run2;2;PP_TrainingDataset_Feb09.wiff;27,72395;27,68465;27,88115;RYHFWYANM;RYHFWYANM;Decoys;1;0,4427386;0,3289774;#N/A;3,554508;4,428918;0,3936903;0;0,7189487;1,22519;0,6652203;0;0;0,8280228;0,8427288;1,759592;0,8;#N/A;#N/A;#N/A
DECOY_KINFVEVILNM_run4;4;PP_TrainingDataset_Feb09.wiff;42,93477;42,80917;43,06037;KINFVEVILNM;KINFVEVILNM;Decoys;1;1,489099;0,06823066;#N/A;3,126948;5,901823;0,8010715;2,4;0,7058952;4,494747;0,8796254;0;0;0,795761;0,7101892;5,600297;3,2;#N/A;#N/A;#N/A
DECOY_RAAPFFAINLSM_run2;2;PP_TrainingDataset_Feb09.wiff;34,63082;34,46142;34,72762;RAAPFFAINLSM;RAAPFFAINLSM;Decoys;1;0,08760918;0,4650936;#N/A;3,724834;1,237956;0,7381899;0;0,7144485;7,42792;0,8539488;0;0;0,9511915;0,6849157;5,101746;3,2;#N/A;#N/A;#N/A
DECOY_RSPQYISINVM_run3;3;PP_TrainingDataset_Feb09.wiff;26,61717;26,46037;26,85237;RSPQYISINVM;RSPQYISINVM;Decoys;1;-1,314087;0,9055915;#N/A;4,362961;0,4919243;0,4687023;2,4;0,4902349;4,306948;0,5709277;0;0;0,8246796;0,6200393;1,878385;0;#N/A;#N/A;#N/A
DECOY_RYTSTYVM_run2;2;PP_TrainingDataset_Feb09.wiff;17,46855;17,46855;17,93775;RYTSTYVM;RYTSTYVM;Decoys;1;-0,1000528;0,5398488;#N/A;4,146669;3,888093;0,3762808;1,6;0,6313839;6,476807;1,372622;0;0;0,6029977;0,5861162;16,53136;1,6;#N/A;#N/A;#N/A
DECOY_KFSNLLPSSYLPEN_run2;2;PP_TrainingDataset_Feb09.wiff;34,01662;33,89902;34,48702;KFSNLLPSSYLPEN;KFSNLLPSSYLPEN;Decoys;1;0,5813925;0,280488;#N/A;3,951066;2,862491;0,7850127;2,4;0,5473194;5,809928;1,25322;0;0;0,7814887;0,6586277;5,735707;2,4;#N/A;#N/A;#N/A
DECOY_RQEHFDFN_run4;4;PP_TrainingDataset_Feb09.wiff;18,4195;18,294;18,6956;RQEHFDFN;RQEHFDFN;Decoys;1;0,3159391;0,3760244;#N/A;3,863712;2,165463;0,7280391;3,2;0,5597769;9,397379;0,8075003;0;0;0,8690499;0,5984562;8,100715;3,2;#N/A;#N/A;#N/A
DECOY_KSFDIEHPN_run3;3;PP_TrainingDataset_Feb09.wiff;18,35467;18,30487;18,42937;KSFDIEHPN;KSFDIEHPN;Decoys;1;0,2984032;0,3826977;#N/A;3,257025;0,2426106;0,7857755;3,2;0,5988287;4,221535;0,4198238;0;0;0,716397;0,6789855;1,084573;4;#N/A;#N/A;#N/A
DECOY_RFVTQYFLSDTN_run4;4;PP_TrainingDataset_Feb09.wiff;33,47323;33,47323;33,84853;RFVTQYFLSDTN;RFVTQYFLSDTN;Decoys;1;-1,126104;0,8699392;#N/A;3,867749;2,137353;0,6229697;3,2;0,634373;5,238763;1,092454;0;0;0,6885378;0,5265369;4,81725;2,4;#N/A;#N/A;#N/A
DECOY_KYFPLNEVN_run2;2;PP_TrainingDataset_Feb09.wiff;24,19425;24,08775;25,01075;KYFPLNEVN;KYFPLNEVN;Decoys;1;0,03607241;0,4856123;#N/A;4,62418;1,758505;0,7184768;4;0,4946019;16,13608;0,8584436;0;0;0,8103656;0,5646187;14,39221;3,2;#N/A;#N/A;#N/A
DECOY_RLVSSFDTEGAQLLVN_run2;2;PP_TrainingDataset_Feb09.wiff;34,2549;34,0197;34,4509;RLVSSFDTEGAQLLVN;RLVSSFDTEGAQLLVN;Decoys;1;0,1369164;0,4455484;#N/A;3,794387;0,9947402;0,7372954;2,4;0,5838709;2,067013;2,050006;0;0;0,8700585;0,579551;4,175891;0;#N/A;#N/A;#N/A
DECOY_KGMGLVAVYSSGQ_run2;2;PP_TrainingDataset_Feb09.wiff;29,11237;28,87657;29,23027;KGMGLVAVYSSGQ;KGMGLVAVYSSGQ;Decoys;1;1,564935;0,05879909;#N/A;4,419601;5,033367;0,6162562;4;0,6591944;1,440736;1,627442;0;0;0,7911574;0,614956;2,724189;3,2;#N/A;#N/A;#N/A
DECOY_KFIDHTQEAIQ_run1;1;PP_TrainingDataset_Feb09.wiff;21,04577;20,89537;21,19617;KFIDHTQEAIQ;KFIDHTQEAIQ;Decoys;1;0,6342227;0,2629677;#N/A;3,823921;0,3461514;0,8712429;4;0,6644623;2,89133;0,8596703;0;0;0,5714087;0,6440588;4,583648;0;#N/A;#N/A;#N/A
DECOY_KGPNQFISSNQ_run4;4;PP_TrainingDataset_Feb09.wiff;20,89623;20,76023;21,23623;KGPNQFISSNQ;KGPNQFISSNQ;Decoys;1;1,738717;0,04104226;#N/A;4,320247;3,882716;0,8280295;4;0,5286635;2,146901;1,237005;0;0;0,8522083;0,5117899;7,190818;2,4;#N/A;#N/A;#N/A
DECOY_KIIPFLSVLYSGAS_run4;4;PP_TrainingDataset_Feb09.wiff;39,063;38,9374;39,3142;KIIPFLSVLYSGAS;KIIPFLSVLYSGAS;Decoys;1;0,4891531;0,3123667;#N/A;3,384125;1,945361;0,7380198;3,2;0,6033617;3,840262;1,760781;0;0;0,7340955;0,6840587;1,149105;4;#N/A;#N/A;#N/A
DECOY_RFNISISAS_run4;4;PP_TrainingDataset_Feb09.wiff;23,65045;23,46745;23,89445;RFNISISAS;RFNISISAS;Decoys;1;0,1348783;0,4463541;#N/A;4,231071;2,33036;0,6542464;3,2;0,6034197;5,842566;0,4985751;0;0;0,8279607;0,4918104;8,309266;3,2;#N/A;#N/A;#N/A
DECOY_KINPNTVSLSGSTAS_run2;2;PP_TrainingDataset_Feb09.wiff;19,7221;19,4221;19,8721;KINPNTVSLSGSTAS;KINPNTVSLSGSTAS;Decoys;1;0,7201111;0,2357283;#N/A;3,761275;0,7135064;0,8115194;0,8;0,651627;3,238116;1,258165;0;0;0,8582671;0,6041248;7,069577;2,4;#N/A;#N/A;#N/A
DECOY_RLLTFQAAES_run3;3;PP_TrainingDataset_Feb09.wiff;27,33308;26,86268;27,37228;RLLTFQAAES;RLLTFQAAES;Decoys;1;0,4981556;0,3091872;#N/A;4,299916;2,209365;0,7765912;3,2;0,514654;5,084506;0,6189751;0;0;0,722878;0,6044124;5,081104;3,2;#N/A;#N/A;#N/A
DECOY_RNQNYAGYPASPIS_run4;4;PP_TrainingDataset_Feb09.wiff;20,19402;20,16192;20,29032;RNQNYAGYPASPIS;RNQNYAGYPASPIS;Decoys;1;-1,126769;0,87008;#N/A;3,270998;0,3546571;0,7184455;3,2;0,8011678;1,246571;2,14106;0;0;0,5452459;0,5435223;1,975379;1,6;#N/A;#N/A;#N/A
DECOY_KYEPAPLVEVTS_run2;2;PP_TrainingDataset_Feb09.wiff;23,84523;23,61283;24,07763;KYEPAPLVEVTS;KYEPAPLVEVTS;Decoys;1;-0,7869338;0,7843397;#N/A;4,452143;1,530687;0,72391;3,2;0,4154522;7,455104;0,8301449;0;0;0,6197129;0,5482048;6,773973;4;#N/A;#N/A;#N/A
DECOY_RQAVALSAEQLEISSDT_run3;3;PP_TrainingDataset_Feb09.wiff;24,34755;24,30835;24,50435;RQAVALSAEQLEISSDT;RQAVALSAEQLEISSDT;Decoys;1;-0,1926868;0,5763978;#N/A;3,354699;4,899433;0,5985028;2,4;0,5322451;1,826777;2,277729;0;0;0,8065156;0,6693796;2,785606;0;#N/A;#N/A;#N/A
DECOY_KPAYGDLAMGYFT_run2;2;PP_TrainingDataset_Feb09.wiff;31,06915;30,78385;31,22765;KPAYGDLAMGYFT;KPAYGDLAMGYFT;Decoys;1;0,343478;0,3656195;#N/A;3,892667;1,310154;0,6983902;3,2;0,612547;2,186957;0,7438397;0;0;0,7935041;0,5131193;4,944965;3,2;#N/A;#N/A;#N/A
DECOY_KYFPVSVSGAANYFT_run1;1;PP_TrainingDataset_Feb09.wiff;32,48825;32,14025;32,66225;KYFPVSVSGAANYFT;KYFPVSVSGAANYFT;Decoys;1;0,6249585;0,2659991;#N/A;4,473773;0,5378858;0,5706383;3,2;0,6755975;3,277755;1,989334;0;0;0,8305138;0,5795726;3,47324;3,2;#N/A;#N/A;#N/A
DECOY_KTLSFAGT_run3;3;PP_TrainingDataset_Feb09.wiff;21,41008;20,82188;21,44468;KTLSFAGT;KTLSFAGT;Decoys;1;-0,7413604;0,7707625;#N/A;4,067043;2,185653;0,5285869;2,4;0,444717;9,236162;0,3390342;0;0;0,8622794;0,5751433;10,35744;1,6;#N/A;#N/A;#N/A
DECOY_KVWDVTEWGLLYGIIT_run4;4;PP_TrainingDataset_Feb09.wiff;47,82675;47,79927;47,85427;KVWDVTEWGLLYGIIT;KVWDVTEWGLLYGIIT;Decoys;1;-0,04576223;0,5182501;#N/A;1,342184;0,9930395;0,1793558;0,8;0;0;1,124939;0;0;1;1;0;0,8;#N/A;#N/A;#N/A
DECOY_RMLEQGTIIST_run1;1;PP_TrainingDataset_Feb09.wiff;25,85347;25,55647;26,23956;RMLEQGTIIST;RMLEQGTIIST;Decoys;1;-0,6847401;0,753246;#N/A;4,134121;0,7870784;0,9268026;3,2;0,5245764;15,52618;0,8262534;0;0;0,7949512;0,5365741;12,0347;3,2;#N/A;#N/A;#N/A
DECOY_RALNASVST_run1;1;PP_TrainingDataset_Feb09.wiff;15,45207;15,37327;15,66877;RALNASVST;RALNASVST;Decoys;1;-0,762566;0,7771389;#N/A;3,55063;1,321718;0,6619111;3,2;0,477581;7,602262;0,8076105;0;0;0,7047539;0,490794;11,33514;3,2;#N/A;#N/A;#N/A
DECOY_KLNEDSHDMLVDVT_run2;2;PP_TrainingDataset_Feb09.wiff;24,57562;24,40962;24,64202;KLNEDSHDMLVDVT;KLNEDSHDMLVDVT;Decoys;1;0,9744675;0,1649122;#N/A;3,398791;0,1088833;0,8091434;2,4;0,646584;4,31053;1,772491;0;0;0,7904661;0,6989241;3,409076;3,2;#N/A;#N/A;#N/A
DECOY_RSTGGIIVNPVT_run4;4;PP_TrainingDataset_Feb09.wiff;21,27005;21,20585;21,59105;RSTGGIIVNPVT;RSTGGIIVNPVT;Decoys;1;0,05160424;0,479422;#N/A;4,052918;0,5772679;0,797417;3,2;0,6406345;5,840043;0,5519424;0;0;0,6733394;0,5960068;4,670918;3,2;#N/A;#N/A;#N/A
DECOY_KWILEPFV_run4;4;PP_TrainingDataset_Feb09.wiff;34,57102;34,31632;35,08042;KWILEPFV;KWILEPFV;Decoys;1;-0,1511306;0,5600637;#N/A;4,307275;0,9185755;0,6095914;4;0,5214595;12,76331;0,8508005;0;0;0,8442997;0,4842442;14,4832;3,2;#N/A;#N/A;#N/A
DECOY_KLGNFFQGTEEFNV_run2;2;PP_TrainingDataset_Feb09.wiff;33,25498;33,17658;33,68618;KLGNFFQGTEEFNV;KLGNFFQGTEEFNV;Decoys;1;1,49959;0,06686031;#N/A;3,706287;0,2937959;0,7659092;1,6;0,6451791;3,40634;2,022426;0;0;0,8871707;0,6453405;7,513957;2,4;#N/A;#N/A;#N/A
DECOY_RQLYNNQSV_run2;2;PP_TrainingDataset_Feb09.wiff;16,63055;16,54705;16,81425;RQLYNNQSV;RQLYNNQSV;Decoys;1;-1,003929;0,8422937;#N/A;3,293409;0,2674738;0,6473008;2,4;0,7812107;5,540602;1,009736;0;0;0,7188904;0,5418258;6,201679;2,4;#N/A;#N/A;#N/A
DECOY_KLLLVDISPAY_run3;3;PP_TrainingDataset_Feb09.wiff;33,15392;32,55992;33,28592;KLLLVDISPAY;KLLLVDISPAY;Decoys;1;-0,5166487;0,6972993;#N/A;4,528792;0,06589217;0,8651814;3,2;0,4994323;8,803059;0,913943;0;0;0,871417;0,3929088;12,91724;0;#N/A;#N/A;#N/A
DECOY_KGVDNGDPFY_run2;2;PP_TrainingDataset_Feb09.wiff;17,82378;17,41128;17,97378;KGVDNGDPFY;KGVDNGDPFY;Decoys;1;0,1698108;0,4325795;#N/A;3,981553;2,521872;0,6961787;2,4;0,5274051;6,102144;0,4967486;0;0;0,9096255;0,533983;7,697272;3,2;#N/A;#N/A;#N/A
DECOY_RFPVAEFLPYLVLY_run3;3;PP_TrainingDataset_Feb09.wiff;44,31636;44,29256;44,43536;RFPVAEFLPYLVLY;RFPVAEFLPYLVLY;Decoys;1;-1,551182;0,9395709;#N/A;2,19189;4,962511;0,5402231;1,6;0,8600017;4,633358;1,322819;0;0;0,5615539;0,6888287;4,245104;2,4;#N/A;#N/A;#N/A
DECOY_RHGGGSTTIVMY_run3;3;PP_TrainingDataset_Feb09.wiff;18,30703;18,15763;18,38173;RHGGGSTTIVMY;RHGGGSTTIVMY;Decoys;1;0,6850368;0,2466604;#N/A;3,599939;2,281409;0,7127929;3,2;0,7852166;2,597028;1,432585;0;0;0,6391634;0,6197924;5,195433;2,4;#N/A;#N/A;#N/A
DECOY_KVEISQDEVYPGFLELSY_run4;4;PP_TrainingDataset_Feb09.wiff;34,09478;34,06649;34,34948;KVEISQDEVYPGFLELSY;KVEISQDEVYPGFLELSY;Decoys;1;-1,237562;0,8920608;#N/A;3,408435;3,149708;0,5145535;1,6;0,5770369;4,722498;2,312103;0;0;0,7290395;0,5604586;7,748576;2,4;#N/A;#N/A;#N/A
DECOY_RNILMSVGAQLLWY_run2;2;PP_TrainingDataset_Feb09.wiff;42,40948;42,32948;42,54948;RNILMSVGAQLLWY;RNILMSVGAQLLWY;Decoys;1;0,3079128;0,3790744;#N/A;2,781239;1,84483;0,6203452;2,4;0,6954604;5,82702;1,614498;0;0;0,6629986;0,7620029;4,53875;4;#N/A;#N/A;#N/A
DECOY_KFSALWFEMEGYY_run1;1;PP_TrainingDataset_Feb09.wiff;40,16627;40,01826;40,35126;KFSALWFEMEGYY;KFSALWFEMEGYY;Decoys;1;0,5656935;0,2858011;#N/A;2,805273;1,282199;0,7098096;0;0,6147475;2,973884;1,34312;0;0;0,6652675;0,8371759;4,291546;3,2;#N/A;#N/A;#N/A
