transition_group_id,run_id,FileName,RT,MinStartTime,MaxEndTime,Sequence,PeptideModifiedSequence,ProteinName,PrecursorIsDecoy,mProphetScore,pValue,qValue,main_var_Intensity,var_Retention_time_difference,var_Library_intensity_dot-product,var_Coelution_count,var_Shape_(weighted),var_Coelution_(weighted),var_Signal_to_noise,var_Product_mass_error,var_Identified_count,var_Reference_intensity_dot-product,var_Reference_shape_(weighted),var_Reference_coelution_(weighted),var_Reference_coelution_count,var_Precursor-product_shape_score.,var_Precursor_mass_error,var_Precursor_isotope_dot_product
AAAAGLAALVELIR_run1,1,PP_TrainingDataset_Feb09.wiff,43.33045,43.12745,43.55375,AAAAGLAALVELIR,AAAAGLAALVELIR,yeast_p,0,8.857361,0,0,7.174963,5.370448,0.9088936,4,0.9972301,0,#N/A,#N/A,0,0.9874227,0.9862864,0,4,#N/A,#N/A,#N/A
AFDNALENSLNLQANR_run3,3,PP_TrainingDataset_Feb09.wiff,30.49403,30.30503,30.72083,AFDNALENSLNLQANR,AFDNALENSLNLQANR,yeast_p,0,7.768838,0,0,6.667328,1.184034,0.8866544,4,0.9921876,0,#N/A,#N/A,0,0.8326651,0.979609,0,4,#N/A,#N/A,#N/A
AITVPLVEVLPK_run4,4,PP_TrainingDataset_Feb09.wiff,35.33788,34.80018,35.73409,AITVPLVEVLPK,AITVPLVEVLPK,yeast_p,0,8.754773,0,0,7.094483,1.397883,0.8610297,4,0.99474,0,#N/A,#N/A,0,0.9851611,0.9968867,0,4,#N/A,#N/A,#N/A
ALHDSFFFPNELLR_run3,3,PP_TrainingDataset_Feb09.wiff,36.70215,36.50135,37.07865,ALHDSFFFPNELLR,ALHDSFFFPNELLR,yeast_p,0,7.471662,0,0,7.418354,1.397852,0.8502635,4,0.997433,0,#N/A,#N/A,0,0.7869906,0.9438782,0.3953739,3.2,#N/A,#N/A,#N/A
AVQTLVLLTPPK_run3,3,PP_TrainingDataset_Feb09.wiff,31.13975,30.27035,31.44215,AVQTLVLLTPPK,AVQTLVLLTPPK,yeast_p,0,7.746846,0,0,6.56081,2.499749,0.8432028,4,0.9874815,0,#N/A,#N/A,0,0.9594485,0.9629862,0.5487407,2.4,#N/A,#N/A,#N/A
AYHVQQDSLPK_run1,1,PP_TrainingDataset_Feb09.wiff,16.31712,15.47502,16.51762,AYHVQQDSLPK,AYHVQQDSLPK,yeast_p,0,0.7444915,0.2282896,0.1263263,4.465138,0.6871158,0.7488507,4,0.4518391,7.04092,#N/A,#N/A,0,0.8344278,0.454358,11.80312,3.2,#N/A,#N/A,#N/A
DDVEPVVPSPFSK_run1,1,PP_TrainingDataset_Feb09.wiff,27.85358,27.24458,28.15808,DDVEPVVPSPFSK,DDVEPVVPSPFSK,yeast_p,0,8.980075,0,0,7.359877,2.563584,0.8682157,4,0.9987354,0,#N/A,#N/A,0,0.9930561,0.99828,0,4,#N/A,#N/A,#N/A
DGLHNGDEENWK_run4,4,PP_TrainingDataset_Feb09.wiff,15.23248,14.63388,15.96248,DGLHNGDEENWK,DGLHNGDEENWK,yeast_p,0,5.628596,9.131438E-09,6.116753E-09,5.156544,3.457517,0.8326329,4,0.6428286,5.997345,#N/A,#N/A,0,0.9654738,0.8514741,9.11663,2.4,#N/A,#N/A,#N/A
DLNGAPLSYTENIK_run4,4,PP_TrainingDataset_Feb09.wiff,26.42292,25.99502,27.00642,DLNGAPLSYTENIK,DLNGAPLSYTENIK,yeast_p,0,8.616613,0,0,7.035635,0.7129164,0.8609591,4,0.9915014,0,#N/A,#N/A,0,0.9751547,0.9912787,0,4,#N/A,#N/A,#N/A
DNFGNEDLK_run1,1,PP_TrainingDataset_Feb09.wiff,15.29693,15.29693,15.89853,DNFGNEDLK,DNFGNEDLK,yeast_p,0,6.51897,0,0,6.354575,3.893067,0.7916628,1.6,0.9895142,0,#N/A,#N/A,0,0.9753118,0.9959903,0.120581,1.6,#N/A,#N/A,#N/A
DPIAPIENLEFYK_run1,1,PP_TrainingDataset_Feb09.wiff,34.0671,33.8481,34.3956,DPIAPIENLEFYK,DPIAPIENLEFYK,yeast_p,0,8.646477,0,0,7.284798,0.7228995,0.8265876,4,0.9907072,0,#N/A,#N/A,0,0.9674675,0.9932936,0,4,#N/A,#N/A,#N/A
DVQEGDISDSSLFAAVR_run2,2,PP_TrainingDataset_Feb09.wiff,31.57332,31.31972,31.82692,DVQEGDISDSSLFAAVR,DVQEGDISDSSLFAAVR,yeast_p,0,7.841228,0,0,6.265944,2.263317,0.7438343,4,0.993605,0,#N/A,#N/A,0,0.9799632,0.9851438,0,4,#N/A,#N/A,#N/A
EFSDGSDTIDTNYK_run3,3,PP_TrainingDataset_Feb09.wiff,20.88598,20.71298,21.12818,EFSDGSDTIDTNYK,EFSDGSDTIDTNYK,yeast_p,0,8.235086,0,0,6.60433,0.1259844,0.7845934,4,0.9989454,0,#N/A,#N/A,0,0.9742462,0.9973921,0,4,#N/A,#N/A,#N/A
EGQLLQTVSK_run2,2,PP_TrainingDataset_Feb09.wiff,19.68587,19.38587,19.98587,EGQLLQTVSK,EGQLLQTVSK,yeast_p,0,8.345557,0,0,6.819043,0.8241346,0.8472706,4,0.9893358,0,#N/A,#N/A,0,0.9710743,0.9968078,0.09715761,3.2,#N/A,#N/A,#N/A
EIGQYSSLESFTR_run2,2,PP_TrainingDataset_Feb09.wiff,28.03335,27.81145,28.28695,EIGQYSSLESFTR,EIGQYSSLESFTR,yeast_p,0,8.394162,0,0,7.016085,1.04335,0.7489631,4,0.996588,0,#N/A,#N/A,0,0.9887982,0.9939908,0,4,#N/A,#N/A,#N/A
ELLVSMELDK_run4,4,PP_TrainingDataset_Feb09.wiff,29.9189,29.5688,30.1912,ELLVSMELDK,ELLVSMELDK,yeast_p,0,7.662002,0,0,6.58316,0.03110046,0.7829767,3.2,0.9779125,0,#N/A,#N/A,0,0.9863558,0.9938961,0,3.2,#N/A,#N/A,#N/A
ELNHTEFFESSTYPK_run2,2,PP_TrainingDataset_Feb09.wiff,24.58413,24.29013,24.87813,ELNHTEFFESSTYPK,ELNHTEFFESSTYPK,yeast_p,0,8.287032,0,0,6.754913,3.125867,0.7958145,4,0.9964374,0,#N/A,#N/A,0,0.9729921,0.990704,0,4,#N/A,#N/A,#N/A
FADINDLPVEIIAK_run1,1,PP_TrainingDataset_Feb09.wiff,35.51705,35.26155,35.80905,FADINDLPVEIIAK,FADINDLPVEIIAK,yeast_p,0,7.979704,0,0,7.098228,1.667048,0.6961101,4,0.9970826,0,#N/A,#N/A,0,0.9543318,0.9934899,0,3.2,#N/A,#N/A,#N/A
FPINIQINENALEEPK_run3,3,PP_TrainingDataset_Feb09.wiff,33.23124,32.91443,33.90443,FPINIQINENALEEPK,FPINIQINENALEEPK,yeast_p,0,7.254874,0,0,6.054077,2.211236,0.8459036,3.2,0.9435787,0,#N/A,#N/A,0,0.9647807,0.9762476,0.1217592,3.2,#N/A,#N/A,#N/A
FPQLIVLMGR_run1,1,PP_TrainingDataset_Feb09.wiff,37.53872,36.79671,37.97272,FPQLIVLMGR,FPQLIVLMGR,yeast_p,0,7.721878,0,0,6.181237,4.408715,0.7636676,4,0.9930249,0,#N/A,#N/A,0,0.9433961,0.9872223,0,4,#N/A,#N/A,#N/A
FPVFQHLHSK_run4,4,PP_TrainingDataset_Feb09.wiff,20.79442,20.31292,21.11542,FPVFQHLHSK,FPVFQHLHSK,yeast_p,0,8.054679,0,0,6.616704,1.695582,0.711793,4,0.994799,0,#N/A,#N/A,0,0.9852223,0.9938518,0,4,#N/A,#N/A,#N/A
FWANAWIDYESVMK_run2,2,PP_TrainingDataset_Feb09.wiff,39.32647,39.10007,39.60947,FWANAWIDYESVMK,FWANAWIDYESVMK,yeast_p,0,5.785137,3.608722E-09,2.469311E-09,4.896912,0.9635344,0.8055655,4,0.955407,0,#N/A,#N/A,0,0.9301037,0.8298277,1.504386,4,#N/A,#N/A,#N/A
FYFLSIFK_run3,3,PP_TrainingDataset_Feb09.wiff,41.70517,41.49166,41.97967,FYFLSIFK,FYFLSIFK,yeast_p,0,7.693048,0,0,6.202364,2.925166,0.9404817,4,0.9924377,0,#N/A,#N/A,0,0.8760589,0.9807767,0,3.2,#N/A,#N/A,#N/A
FYHQWSVMSGK_run4,4,PP_TrainingDataset_Feb09.wiff,23.83035,23.63775,24.15135,FYHQWSVMSGK,FYHQWSVMSGK,yeast_p,0,8.373075,0,0,6.39172,1.659649,0.9335464,4,0.9954575,0,#N/A,#N/A,0,0.9439231,0.995015,0,4,#N/A,#N/A,#N/A
GDDHIHILQLLLNEQK_run3,3,PP_TrainingDataset_Feb09.wiff,34.65712,34.45912,34.93431,GDDHIHILQLLLNEQK,GDDHIHILQLLLNEQK,yeast_p,0,7.396897,0,0,6.429963,2.922884,0.8975587,4,0.9972731,0,#N/A,#N/A,0,0.7616426,0.981106,0,4,#N/A,#N/A,#N/A
GILIDPYSYLNR_run1,1,PP_TrainingDataset_Feb09.wiff,34.86637,34.57437,35.15837,GILIDPYSYLNR,GILIDPYSYLNR,yeast_p,0,7.980274,0,0,6.777863,3.316367,0.6590627,4,0.990836,0,#N/A,#N/A,0,0.9786257,0.9946965,0,4,#N/A,#N/A,#N/A
GSSTGIFTIWK_run2,2,PP_TrainingDataset_Feb09.wiff,34.38558,34.03278,34.73838,GSSTGIFTIWK,GSSTGIFTIWK,yeast_p,0,8.023957,0,0,6.334544,1.745582,0.8328168,4,0.9728358,0,#N/A,#N/A,0,0.9929361,0.9732614,0,4,#N/A,#N/A,#N/A
HYFFLQDYK_run3,3,PP_TrainingDataset_Feb09.wiff,28.7989,28.5343,29.1013,HYFFLQDYK,HYFFLQDYK,yeast_p,0,8.135324,0,0,6.507873,2.401099,0.7660595,4,0.9891186,0,#N/A,#N/A,0,0.9748631,0.9894797,0.3944705,4,#N/A,#N/A,#N/A
IAWEALAVER_run4,4,PP_TrainingDataset_Feb09.wiff,30.29905,30.06565,30.57135,IAWEALAVER,IAWEALAVER,yeast_p,0,8.237103,0,0,6.662271,0.9390494,0.8161686,4,0.9922967,0,#N/A,#N/A,0,0.9651163,0.9902301,0,4,#N/A,#N/A,#N/A
IEEEDSQSYSSLELGR_run1,1,PP_TrainingDataset_Feb09.wiff,23.99207,23.72477,24.25937,IEEEDSQSYSSLELGR,IEEEDSQSYSSLELGR,yeast_p,0,8.094875,0,0,6.078975,1.297933,0.8898547,4,0.9867349,0,#N/A,#N/A,0,0.9646106,0.9891673,0,4,#N/A,#N/A,#N/A
IEVILEQFK_run4,4,PP_TrainingDataset_Feb09.wiff,30.95378,30.75928,31.22608,IEVILEQFK,IEVILEQFK,yeast_p,0,8.796898,0,0,7.138204,1.173783,0.874898,4,0.9968063,0,#N/A,#N/A,0,0.9844979,0.9948608,0,4,#N/A,#N/A,#N/A
IFVLSTSK_run3,3,PP_TrainingDataset_Feb09.wiff,24.14038,23.90868,24.40518,IFVLSTSK,IFVLSTSK,yeast_p,0,8.437168,0,0,7.580688,1.820383,0.8488755,3.2,0.9965348,0,#N/A,#N/A,0,0.9832415,0.9956173,0,3.2,#N/A,#N/A,#N/A
ILHLQSLPISSWR_run1,1,PP_TrainingDataset_Feb09.wiff,32.64585,32.46335,32.90135,ILHLQSLPISSWR,ILHLQSLPISSWR,yeast_p,0,8.513175,0,0,7.074071,0.1958511,0.9021952,4,0.9971684,0,#N/A,#N/A,0,0.948838,0.9948592,0,3.2,#N/A,#N/A,#N/A
IPQIVLNFK_run4,4,PP_TrainingDataset_Feb09.wiff,32.37153,32.04303,32.59053,IPQIVLNFK,IPQIVLNFK,yeast_p,0,8.303483,0,0,6.693965,3.761533,0.8211079,4,0.9956621,0,#N/A,#N/A,0,0.9806185,0.9853094,0,4,#N/A,#N/A,#N/A
ISLSSESILYNNSYTK_run2,2,PP_TrainingDataset_Feb09.wiff,29.07528,28.78998,29.36058,ISLSSESILYNNSYTK,ISLSSESILYNNSYTK,yeast_p,0,7.783646,0,0,6.212478,0.145283,0.7700707,4,0.9934781,0,#N/A,#N/A,0,0.9744954,0.9782272,0,4,#N/A,#N/A,#N/A
ITALLTNLNR_run4,4,PP_TrainingDataset_Feb09.wiff,26.81745,26.46735,27.16755,ITALLTNLNR,ITALLTNLNR,yeast_p,0,9.03996,0,0,7.422591,0.3725504,0.8984986,4,0.9968714,0,#N/A,#N/A,0,0.9854882,0.9969335,0,4,#N/A,#N/A,#N/A
ITLSNLLR_run1,1,PP_TrainingDataset_Feb09.wiff,31.56377,31.39217,31.82117,ITLSNLLR,ITLSNLLR,yeast_p,0,9.048273,0,0,7.356577,5.593767,0.9335416,4,0.9952671,0,#N/A,#N/A,0,0.9708623,0.9961009,0,4,#N/A,#N/A,#N/A
LAAAVLGSYVVK_run4,4,PP_TrainingDataset_Feb09.wiff,28.63123,28.44223,28.89583,LAAAVLGSYVVK,LAAAVLGSYVVK,yeast_p,0,8.95577,0,0,7.572766,0.3712332,0.8601109,4,0.9960411,0,#N/A,#N/A,0,0.9785979,0.993656,0,4,#N/A,#N/A,#N/A
LIGSEFTGTNER_run3,3,PP_TrainingDataset_Feb09.wiff,22.46953,22.26193,22.71173,LIGSEFTGTNER,LIGSEFTGTNER,yeast_p,0,8.942584,0,0,7.324958,1.359534,0.8745465,4,0.9985702,0,#N/A,#N/A,0,0.9876398,0.9975448,0,4,#N/A,#N/A,#N/A
LIIDDVVTIGSR_run3,3,PP_TrainingDataset_Feb09.wiff,32.00757,31.79517,32.43237,LIIDDVVTIGSR,LIIDDVVTIGSR,yeast_p,0,8.053836,0,0,6.646607,0.8324316,0.7607714,4,0.9903973,0,#N/A,#N/A,0,0.9789435,0.9822004,0,4,#N/A,#N/A,#N/A
LIPIILNAK_run2,2,PP_TrainingDataset_Feb09.wiff,30.8046,30.551,31.1216,LIPIILNAK,LIPIILNAK,yeast_p,0,8.689035,0,0,7.269205,2.8946,0.8085118,4,0.9933192,0,#N/A,#N/A,0,0.9901776,0.9923484,0,4,#N/A,#N/A,#N/A
LLLVHGPPGTGK_run1,1,PP_TrainingDataset_Feb09.wiff,21.12197,20.87697,21.47197,LLLVHGPPGTGK,LLLVHGPPGTGK,yeast_p,0,8.515769,0,0,6.894658,0.3980327,0.7790058,4,0.9956647,0,#N/A,#N/A,0,0.9927003,0.9957026,0.3578725,4,#N/A,#N/A,#N/A
LSDMNYVQGSISYNR_run3,3,PP_TrainingDataset_Feb09.wiff,25.35382,25.11862,25.74582,LSDMNYVQGSISYNR,LSDMNYVQGSISYNR,yeast_p,0,8.446384,0,0,6.522049,0.04618301,0.8935446,4,0.9972545,0,#N/A,#N/A,0,0.9706597,0.9951039,0,4,#N/A,#N/A,#N/A
LVLLNQLSR_run1,1,PP_TrainingDataset_Feb09.wiff,28.85532,28.63782,29.15982,LVLLNQLSR,LVLLNQLSR,yeast_p,0,8.763499,0,0,7.1562,2.035318,0.8671348,4,0.9957944,0,#N/A,#N/A,0,0.9805972,0.9940861,0,4,#N/A,#N/A,#N/A
LYDHGASSDSFSIFSLK_run1,1,PP_TrainingDataset_Feb09.wiff,33.207,32.988,33.4625,LYDHGASSDSFSIFSLK,LYDHGASSDSFSIFSLK,yeast_p,0,8.373309,0,0,6.569057,0.8729993,0.8347961,4,0.991771,0,#N/A,#N/A,0,0.9899715,0.9936042,0,4,#N/A,#N/A,#N/A
MDDFLEHLSK_run4,4,PP_TrainingDataset_Feb09.wiff,27.74047,27.55147,28.00507,MDDFLEHLSK,MDDFLEHLSK,yeast_p,0,7.974138,0,0,6.319691,1.260465,0.8052776,4,0.9912404,0,#N/A,#N/A,0,0.968351,0.9844007,0,4,#N/A,#N/A,#N/A
MEMLLFLNESYIFHR_run2,2,PP_TrainingDataset_Feb09.wiff,41.51843,41.20713,41.77313,MEMLLFLNESYIFHR,MEMLLFLNESYIFHR,yeast_p,0,3.537115,0.0002022617,0.000134075,4.834439,1.581567,0.8608376,4,0.9504846,0,#N/A,#N/A,0,0.9187393,0.6295651,2.166638,1.6,#N/A,#N/A,#N/A
MEQIIPLSQGR_run4,4,PP_TrainingDataset_Feb09.wiff,26.00307,25.69187,26.39207,MEQIIPLSQGR,MEQIIPLSQGR,yeast_p,0,7.448249,0,0,6.588873,0.983067,0.8652009,3.2,0.849063,0.6602327,#N/A,#N/A,0,0.971014,0.9931394,0.06888705,3.2,#N/A,#N/A,#N/A
MITGVPWYSSR_run3,3,PP_TrainingDataset_Feb09.wiff,29.91288,29.61048,30.13968,MITGVPWYSSR,MITGVPWYSSR,yeast_p,0,8.576087,0,0,6.734121,1.892884,0.9294196,4,0.9965983,0,#N/A,#N/A,0,0.9467813,0.9960049,0,4,#N/A,#N/A,#N/A
MLTGIAPDQVTR_run1,1,PP_TrainingDataset_Feb09.wiff,23.38957,23.18167,23.62717,MLTGIAPDQVTR,MLTGIAPDQVTR,yeast_p,0,8.349138,0,0,7.267353,0.7504336,0.6626312,4,0.9975268,0,#N/A,#N/A,0,0.9948592,0.9966163,0,4,#N/A,#N/A,#N/A
MNAYWFHYR_run2,2,PP_TrainingDataset_Feb09.wiff,27.68465,27.48815,28.03835,MNAYWFHYR,MNAYWFHYR,yeast_p,0,6.831708,0,0,5.957604,2.685349,0.6394362,4,0.981309,0,#N/A,#N/A,0,0.8892168,0.9869986,0,3.2,#N/A,#N/A,#N/A
MNLIVEVFNIK_run4,4,PP_TrainingDataset_Feb09.wiff,41.27057,40.95657,41.80437,MNLIVEVFNIK,MNLIVEVFNIK,yeast_p,0,7.753383,0,0,6.112429,3.450569,0.7515217,4,0.9932172,0,#N/A,#N/A,0,0.9858403,0.9796956,0,4,#N/A,#N/A,#N/A
MSLNIAFFPAAR_run2,2,PP_TrainingDataset_Feb09.wiff,36.51842,36.30062,36.80882,MSLNIAFFPAAR,MSLNIAFFPAAR,yeast_p,0,8.310936,0,0,6.165573,3.598417,0.9052016,4,0.9913159,0,#N/A,#N/A,0,0.9852285,0.9913648,0,4,#N/A,#N/A,#N/A
MTLLNTLSNFGGTWPR_run3,3,PP_TrainingDataset_Feb09.wiff,40.11998,39.90648,40.42498,MTLLNTLSNFGGTWPR,MTLLNTLSNFGGTWPR,yeast_p,0,7.305615,0,0,5.522472,2.439984,0.8853559,4,0.9627451,0,#N/A,#N/A,0,0.8962548,0.988477,0.1455583,3.2,#N/A,#N/A,#N/A
MVNISIYQPSR_run3,3,PP_TrainingDataset_Feb09.wiff,26.69557,26.42117,26.93077,MVNISIYQPSR,MVNISIYQPSR,yeast_p,0,8.011984,0,0,6.255021,2.285566,0.8052226,4,0.9835134,0,#N/A,#N/A,0,0.9864181,0.9850299,0,4,#N/A,#N/A,#N/A
MVYTSTYR_run2,2,PP_TrainingDataset_Feb09.wiff,15.15015,14.40495,15.84015,MVYTSTYR,MVYTSTYR,yeast_p,0,8.283264,0,0,6.508612,2.949851,0.9515945,3.2,0.9861735,0,#N/A,#N/A,0,0.9912277,0.9925478,0,4,#N/A,#N/A,#N/A
NDDNMSGSQEHHMFLDR_run1,1,PP_TrainingDataset_Feb09.wiff,19.34698,19.04618,19.83578,NDDNMSGSQEHHMFLDR,NDDNMSGSQEHHMFLDR,yeast_p,0,7.153626,0,0,5.790401,4.383015,0.6956623,4,0.9624955,0.1951424,#N/A,#N/A,0,0.9404369,0.9710099,0.4882723,4,#N/A,#N/A,#N/A
NEPLYSSPLLNSFK_run2,2,PP_TrainingDataset_Feb09.wiff,34.09502,33.58542,34.44782,NEPLYSSPLLNSFK,NEPLYSSPLLNSFK,yeast_p,0,8.493159,0,0,7.217654,0.3850165,0.7541349,4,0.9956414,0,#N/A,#N/A,0,0.9806602,0.9952328,0,4,#N/A,#N/A,#N/A
NFDFHEQR_run4,4,PP_TrainingDataset_Feb09.wiff,16.0099,15.3824,16.6876,NFDFHEQR,NFDFHEQR,yeast_p,0,7.968755,0,0,6.332699,3.700101,0.8461452,4,0.9797403,0,#N/A,#N/A,0,0.9854887,0.982423,0,3.2,#N/A,#N/A,#N/A
NIPLDHGFISLGGYMK_run4,4,PP_TrainingDataset_Feb09.wiff,33.53405,33.32555,33.74255,NIPLDHGFISLGGYMK,NIPLDHGFISLGGYMK,yeast_p,0,7.804722,0,0,6.524457,1.45595,0.6794826,4,0.9971724,0,#N/A,#N/A,0,0.9606531,0.9928658,0,4,#N/A,#N/A,#N/A
NPHEIDFSK_run3,3,PP_TrainingDataset_Feb09.wiff,17.03497,16.81087,17.35867,NPHEIDFSK,NPHEIDFSK,yeast_p,0,7.126142,0,0,6.61914,1.355033,0.4577002,4,0.9975964,0,#N/A,#N/A,0,0.9673058,0.9903353,0.1794384,3.2,#N/A,#N/A,#N/A
NTDSLFYQTVFR_run4,4,PP_TrainingDataset_Feb09.wiff,34.18213,33.97363,34.47403,NTDSLFYQTVFR,NTDSLFYQTVFR,yeast_p,0,8.664149,0,0,6.99363,1.082133,0.8722537,4,0.9973353,0,#N/A,#N/A,0,0.9719306,0.9956052,0,4,#N/A,#N/A,#N/A
NVENLPFYK_run2,2,PP_TrainingDataset_Feb09.wiff,26.67925,26.46625,26.96325,NVENLPFYK,NVENLPFYK,yeast_p,0,7.672399,0,0,7.088916,1.729249,0.6597396,3.2,0.9970278,0,#N/A,#N/A,0,0.9853035,0.9971486,0,3.2,#N/A,#N/A,#N/A
NVLLQAGETDFSSVLR_run1,1,PP_TrainingDataset_Feb09.wiff,35.23137,35.01237,35.52337,NVLLQAGETDFSSVLR,NVLLQAGETDFSSVLR,yeast_p,0,7.29315,0,0,6.222106,0.761369,0.5555801,4,0.9859604,0,#N/A,#N/A,0,0.9742703,0.988611,0,4,#N/A,#N/A,#N/A
QDDLMGPNHFSLR_run2,2,PP_TrainingDataset_Feb09.wiff,25.90992,25.70412,26.23332,QDDLMGPNHFSLR,QDDLMGPNHFSLR,yeast_p,0,7.345387,0,0,6.351846,0.7100841,0.5068142,4,0.9912991,0,#N/A,#N/A,0,0.990014,0.9925156,0,4,#N/A,#N/A,#N/A
QGSSYVAVLGMGK_run2,2,PP_TrainingDataset_Feb09.wiff,27.30457,26.99017,27.54037,QGSSYVAVLGMGK,QGSSYVAVLGMGK,yeast_p,0,8.233457,0,0,6.384789,3.114565,0.8809912,4,0.9891183,0,#N/A,#N/A,0,0.9673362,0.9861063,0,4,#N/A,#N/A,#N/A
QIAEQTHDIFK_run1,1,PP_TrainingDataset_Feb09.wiff,20.14337,19.91777,20.51937,QIAEQTHDIFK,QIAEQTHDIFK,yeast_p,0,6.379596,0,0,5.470474,1.286634,0.7768941,4,0.8697163,2.081778,#N/A,#N/A,0,0.9697254,0.969483,0,3.2,#N/A,#N/A,#N/A
QNSSIFQNPGK_run4,4,PP_TrainingDataset_Feb09.wiff,18.38023,17.97223,18.72023,QNSSIFQNPGK,QNSSIFQNPGK,yeast_p,0,8.180919,0,0,6.390025,0.8702338,0.846411,4,0.9787815,0,#N/A,#N/A,0,0.9694026,0.9919885,0,4,#N/A,#N/A,#N/A
QTGDSNQEDITTLITNNK_run1,1,PP_TrainingDataset_Feb09.wiff,26.67497,26.33567,26.93887,QTGDSNQEDITTLITNNK,QTGDSNQEDITTLITNNK,yeast_p,0,6.577208,0,0,5.912752,4.354967,0.7913262,4,0.9636227,0,#N/A,#N/A,0,0.8041238,0.9225211,2.45822,2.4,#N/A,#N/A,#N/A
SAGSYLVSLFPIIK_run4,4,PP_TrainingDataset_Feb09.wiff,42.2344,42.0146,42.517,SAGSYLVSLFPIIK,SAGSYLVSLFPIIK,yeast_p,0,8.221519,0,0,6.601543,0.5144017,0.7953642,4,0.996479,0,#N/A,#N/A,0,0.974755,0.9931782,0,4,#N/A,#N/A,#N/A
SASISINFR_run4,4,PP_TrainingDataset_Feb09.wiff,25.54145,25.32795,25.78545,SASISINFR,SASISINFR,yeast_p,0,8.265893,0,0,6.371476,4.011448,0.8460299,4,0.9909195,0,#N/A,#N/A,0,0.9840987,0.9920071,0,4,#N/A,#N/A,#N/A
SATSGSLSVTNPNIK_run2,2,PP_TrainingDataset_Feb09.wiff,19.7221,19.4971,20.0596,SATSGSLSVTNPNIK,SATSGSLSVTNPNIK,yeast_p,0,8.392578,0,0,6.49438,0.3278988,0.8514723,4,0.997053,0,#N/A,#N/A,0,0.9861062,0.9961466,0,4,#N/A,#N/A,#N/A
SEAAQFTLLR_run3,3,PP_TrainingDataset_Feb09.wiff,28.35228,28.15628,28.62668,SEAAQFTLLR,SEAAQFTLLR,yeast_p,0,7.578136,0,0,7.149182,1.102283,0.8550296,4,0.9986931,0,#N/A,#N/A,0,0.7396148,0.9808627,0,4,#N/A,#N/A,#N/A
SIPSAPYGAYNQNR_run4,4,PP_TrainingDataset_Feb09.wiff,20.03352,19.77672,20.45082,SIPSAPYGAYNQNR,SIPSAPYGAYNQNR,yeast_p,0,8.539062,0,0,7.03336,0.1535159,0.7710202,4,0.9971965,0,#N/A,#N/A,0,0.9972254,0.9983151,0,4,#N/A,#N/A,#N/A
SPVQFIHTSTGGLIDSGK_run1,1,PP_TrainingDataset_Feb09.wiff,27.19188,26.80038,27.45288,SPVQFIHTSTGGLIDSGK,SPVQFIHTSTGGLIDSGK,yeast_p,0,8.202045,0,0,6.380401,2.338115,0.8860748,4,0.9955226,0,#N/A,#N/A,0,0.9501908,0.988378,0,4,#N/A,#N/A,#N/A
STVEVLPAPEYK_run2,2,PP_TrainingDataset_Feb09.wiff,23.84523,23.51323,24.21043,STVEVLPAPEYK,STVEVLPAPEYK,yeast_p,0,7.011689,0,0,5.729733,2.134766,0.7507719,4,0.804626,0.7143818,#N/A,#N/A,0,0.9596192,0.9750285,0.6338075,4,#N/A,#N/A,#N/A
SYNTASEIVVSVIGNSK_run3,3,PP_TrainingDataset_Feb09.wiff,34.46152,34.18431,34.69912,SYNTASEIVVSVIGNSK,SYNTASEIVVSVIGNSK,yeast_p,0,5.776356,3.804571E-09,2.575628E-09,6.140774,4.431517,0.8265244,3.2,0.8889487,0.5733327,#N/A,#N/A,0,0.6934491,0.9520264,0,4,#N/A,#N/A,#N/A
TDSSIELQEASLAVAQR_run3,3,PP_TrainingDataset_Feb09.wiff,27.64035,27.36595,27.95395,TDSSIELQEASLAVAQR,TDSSIELQEASLAVAQR,yeast_p,0,7.726337,0,0,6.003343,1.83965,0.832679,4,0.982908,0,#N/A,#N/A,0,0.9613308,0.9735178,0,4,#N/A,#N/A,#N/A
TFYGMALDGYAPK_run2,2,PP_TrainingDataset_Feb09.wiff,30.72045,30.49855,30.97405,TFYGMALDGYAPK,TFYGMALDGYAPK,yeast_p,0,8.11309,0,0,7.051836,0.6595486,0.6323685,4,0.9957149,0,#N/A,#N/A,0,0.9914291,0.9949672,0,4,#N/A,#N/A,#N/A
TFYNAAGSVSVPFYK_run1,1,PP_TrainingDataset_Feb09.wiff,30.92225,30.53075,31.27025,TFYNAAGSVSVPFYK,TFYNAAGSVSVPFYK,yeast_p,0,8.350145,0,0,6.815238,0.7877492,0.7840331,4,0.9967906,0,#N/A,#N/A,0,0.9770136,0.9962578,0,4,#N/A,#N/A,#N/A
TGAFSLTK_run3,3,PP_TrainingDataset_Feb09.wiff,20.68348,20.47588,20.99488,TGAFSLTK,TGAFSLTK,yeast_p,0,8.912069,0,0,7.044445,1.793483,0.959461,4,0.9983144,0,#N/A,#N/A,0,0.9637721,0.9967875,0,4,#N/A,#N/A,#N/A
TIIGYLLGWETVDWVK_run4,4,PP_TrainingDataset_Feb09.wiff,47.82675,47.63432,48.18417,TIIGYLLGWETVDWVK,TIIGYLLGWETVDWVK,yeast_p,0,6.077617,0,0,4.784814,0.06324829,0.8284925,4,0.8840464,0.4741535,#N/A,#N/A,0,0.8989471,0.9347509,0.6634065,3.2,#N/A,#N/A,#N/A
TSIITGQELMR_run1,1,PP_TrainingDataset_Feb09.wiff,25.88317,25.64557,26.15047,TSIITGQELMR,TSIITGQELMR,yeast_p,0,8.732481,0,0,7.042666,0.03316536,0.8600985,4,0.9987368,0,#N/A,#N/A,0,0.985201,0.9976788,0,4,#N/A,#N/A,#N/A
TSVSANLAR_run1,1,PP_TrainingDataset_Feb09.wiff,15.43237,15.33387,16.04307,TSVSANLAR,TSVSANLAR,yeast_p,0,0.9888472,0.161369,0.09251291,4.200201,2.072366,0.883655,3.2,0.5718775,6.944567,#N/A,#N/A,0,0.803041,0.7017215,2.073503,3.2,#N/A,#N/A,#N/A
TVDVLMDHSDENLK_run2,2,PP_TrainingDataset_Feb09.wiff,22.55042,22.35122,22.84922,TVDVLMDHSDENLK,TVDVLMDHSDENLK,yeast_p,0,7.622728,0,0,5.646169,3.009583,0.8353148,4,0.9875436,0,#N/A,#N/A,0,0.9643144,0.9798386,0,4,#N/A,#N/A,#N/A
TVPNVIIGGTSR_run4,4,PP_TrainingDataset_Feb09.wiff,22.81085,22.55405,23.22815,TVPNVIIGGTSR,TVPNVIIGGTSR,yeast_p,0,7.253954,0,0,6.769592,1.420848,0.8358999,4,0.9968136,0,#N/A,#N/A,0,0.8111206,0.9532531,0.3414564,3.2,#N/A,#N/A,#N/A
VFPELIWK_run4,4,PP_TrainingDataset_Feb09.wiff,35.02382,34.62762,35.84452,VFPELIWK,VFPELIWK,yeast_p,0,8.508189,0,0,7.287057,2.223815,0.7501818,4,0.9950897,0,#N/A,#N/A,0,0.9813329,0.9929478,0,4,#N/A,#N/A,#N/A
VGSAYHLSFPISSR_run1,1,PP_TrainingDataset_Feb09.wiff,27.64963,27.25813,28.08463,VGSAYHLSFPISSR,VGSAYHLSFPISSR,yeast_p,0,7.61722,0,0,7.097929,0.3796334,0.9271246,4,0.995864,0,#N/A,#N/A,0,0.6861019,0.9916542,0,4,#N/A,#N/A,#N/A
VNFEETGQFFNGLK_run2,2,PP_TrainingDataset_Feb09.wiff,33.37259,33.05898,33.68618,VNFEETGQFFNGLK,VNFEETGQFFNGLK,yeast_p,0,8.164534,0,0,6.158089,0.0674147,0.8781782,4,0.9946283,0,#N/A,#N/A,0,0.9783792,0.9882594,0,4,#N/A,#N/A,#N/A
VSQNNYLQR_run2,2,PP_TrainingDataset_Feb09.wiff,14.49295,14.09215,15.16095,VSQNNYLQR,VSQNNYLQR,yeast_p,0,0.9613047,0.1681995,0.09472217,4.995251,0.5529495,0.9084508,3.2,0.6550534,4.268434,#N/A,#N/A,0,0.7941771,0.3654771,14.15375,0,#N/A,#N/A,#N/A
YAPSIDVLLLK_run3,3,PP_TrainingDataset_Feb09.wiff,35.49692,35.29892,35.79391,YAPSIDVLLLK,YAPSIDVLLLK,yeast_p,0,8.343585,0,0,7.587198,2.036918,0.6247405,4,0.9971838,0,#N/A,#N/A,0,0.9784558,0.9951224,0,4,#N/A,#N/A,#N/A
YFPDGNDVGK_run2,2,PP_TrainingDataset_Feb09.wiff,18.04878,16.32378,19.62378,YFPDGNDVGK,YFPDGNDVGK,yeast_p,0,7.078651,0,0,7.259991,0.2887843,0.6295306,3.2,0.9315388,1.537072,#N/A,#N/A,0,0.9887936,0.9941145,0.4024243,2.4,#N/A,#N/A,#N/A
YHLVNDEMEIHTGSHGK_run3,3,PP_TrainingDataset_Feb09.wiff,19.31685,19.14735,19.52025,YHLVNDEMEIHTGSHGK,YHLVNDEMEIHTGSHGK,yeast_p,0,7.985108,0,0,5.916862,2.743149,0.8873019,4,0.988677,0,#N/A,#N/A,0,0.9638491,0.9871979,0,4,#N/A,#N/A,#N/A
YIASTSEHLFTAIK_run3,3,PP_TrainingDataset_Feb09.wiff,27.21237,26.97717,27.40837,YIASTSEHLFTAIK,YIASTSEHLFTAIK,yeast_p,0,7.566953,0,0,6.896176,4.047634,0.521247,4,0.9972087,0,#N/A,#N/A,0,0.9510435,0.9947419,0,4,#N/A,#N/A,#N/A
YLVLYPLFEAVPFR_run3,3,PP_TrainingDataset_Feb09.wiff,45.91096,45.69677,46.22036,YLVLYPLFEAVPFR,YLVLYPLFEAVPFR,yeast_p,0,8.552984,0,0,6.762679,2.659035,0.8626484,4,0.9983702,0,#N/A,#N/A,0,0.9801371,0.9955862,0,4,#N/A,#N/A,#N/A
YMVITTSGGGHR_run3,3,PP_TrainingDataset_Feb09.wiff,17.78413,17.60983,18.08293,YMVITTSGGGHR,YMVITTSGGGHR,yeast_p,0,7.686816,0,0,6.047566,1.915866,0.8357779,4,0.9748165,0,#N/A,#N/A,0,0.9406868,0.9910511,0.1189957,3.2,#N/A,#N/A,#N/A
YSLELFGPYVEDQSIEVK_run4,4,PP_TrainingDataset_Feb09.wiff,37.15118,36.92479,37.49078,YSLELFGPYVEDQSIEVK,YSLELFGPYVEDQSIEVK,yeast_p,0,7.056223,0,0,5.704004,0.3511841,0.7984865,3.2,0.9700308,0,#N/A,#N/A,0,0.9864615,0.9785265,0,3.2,#N/A,#N/A,#N/A
YVAMHMQTEPFVYIK_run1,1,PP_TrainingDataset_Feb09.wiff,30.6831,30.4473,30.9189,YVAMHMQTEPFVYIK,YVAMHMQTEPFVYIK,yeast_p,0,7.958458,0,0,6.686499,1.7969,0.6712569,4,0.9968433,0,#N/A,#N/A,0,0.9729416,0.9963108,0,4,#N/A,#N/A,#N/A
YWLLQAGVSMLINR_run2,2,PP_TrainingDataset_Feb09.wiff,41.08949,40.88948,41.10949,YWLLQAGVSMLINR,YWLLQAGVSMLINR,yeast_p,0,1.232419,0.1088964,0.06599781,2.82123,2.779485,0.6891888,3.2,0.6495444,0,#N/A,#N/A,0,0.7207899,0.6303197,5.928053,2.4,#N/A,#N/A,#N/A
YYGEMEFWLASFK_run1,1,PP_TrainingDataset_Feb09.wiff,41.75727,41.49827,42.05326,YYGEMEFWLASFK,YYGEMEFWLASFK,yeast_p,0,7.797022,0,0,5.470892,0.052733,0.8983479,4,0.9888972,0,#N/A,#N/A,0,0.9790484,0.984659,0,4,#N/A,#N/A,#N/A
DECOY_RILEVLAALGAAAA_run1,1,PP_TrainingDataset_Feb09.wiff,44.40635,44.24395,44.48755,RILEVLAALGAAAA,RILEVLAALGAAAA,Decoys,1,-0.3577384,0.6397305,0.2593001,2.704764,8.116349,0.6841904,0,0.7140968,5.671186,#N/A,#N/A,0,0.8552697,0.7734776,2.038927,3.2,#N/A,#N/A,#N/A
DECOY_RNAQLNLSNELANDFA_run3,3,PP_TrainingDataset_Feb09.wiff,31.74143,31.55243,31.89263,RNAQLNLSNELANDFA,RNAQLNLSNELANDFA,Decoys,1,-0.1023661,0.540767,0.2406465,3.915824,0.3085659,0.8117473,4,0.7032349,3.149356,#N/A,#N/A,0,0.4888865,0.5495529,5.228076,2.4,#N/A,#N/A,#N/A
DECOY_KPLVEVLPVTIA_run4,4,PP_TrainingDataset_Feb09.wiff,34.31908,34.20588,34.43229,KPLVEVLPVTIA,KPLVEVLPVTIA,Decoys,1,0.433304,0.332397,0.1665554,3.301914,1.180916,0.590269,0.8,0.7903966,4.274783,#N/A,#N/A,0,0.8534192,0.6983446,4.927297,3.2,#N/A,#N/A,#N/A
DECOY_KPPTLLVLTQVA_run3,3,PP_TrainingDataset_Feb09.wiff,29.09855,28.90955,29.32535,KPPTLLVLTQVA,KPPTLLVLTQVA,Decoys,1,1.020505,0.1537444,0.08894306,4.53146,1.691451,0.6086782,3.2,0.632806,2.095852,#N/A,#N/A,0,0.8227617,0.6580729,3.32039,0,#N/A,#N/A,#N/A
DECOY_KSFPSPVVPEVDD_run1,1,PP_TrainingDataset_Feb09.wiff,29.07158,28.89758,29.59358,KSFPSPVVPEVDD,KSFPSPVVPEVDD,Decoys,1,-0.4160773,0.6613233,0.2637464,4.158026,3.341585,0.7467692,3.2,0.6371952,8.428953,#N/A,#N/A,0,0.8883309,0.5319531,6.133317,1.6,#N/A,#N/A,#N/A
DECOY_KWNEEDGNHLGD_run4,4,PP_TrainingDataset_Feb09.wiff,16.91148,16.78008,16.95528,KWNEEDGNHLGD,KWNEEDGNHLGD,Decoys,1,1.146466,0.1258011,0.07388715,3.78945,0.3214838,0.708745,4,0.7539011,2.390823,#N/A,#N/A,0,0.8069467,0.4456103,11.29846,0.8,#N/A,#N/A,#N/A
DECOY_KLDENGFND_run1,1,PP_TrainingDataset_Feb09.wiff,18.86893,18.86893,19.28253,KLDENGFND,KLDENGFND,Decoys,1,-0.3272671,0.628267,0.2583304,4.045516,0.9389327,0.8470529,3.2,0.5583532,6.029993,#N/A,#N/A,0,0.7813181,0.4956167,8.666998,0,#N/A,#N/A,#N/A
DECOY_KYFELNEIPAIPD_run1,1,PP_TrainingDataset_Feb09.wiff,35.4906,35.1621,35.8191,KYFELNEIPAIPD,KYFELNEIPAIPD,Decoys,1,-0.2579553,0.6017793,0.2519411,4.207584,1.180601,0.5686671,3.2,0.5298311,2.50362,#N/A,#N/A,0,0.6586216,0.5094857,7.589622,2.4,#N/A,#N/A,#N/A
DECOY_RVAAFLSSDSIDGEQVD_run2,2,PP_TrainingDataset_Feb09.wiff,31.95372,31.85862,31.98542,RVAAFLSSDSIDGEQVD,RVAAFLSSDSIDGEQVD,Decoys,1,-1.020607,0.8462797,0.3131056,3.295003,3.003716,0.7025309,0.8,0.6553063,2.40184,#N/A,#N/A,0,0.7192641,0.6723155,2.543031,0,#N/A,#N/A,#N/A
DECOY_KYNTDITDSGDSFE_run3,3,PP_TrainingDataset_Feb09.wiff,20.36698,20.02098,20.60918,KYNTDITDSGDSFE,KYNTDITDSGDSFE,Decoys,1,0.3080434,0.3790247,0.1841202,4.43961,1.953017,0.5837675,4,0.7061449,2.140465,#N/A,#N/A,0,0.5916934,0.5187209,6.780354,2.4,#N/A,#N/A,#N/A
DECOY_KSVTQLLQGE_run2,2,PP_TrainingDataset_Feb09.wiff,19.64837,19.53587,19.98587,KSVTQLLQGE,KSVTQLLQGE,Decoys,1,0.154429,0.4386358,0.207092,4.23629,1.461635,0.7344469,3.2,0.5437402,5.338818,#N/A,#N/A,0,0.778021,0.5789547,7.435596,0,#N/A,#N/A,#N/A
DECOY_RTFSELSSYQGIE_run2,2,PP_TrainingDataset_Feb09.wiff,26.35325,25.94115,26.79705,RTFSELSSYQGIE,RTFSELSSYQGIE,Decoys,1,-0.9104097,0.8186967,0.3082774,4.424513,1.066749,0.7288986,3.2,0.5624746,7.867105,#N/A,#N/A,0,0.9172246,0.4186408,7.1104,2.4,#N/A,#N/A,#N/A
DECOY_KDLEMSVLLE_run4,4,PP_TrainingDataset_Feb09.wiff,27.935,27.6627,28.4796,KDLEMSVLLE,KDLEMSVLLE,Decoys,1,0.172083,0.4316862,0.2065484,4.536684,2.965001,0.6193317,4,0.4731575,5.02843,#N/A,#N/A,0,0.8828707,0.5186492,4.99495,2.4,#N/A,#N/A,#N/A
DECOY_KAIIEVPLDNIDAF_run1,1,PP_TrainingDataset_Feb09.wiff,34.20305,34.16655,34.56805,KAIIEVPLDNIDAF,KAIIEVPLDNIDAF,Decoys,1,1.276532,0.1008838,0.06172962,3.674094,0.6769513,0.6425337,3.2,0.6535664,3.126539,#N/A,#N/A,0,0.8914668,0.6823729,2.579072,2.4,#N/A,#N/A,#N/A
DECOY_KPEELANENIQINIPF_run3,3,PP_TrainingDataset_Feb09.wiff,30.45923,30.41963,30.57803,KPEELANENIQINIPF,KPEELANENIQINIPF,Decoys,1,-1.826828,0.9661372,0.3434718,3.251017,2.750766,0.8952184,1.6,0.6985009,2.368457,#N/A,#N/A,0,0.428196,0.5835661,1.777883,2.4,#N/A,#N/A,#N/A
DECOY_RGMLVILQPF_run1,1,PP_TrainingDataset_Feb09.wiff,35.00471,34.76672,35.10271,RGMLVILQPF,RGMLVILQPF,Decoys,1,1.142813,0.1265581,0.07388715,3.924776,1.364715,0.7026713,4,0.7031065,7.161474,#N/A,#N/A,0,0.749264,0.6297395,10.65415,0,#N/A,#N/A,#N/A
DECOY_KSHLHQFVPF_run4,4,PP_TrainingDataset_Feb09.wiff,20.95492,20.63392,21.27592,KSHLHQFVPF,KSHLHQFVPF,Decoys,1,-0.2017608,0.5799481,0.2458546,4.487997,3.975082,0.6660458,0.8,0.5576825,11.70136,#N/A,#N/A,0,0.765371,0.7330302,8.694417,3.2,#N/A,#N/A,#N/A
DECOY_KFISLFYF_run3,3,PP_TrainingDataset_Feb09.wiff,39.72267,39.66167,39.78367,KFISLFYF,KFISLFYF,Decoys,1,0.09834884,0.4608276,0.2125029,2.797619,0.2226677,0.7301139,0.8,0.8201729,1.966795,#N/A,#N/A,0,0.8332195,0.7269357,2.195905,0,#N/A,#N/A,#N/A
DECOY_KQENLLLQLIHIHDDG_run3,3,PP_TrainingDataset_Feb09.wiff,34.30072,34.14231,34.65712,KQENLLLQLIHIHDDG,KQENLLLQLIHIHDDG,Decoys,1,-0.4210311,0.6631338,0.2637464,4.143512,3.109284,0.6807443,3.2,0.5829595,4.773485,#N/A,#N/A,0,0.6270891,0.4707848,9.383686,3.2,#N/A,#N/A,#N/A
DECOY_RNLYSYPDILIG_run2,2,PP_TrainingDataset_Feb09.wiff,32.5301,32.1773,32.6869,RNLYSYPDILIG,RNLYSYPDILIG,Decoys,1,-0.1160688,0.546201,0.2413767,4.450886,0.570098,0.9255022,2.4,0.5000209,7.179864,#N/A,#N/A,0,0.5258312,0.7462953,4.119245,0.8,#N/A,#N/A,#N/A
DECOY_KWITFIGTSSG_run2,2,PP_TrainingDataset_Feb09.wiff,32.42558,32.15118,32.93518,KWITFIGTSSG,KWITFIGTSSG,Decoys,1,-0.7605675,0.7765422,0.3006995,4.288873,1.415583,0.7391958,3.2,0.4407985,8.641198,#N/A,#N/A,0,0.7166817,0.4363366,12.97975,2.4,#N/A,#N/A,#N/A
DECOY_KYDQLFFYH_run3,3,PP_TrainingDataset_Feb09.wiff,28.9501,28.7989,29.0635,KYDQLFFYH,KYDQLFFYH,Decoys,1,-0.3006881,0.6181738,0.2571133,3.707863,2.4699,0.4279448,0,0.6131153,1.57038,#N/A,#N/A,0,0.6986446,0.7926568,1.234039,3.2,#N/A,#N/A,#N/A
DECOY_REVALAEWAI_run4,4,PP_TrainingDataset_Feb09.wiff,27.61495,27.57605,27.80945,REVALAEWAI,REVALAEWAI,Decoys,1,-0.3405493,0.6332785,0.2583304,4.137731,4.05505,0.6838864,2.4,0.5715987,3.660421,#N/A,#N/A,0,0.7911673,0.5311506,4.296983,3.2,#N/A,#N/A,#N/A
DECOY_RGLELSSYSQSDEEEI_run1,1,PP_TrainingDataset_Feb09.wiff,21.70517,21.55667,21.79427,RGLELSSYSQSDEEEI,RGLELSSYSQSDEEEI,Decoys,1,-1.743602,0.9593858,0.3429877,3.577963,4.764832,0.4678971,3.2,0.6035066,1.284529,#N/A,#N/A,0,0.6071769,0.5212067,3.574974,0.8,#N/A,#N/A,#N/A
DECOY_KFQELIVEI_run4,4,PP_TrainingDataset_Feb09.wiff,29.08658,28.69758,29.20328,KFQELIVEI,KFQELIVEI,Decoys,1,-0.2105422,0.5833778,0.2458546,4.048779,1.843416,0.8115718,2.4,0.5099824,3.107306,#N/A,#N/A,0,0.8415397,0.4766978,7.167347,0.8,#N/A,#N/A,#N/A
DECOY_KSTSLVFI_run3,3,PP_TrainingDataset_Feb09.wiff,24.37208,24.37208,24.76928,KSTSLVFI,KSTSLVFI,Decoys,1,0.8767014,0.1903244,0.1062417,3.983711,1.207916,0.7054647,2.4,0.6383309,2.555703,#N/A,#N/A,0,0.7483997,0.5481545,8.317437,3.2,#N/A,#N/A,#N/A
DECOY_RWSSIPLSQLHLI_run1,1,PP_TrainingDataset_Feb09.wiff,30.01785,29.90835,30.30985,RWSSIPLSQLHLI,RWSSIPLSQLHLI,Decoys,1,-2.300076,0.9892781,0.3497448,4.044641,4.062149,0.6419672,0,0.5263882,4.581979,#N/A,#N/A,0,0.7430761,0.4545974,6.177741,4,#N/A,#N/A,#N/A
DECOY_KFNLVIQPI_run4,4,PP_TrainingDataset_Feb09.wiff,33.32053,33.06503,33.53954,KFNLVIQPI,KFNLVIQPI,Decoys,1,1.157932,0.1234459,0.0734173,4.591912,3.470534,0.8384016,3.2,0.8185866,1.078102,#N/A,#N/A,0,0.8132319,0.5269855,4.282582,0,#N/A,#N/A,#N/A
DECOY_KTYSNNYLISESSLSI_run2,2,PP_TrainingDataset_Feb09.wiff,30.85048,30.81878,31.00898,KTYSNNYLISESSLSI,KTYSNNYLISESSLSI,Decoys,1,-0.7829021,0.7831577,0.3006995,3.247621,1.280483,0.7494009,1.6,0.5066239,4.320982,#N/A,#N/A,0,0.5919516,0.6867263,4.43364,2.4,#N/A,#N/A,#N/A
DECOY_RNLNTLLATI_run4,4,PP_TrainingDataset_Feb09.wiff,27.32315,27.12865,27.59545,RNLNTLLATI,RNLNTLLATI,Decoys,1,0.7234414,0.2347044,0.1287563,4.169285,2.486849,0.5600927,3.2,0.515558,2.832639,#N/A,#N/A,0,0.846756,0.570482,5.613981,3.2,#N/A,#N/A,#N/A
DECOY_RLLNSLTI_run1,1,PP_TrainingDataset_Feb09.wiff,33.36557,33.27977,33.75167,RLLNSLTI,RLLNSLTI,Decoys,1,-0.1674846,0.5665056,0.2452405,4.179743,5.875566,0.5951574,3.2,0.5819472,4.028673,#N/A,#N/A,0,0.8478989,0.5230017,7.068125,0,#N/A,#N/A,#N/A
DECOY_KVVYSGLVAAAL_run4,4,PP_TrainingDataset_Feb09.wiff,27.27043,26.74123,27.64843,KVVYSGLVAAAL,KVVYSGLVAAAL,Decoys,1,-0.05546535,0.5221161,0.2339829,4.525798,2.879567,0.7857338,3.2,0.4692665,10.54715,#N/A,#N/A,0,0.8468526,0.5505713,11.69619,0,#N/A,#N/A,#N/A
DECOY_RENTGTFESGIL_run3,3,PP_TrainingDataset_Feb09.wiff,24.23413,23.99193,24.68394,RENTGTFESGIL,RENTGTFESGIL,Decoys,1,-0.137274,0.5545928,0.243395,4.326124,1.104135,0.7305989,3.2,0.5740792,5.756845,#N/A,#N/A,0,0.8519769,0.631748,2.375046,0,#N/A,#N/A,#N/A
DECOY_RSGITVVDDIIL_run3,3,PP_TrainingDataset_Feb09.wiff,32.43237,32.32617,32.92797,RSGITVVDDIIL,RSGITVVDDIIL,Decoys,1,1.161073,0.122806,0.0734173,4.085326,2.557635,0.6570652,2.4,0.5552317,6.336373,#N/A,#N/A,0,0.8191375,0.545876,14.53693,2.4,#N/A,#N/A,#N/A
DECOY_KANLIIPIL_run2,2,PP_TrainingDataset_Feb09.wiff,32.8651,32.6115,32.8968,KANLIIPIL,KANLIIPIL,Decoys,1,1.443641,0.07442003,0.04597883,3.79136,2.585101,0.8113477,3.2,0.5891083,2.837582,#N/A,#N/A,0,0.9605007,0.6341358,4.190966,0,#N/A,#N/A,#N/A
DECOY_KGTGPPGHVLLL_run1,1,PP_TrainingDataset_Feb09.wiff,21.08697,20.87697,21.33197,KGTGPPGHVLLL,KGTGPPGHVLLL,Decoys,1,0.5005512,0.3083435,0.1569749,3.991369,3.963032,0.7005777,4,0.4836094,3.246769,#N/A,#N/A,0,0.7527553,0.5269881,6.063732,3.2,#N/A,#N/A,#N/A
DECOY_RNYSISGQVYNMDSL_run3,3,PP_TrainingDataset_Feb09.wiff,25.35382,25.19702,25.43222,RNYSISGQVYNMDSL,RNYSISGQVYNMDSL,Decoys,1,1.444582,0.07428768,0.04597883,3.552518,1.876183,0.5553775,2.4,0.5416766,2.632298,#N/A,#N/A,0,0.6875695,0.863041,1.836456,3.2,#N/A,#N/A,#N/A
DECOY_RSLQNLLVL_run1,1,PP_TrainingDataset_Feb09.wiff,27.37632,27.15882,27.63732,RSLQNLLVL,RSLQNLLVL,Decoys,1,-0.8170447,0.7930486,0.302196,3.976231,3.643682,0.683632,0.8,0.5153734,5.427936,#N/A,#N/A,0,0.7617447,0.5891082,6.423954,3.2,#N/A,#N/A,#N/A
DECOY_KSLHELFDDM_run4,4,PP_TrainingDataset_Feb09.wiff,28.95007,28.79887,29.51707,KSLHELFDDM,KSLHELFDDM,Decoys,1,0.5761185,0.2822675,0.1472334,4.408801,1.710066,0.696294,1.6,0.4786006,5.252463,#N/A,#N/A,0,0.7600592,0.5505203,11.74407,3.2,#N/A,#N/A,#N/A
DECOY_RGQSLPIIQEM_run4,4,PP_TrainingDataset_Feb09.wiff,24.44707,24.44707,24.75827,RGQSLPIIQEM,RGQSLPIIQEM,Decoys,1,-0.6799948,0.7517461,0.2952987,3.893025,0.7929327,0.5822769,3.2,0.580853,2.709064,#N/A,#N/A,0,0.7910655,0.5808069,2.680679,0,#N/A,#N/A,#N/A
DECOY_RSSYWPVGTIM_run3,3,PP_TrainingDataset_Feb09.wiff,28.21188,27.90948,28.32528,RSSYWPVGTIM,RSSYWPVGTIM,Decoys,1,0.1526661,0.4393308,0.207092,4.215141,1.298116,0.5987384,4,0.5513972,4.120307,#N/A,#N/A,0,0.6089234,0.6058125,8.085696,0,#N/A,#N/A,#N/A
DECOY_RTVQDPAIGTLM_run1,1,PP_TrainingDataset_Feb09.wiff,22.02337,21.72637,22.17187,RTVQDPAIGTLM,RTVQDPAIGTLM,Decoys,1,2.452388,0.007095573,0.004655015,4.300709,4.536633,0.7797813,4,0.693619,1.987213,#N/A,#N/A,0,0.7704959,0.6318542,5.080866,3.2,#N/A,#N/A,#N/A
DECOY_RYHFWYANM_run2,2,PP_TrainingDataset_Feb09.wiff,28.39205,28.23485,28.70645,RYHFWYANM,RYHFWYANM,Decoys,1,0.01609584,0.493579,0.2227629,4.352363,3.62795,0.7032546,2.4,0.3850857,1.929841,#N/A,#N/A,0,0.6725583,0.6566245,3.592849,0.8,#N/A,#N/A,#N/A
DECOY_KINFVEVILNM_run4,4,PP_TrainingDataset_Feb09.wiff,42.93477,42.80917,43.06037,KINFVEVILNM,KINFVEVILNM,Decoys,1,1.488355,0.06832871,0.04305139,3.126948,5.724769,0.8010715,2.4,0.7058952,4.494747,#N/A,#N/A,0,0.795761,0.7101892,5.600297,3.2,#N/A,#N/A,#N/A
DECOY_RAAPFFAINLSM_run2,2,PP_TrainingDataset_Feb09.wiff,33.61442,33.42082,33.71122,RAAPFFAINLSM,RAAPFFAINLSM,Decoys,1,-0.9644341,0.8325858,0.3098406,3.73562,0.184418,0.792813,0,0.6369177,6.594733,#N/A,#N/A,0,0.9175501,0.5921768,6.32486,0.8,#N/A,#N/A,#N/A
DECOY_RSPQYISINVM_run3,3,PP_TrainingDataset_Feb09.wiff,27.44037,27.40117,27.87157,RSPQYISINVM,RSPQYISINVM,Decoys,1,-0.9503291,0.8290275,0.3098406,4.518089,1.300367,0.4552031,3.2,0.5715682,3.658469,#N/A,#N/A,0,0.5195282,0.4681218,10.62771,2.4,#N/A,#N/A,#N/A
DECOY_RYTSTYVM_run2,2,PP_TrainingDataset_Feb09.wiff,16.33695,16.33695,16.80615,RYTSTYVM,RYTSTYVM,Decoys,1,-1.333981,0.908895,0.3286294,3.698471,4.903049,0.6674975,2.4,0.4546489,9.628894,#N/A,#N/A,0,0.8962793,0.5474809,9.282344,0,#N/A,#N/A,#N/A
DECOY_KFSNLLPSSYLPEN_run2,2,PP_TrainingDataset_Feb09.wiff,34.01662,33.89902,34.48702,KFSNLLPSSYLPEN,KFSNLLPSSYLPEN,Decoys,1,0.5810315,0.2806096,0.1472334,3.951066,2.776617,0.7850127,2.4,0.5473194,5.809928,#N/A,#N/A,0,0.7814887,0.6586277,5.735707,2.4,#N/A,#N/A,#N/A
DECOY_RQEHFDFN_run4,4,PP_TrainingDataset_Feb09.wiff,18.4195,18.294,18.6956,RQEHFDFN,RQEHFDFN,Decoys,1,0.315666,0.376128,0.1841186,3.863712,2.1005,0.7280391,3.2,0.5597769,9.397379,#N/A,#N/A,0,0.8690499,0.5984562,8.100715,3.2,#N/A,#N/A,#N/A
DECOY_KSFDIEHPN_run3,3,PP_TrainingDataset_Feb09.wiff,18.35467,18.30487,18.42937,KSFDIEHPN,KSFDIEHPN,Decoys,1,0.2983726,0.3827094,0.1845018,3.257025,0.2353323,0.7857755,3.2,0.5988287,4.221535,#N/A,#N/A,0,0.716397,0.6789855,1.084573,4,#N/A,#N/A,#N/A
DECOY_RFVTQYFLSDTN_run4,4,PP_TrainingDataset_Feb09.wiff,33.47323,33.47323,33.84853,RFVTQYFLSDTN,RFVTQYFLSDTN,Decoys,1,-1.126373,0.8699962,0.3182145,3.867749,2.073232,0.6229697,3.2,0.634373,5.238763,#N/A,#N/A,0,0.6885378,0.5265369,4.81725,2.4,#N/A,#N/A,#N/A
DECOY_KYFPLNEVN_run2,2,PP_TrainingDataset_Feb09.wiff,24.19425,24.08775,25.01075,KYFPLNEVN,KYFPLNEVN,Decoys,1,0.03585061,0.4857007,0.2207731,4.62418,1.70575,0.7184768,4,0.4946019,16.13608,#N/A,#N/A,0,0.8103656,0.5646187,14.39221,3.2,#N/A,#N/A,#N/A
DECOY_RLVSSFDTEGAQLLVN_run2,2,PP_TrainingDataset_Feb09.wiff,34.2549,34.0197,34.4509,RLVSSFDTEGAQLLVN,RLVSSFDTEGAQLLVN,Decoys,1,0.136791,0.445598,0.207385,3.794387,0.964898,0.7372954,2.4,0.5838709,2.067013,#N/A,#N/A,0,0.8700585,0.579551,4.175891,0,#N/A,#N/A,#N/A
DECOY_KGMGLVAVYSSGQ_run2,2,PP_TrainingDataset_Feb09.wiff,29.11237,28.87657,29.23027,KGMGLVAVYSSGQ,KGMGLVAVYSSGQ,Decoys,1,1.5643,0.05887356,0.03746499,4.419601,4.882366,0.6162562,4,0.6591944,1.440736,#N/A,#N/A,0,0.7911574,0.614956,2.724189,3.2,#N/A,#N/A,#N/A
DECOY_KFIDHTQEAIQ_run1,1,PP_TrainingDataset_Feb09.wiff,21.04577,20.89537,21.19617,KFIDHTQEAIQ,KFIDHTQEAIQ,Decoys,1,0.6341791,0.262982,0.1418239,3.823921,0.3357668,0.8712429,4,0.6644623,2.89133,#N/A,#N/A,0,0.5714087,0.6440588,4.583648,0,#N/A,#N/A,#N/A
DECOY_KGPNQFISSNQ_run4,4,PP_TrainingDataset_Feb09.wiff,20.89623,20.76023,21.23623,KGPNQFISSNQ,KGPNQFISSNQ,Decoys,1,1.738227,0.04108537,0.02640933,4.320247,3.766234,0.8280295,4,0.5286635,2.146901,#N/A,#N/A,0,0.8522083,0.5117899,7.190818,2.4,#N/A,#N/A,#N/A
DECOY_KIIPFLSVLYSGAS_run4,4,PP_TrainingDataset_Feb09.wiff,39.063,38.9374,39.3142,KIIPFLSVLYSGAS,KIIPFLSVLYSGAS,Decoys,1,0.4889077,0.3124535,0.1578048,3.384125,1.887,0.7380198,3.2,0.6033617,3.840262,#N/A,#N/A,0,0.7340955,0.6840587,1.149105,4,#N/A,#N/A,#N/A
DECOY_RFNISISAS_run4,4,PP_TrainingDataset_Feb09.wiff,23.65045,23.46745,23.89445,RFNISISAS,RFNISISAS,Decoys,1,0.1345844,0.4464703,0.207385,4.231071,2.26045,0.6542464,3.2,0.6034197,5.842566,#N/A,#N/A,0,0.8279607,0.4918104,8.309266,3.2,#N/A,#N/A,#N/A
DECOY_KINPNTVSLSGSTAS_run2,2,PP_TrainingDataset_Feb09.wiff,19.7221,19.4221,19.8721,KINPNTVSLSGSTAS,KINPNTVSLSGSTAS,Decoys,1,0.3502292,0.3630833,0.1803926,3.761275,0.6921012,0.8115194,0,0.651627,3.238116,#N/A,#N/A,0,0.8582671,0.6041248,7.069577,2.4,#N/A,#N/A,#N/A
DECOY_RLLTFQAAES_run3,3,PP_TrainingDataset_Feb09.wiff,27.33308,26.86268,27.37228,RLLTFQAAES,RLLTFQAAES,Decoys,1,0.5836241,0.2797366,0.1472334,4.299916,2.143084,0.7765912,3.2,0.514654,5.084506,#N/A,#N/A,0,0.722878,0.6033411,5.52299,3.2,#N/A,#N/A,#N/A
DECOY_RNQNYAGYPASPIS_run4,4,PP_TrainingDataset_Feb09.wiff,20.19402,20.16192,20.29032,RNQNYAGYPASPIS,RNQNYAGYPASPIS,Decoys,1,-1.126814,0.8700894,0.3182145,3.270998,0.3440174,0.7184455,3.2,0.8011678,1.246571,#N/A,#N/A,0,0.5452459,0.5435223,1.975379,1.6,#N/A,#N/A,#N/A
DECOY_KYEPAPLVEVTS_run2,2,PP_TrainingDataset_Feb09.wiff,23.84523,23.61283,24.07763,KYEPAPLVEVTS,KYEPAPLVEVTS,Decoys,1,-0.7871269,0.7843962,0.3006995,4.452143,1.484766,0.72391,3.2,0.4154522,7.455104,#N/A,#N/A,0,0.6197129,0.5482048,6.773973,4,#N/A,#N/A,#N/A
DECOY_RQAVALSAEQLEISSDT_run3,3,PP_TrainingDataset_Feb09.wiff,24.34755,24.30835,24.50435,RQAVALSAEQLEISSDT,RQAVALSAEQLEISSDT,Decoys,1,-0.1933047,0.5766398,0.2458546,3.354699,4.75245,0.5985028,2.4,0.5322451,1.826777,#N/A,#N/A,0,0.8065156,0.6693796,2.785606,0,#N/A,#N/A,#N/A
DECOY_KPAYGDLAMGYFT_run2,2,PP_TrainingDataset_Feb09.wiff,31.06915,30.78385,31.22765,KPAYGDLAMGYFT,KPAYGDLAMGYFT,Decoys,1,0.3433128,0.3656816,0.1803926,3.892667,1.270849,0.6983902,3.2,0.612547,2.186957,#N/A,#N/A,0,0.7935041,0.5131193,4.944965,3.2,#N/A,#N/A,#N/A
DECOY_KYFPVSVSGAANYFT_run1,1,PP_TrainingDataset_Feb09.wiff,32.48825,32.14025,32.66225,KYFPVSVSGAANYFT,KYFPVSVSGAANYFT,Decoys,1,0.6248907,0.2660214,0.1422574,4.473773,0.5217493,0.5706383,3.2,0.6755975,3.277755,#N/A,#N/A,0,0.8305138,0.5795726,3.47324,3.2,#N/A,#N/A,#N/A
DECOY_KTLSFAGT_run3,3,PP_TrainingDataset_Feb09.wiff,18.29608,17.70788,18.60748,KTLSFAGT,KTLSFAGT,Decoys,1,-0.3922172,0.6525511,0.2628227,4.525583,0.9939166,0.5612534,2.4,0.6018651,6.040823,#N/A,#N/A,0,0.6693532,0.5493239,10.33412,1.6,#N/A,#N/A,#N/A
DECOY_KVWDVTEWGLLYGIIT_run4,4,PP_TrainingDataset_Feb09.wiff,45.87513,45.82017,45.9026,KVWDVTEWGLLYGIIT,KVWDVTEWGLLYGIIT,Decoys,1,-3.722253,0.9999013,0.3515474,2.041094,2.914866,0.3426105,0.8,0.2062395,1.412871,#N/A,#N/A,0,0.7048328,0.6655123,0,0.8,#N/A,#N/A,#N/A
DECOY_RMLEQGTIIST_run1,1,PP_TrainingDataset_Feb09.wiff,27.07117,26.89297,27.27907,RMLEQGTIIST,RMLEQGTIIST,Decoys,1,-0.1874934,0.5743631,0.2458546,3.968135,1.981165,0.79623,3.2,0.6318583,5.606555,#N/A,#N/A,0,0.7779268,0.597109,4.576977,0,#N/A,#N/A,#N/A
DECOY_RALNASVST_run1,1,PP_TrainingDataset_Feb09.wiff,15.45207,15.37327,15.66877,RALNASVST,RALNASVST,Decoys,1,-0.7627327,0.7771886,0.3006995,3.55063,1.282066,0.6619111,3.2,0.477581,7.602262,#N/A,#N/A,0,0.7047539,0.490794,11.33514,3.2,#N/A,#N/A,#N/A
DECOY_KLNEDSHDMLVDVT_run2,2,PP_TrainingDataset_Feb09.wiff,24.57562,24.40962,24.64202,KLNEDSHDMLVDVT,KLNEDSHDMLVDVT,Decoys,1,0.9744537,0.1649157,0.09370207,3.398791,0.1056168,0.8091434,2.4,0.646584,4.31053,#N/A,#N/A,0,0.7904661,0.6989241,3.409076,3.2,#N/A,#N/A,#N/A
DECOY_RSTGGIIVNPVT_run4,4,PP_TrainingDataset_Feb09.wiff,21.27005,21.20585,21.59105,RSTGGIIVNPVT,RSTGGIIVNPVT,Decoys,1,0.05153143,0.479451,0.2195001,4.052918,0.5599499,0.797417,3.2,0.6406345,5.840043,#N/A,#N/A,0,0.6733394,0.5960068,4.670918,3.2,#N/A,#N/A,#N/A
DECOY_KWILEPFV_run4,4,PP_TrainingDataset_Feb09.wiff,34.57102,34.31632,35.08042,KWILEPFV,KWILEPFV,Decoys,1,-0.1512465,0.5601094,0.2441324,4.307275,0.8910182,0.6095914,4,0.5214595,12.76331,#N/A,#N/A,0,0.8442997,0.4842442,14.4832,3.2,#N/A,#N/A,#N/A
DECOY_KLGNFFQGTEEFNV_run2,2,PP_TrainingDataset_Feb09.wiff,30.94218,30.43258,31.21658,KLGNFFQGTEEFNV,KLGNFFQGTEEFNV,Decoys,1,2.088987,0.01835445,0.01191847,4.563126,2.027816,0.7151691,4,0.5704136,7.370073,#N/A,#N/A,0,0.6547831,0.9416738,1.600946,0.8,#N/A,#N/A,#N/A
DECOY_RQLYNNQSV_run2,2,PP_TrainingDataset_Feb09.wiff,17.46555,17.38205,17.56575,RQLYNNQSV,RQLYNNQSV,Decoys,1,0.5017875,0.3079085,0.1569749,3.251258,0.5755495,0.7721859,3.2,0.4128272,3.306916,#N/A,#N/A,0,0.5591584,0.7227634,6.770028,0.8,#N/A,#N/A,#N/A
DECOY_KLLLVDISPAY_run3,3,PP_TrainingDataset_Feb09.wiff,33.15392,32.55992,33.28592,KLLLVDISPAY,KLLLVDISPAY,Decoys,1,-0.516657,0.6973022,0.2756135,4.528792,0.0639154,0.8651814,3.2,0.4994323,8.803059,#N/A,#N/A,0,0.871417,0.3929088,12.91724,0,#N/A,#N/A,#N/A
DECOY_KGVDNGDPFY_run2,2,PP_TrainingDataset_Feb09.wiff,19.17378,18.72378,19.54878,KGVDNGDPFY,KGVDNGDPFY,Decoys,1,-0.8478373,0.8017357,0.3036878,4.327914,1.096216,0.8186469,4,0.4011435,8.641218,#N/A,#N/A,0,0.8501732,0.4644144,4.700318,4,#N/A,#N/A,#N/A
DECOY_RFPVAEFLPYLVLY_run3,3,PP_TrainingDataset_Feb09.wiff,44.31636,44.29256,44.43536,RFPVAEFLPYLVLY,RFPVAEFLPYLVLY,Decoys,1,-1.551807,0.9396458,0.3378285,2.19189,4.813636,0.5402231,1.6,0.8600017,4.633358,#N/A,#N/A,0,0.5615539,0.6888287,4.245104,2.4,#N/A,#N/A,#N/A
DECOY_RHGGGSTTIVMY_run3,3,PP_TrainingDataset_Feb09.wiff,18.30703,18.15763,18.38173,RHGGGSTTIVMY,RHGGGSTTIVMY,Decoys,1,0.684749,0.2467512,0.1342081,3.599939,2.212966,0.7127929,3.2,0.7852166,2.597028,#N/A,#N/A,0,0.6391634,0.6197924,5.195433,2.4,#N/A,#N/A,#N/A
DECOY_KVEISQDEVYPGFLELSY_run4,4,PP_TrainingDataset_Feb09.wiff,34.09478,34.06649,34.34948,KVEISQDEVYPGFLELSY,KVEISQDEVYPGFLELSY,Decoys,1,-1.237959,0.8921344,0.3244125,3.408435,3.055216,0.5145535,1.6,0.5770369,4.722498,#N/A,#N/A,0,0.7290395,0.5604586,7.748576,2.4,#N/A,#N/A,#N/A
DECOY_RNILMSVGAQLLWY_run2,2,PP_TrainingDataset_Feb09.wiff,42.58949,42.30948,42.86948,RNILMSVGAQLLWY,RNILMSVGAQLLWY,Decoys,1,-0.3362096,0.6316436,0.2583304,3.217294,1.969485,0.8327187,3.2,0.4997205,14.16367,#N/A,#N/A,0,0.8536054,0.5145528,18.6549,0,#N/A,#N/A,#N/A
DECOY_KFSALWFEMEGYY_run1,1,PP_TrainingDataset_Feb09.wiff,40.16627,40.01826,40.35126,KFSALWFEMEGYY,KFSALWFEMEGYY,Decoys,1,0.5655317,0.2858561,0.147893,2.805273,1.243733,0.7098096,0,0.6147475,2.973884,#N/A,#N/A,0,0.6652675,0.8371759,4.291546,3.2,#N/A,#N/A,#N/A
