450.695949,524.216337,20,peptides1.FNDDFSR.+2y4.CoV_6.0.light,80,21.1,6.00
450.695949,524.226337,20,peptides1.FNDDFSR.+2y4.CoV_10.0.light,80,21.1,10.00
450.695949,524.236337,20,peptides1.FNDDFSR.+2y4.CoV_14.0.light,80,21.1,14.00
450.695949,524.246337,20,peptides1.FNDDFSR.+2y4.CoV_18.0.light,80,21.1,18.00
450.695949,524.256337,20,peptides1.FNDDFSR.+2y4.CoV_22.0.light,80,21.1,22.00
450.695949,524.266337,20,peptides1.FNDDFSR.+2y4.CoV_26.0.light,80,21.1,26.00
450.695949,524.276337,20,peptides1.FNDDFSR.+2y4.CoV_30.0.light,80,21.1,30.00
542.26453,636.316386,20,peptides1.GDFQFNISR.+2y5.CoV_6.0.light,80,25.6,6.00
542.26453,636.326386,20,peptides1.GDFQFNISR.+2y5.CoV_10.0.light,80,25.6,10.00
542.26453,636.336386,20,peptides1.GDFQFNISR.+2y5.CoV_14.0.light,80,25.6,14.00
542.26453,636.346386,20,peptides1.GDFQFNISR.+2y5.CoV_18.0.light,80,25.6,18.00
542.26453,636.356386,20,peptides1.GDFQFNISR.+2y5.CoV_22.0.light,80,25.6,22.00
542.26453,636.366386,20,peptides1.GDFQFNISR.+2y5.CoV_26.0.light,80,25.6,26.00
542.26453,636.376386,20,peptides1.GDFQFNISR.+2y5.CoV_30.0.light,80,25.6,30.00
550.28018,871.412077,20,peptides1.IDPNAWVER.+2y7.CoV_6.0.light,80,26,6.00
550.28018,871.422077,20,peptides1.IDPNAWVER.+2y7.CoV_10.0.light,80,26,10.00
550.28018,871.432077,20,peptides1.IDPNAWVER.+2y7.CoV_14.0.light,80,26,14.00
550.28018,871.442077,20,peptides1.IDPNAWVER.+2y7.CoV_18.0.light,80,26,18.00
550.28018,871.452077,20,peptides1.IDPNAWVER.+2y7.CoV_22.0.light,80,26,22.00
550.28018,871.462077,20,peptides1.IDPNAWVER.+2y7.CoV_26.0.light,80,26,26.00
550.28018,871.472077,20,peptides1.IDPNAWVER.+2y7.CoV_30.0.light,80,26,30.00
550.793986,728.374963,20,peptides1.TDRPSQQLR.+2y6.CoV_6.0.light,80,26,6.00
550.793986,728.384963,20,peptides1.TDRPSQQLR.+2y6.CoV_10.0.light,80,26,10.00
550.793986,728.394963,20,peptides1.TDRPSQQLR.+2y6.CoV_14.0.light,80,26,14.00
550.793986,728.404963,20,peptides1.TDRPSQQLR.+2y6.CoV_18.0.light,80,26,18.00
550.793986,728.414963,20,peptides1.TDRPSQQLR.+2y6.CoV_22.0.light,80,26,22.00
550.793986,728.424963,20,peptides1.TDRPSQQLR.+2y6.CoV_26.0.light,80,26,26.00
550.793986,728.434963,20,peptides1.TDRPSQQLR.+2y6.CoV_30.0.light,80,26,30.00
567.055109,932.428455,20,peptides1.DVSLLHKPTTQISDFHVATR.+4y8.CoV_6.0.light,80,26.4,6.00
567.055109,932.438455,20,peptides1.DVSLLHKPTTQISDFHVATR.+4y8.CoV_10.0.light,80,26.4,10.00
567.055109,932.448455,20,peptides1.DVSLLHKPTTQISDFHVATR.+4y8.CoV_14.0.light,80,26.4,14.00
567.055109,932.458455,20,peptides1.DVSLLHKPTTQISDFHVATR.+4y8.CoV_18.0.light,80,26.4,18.00
567.055109,932.468455,20,peptides1.DVSLLHKPTTQISDFHVATR.+4y8.CoV_22.0.light,80,26.4,22.00
567.055109,932.478455,20,peptides1.DVSLLHKPTTQISDFHVATR.+4y8.CoV_26.0.light,80,26.4,26.00
567.055109,932.488455,20,peptides1.DVSLLHKPTTQISDFHVATR.+4y8.CoV_30.0.light,80,26.4,30.00
