450.695949,524.216337,20,peptides1.FNDDFSR.+2y4.CoV_16.3.light,64,25.1,16.25
450.695949,524.226337,20,peptides1.FNDDFSR.+2y4.CoV_16.5.light,64,25.1,16.50
450.695949,524.236337,20,peptides1.FNDDFSR.+2y4.CoV_16.8.light,64,25.1,16.75
450.695949,524.246337,20,peptides1.FNDDFSR.+2y4.CoV_17.0.light,64,25.1,17.00
450.695949,524.256337,20,peptides1.FNDDFSR.+2y4.CoV_17.3.light,64,25.1,17.25
450.695949,524.266337,20,peptides1.FNDDFSR.+2y4.CoV_17.5.light,64,25.1,17.50
450.695949,524.276337,20,peptides1.FNDDFSR.+2y4.CoV_17.8.light,64,25.1,17.75
542.26453,636.316386,20,peptides1.GDFQFNISR.+2y5.CoV_12.3.light,70.6,28.4,12.25
542.26453,636.326386,20,peptides1.GDFQFNISR.+2y5.CoV_12.5.light,70.6,28.4,12.50
542.26453,636.336386,20,peptides1.GDFQFNISR.+2y5.CoV_12.8.light,70.6,28.4,12.75
542.26453,636.346386,20,peptides1.GDFQFNISR.+2y5.CoV_13.0.light,70.6,28.4,13.00
542.26453,636.356386,20,peptides1.GDFQFNISR.+2y5.CoV_13.3.light,70.6,28.4,13.25
542.26453,636.366386,20,peptides1.GDFQFNISR.+2y5.CoV_13.5.light,70.6,28.4,13.50
542.26453,636.376386,20,peptides1.GDFQFNISR.+2y5.CoV_13.8.light,70.6,28.4,13.75
550.28018,871.412077,20,peptides1.IDPNAWVER.+2y7.CoV_11.3.light,71.2,28.7,11.25
550.28018,871.422077,20,peptides1.IDPNAWVER.+2y7.CoV_11.5.light,71.2,28.7,11.50
550.28018,871.432077,20,peptides1.IDPNAWVER.+2y7.CoV_11.8.light,71.2,28.7,11.75
550.28018,871.442077,20,peptides1.IDPNAWVER.+2y7.CoV_12.0.light,71.2,28.7,12.00
550.28018,871.452077,20,peptides1.IDPNAWVER.+2y7.CoV_12.3.light,71.2,28.7,12.25
550.28018,871.462077,20,peptides1.IDPNAWVER.+2y7.CoV_12.5.light,71.2,28.7,12.50
550.28018,871.472077,20,peptides1.IDPNAWVER.+2y7.CoV_12.8.light,71.2,28.7,12.75
550.793986,728.374963,20,peptides1.TDRPSQQLR.+2y6.CoV_13.3.light,71.3,28.7,13.25
550.793986,728.384963,20,peptides1.TDRPSQQLR.+2y6.CoV_13.5.light,71.3,28.7,13.50
550.793986,728.394963,20,peptides1.TDRPSQQLR.+2y6.CoV_13.8.light,71.3,28.7,13.75
550.793986,728.404963,20,peptides1.TDRPSQQLR.+2y6.CoV_14.0.light,71.3,28.7,14.00
550.793986,728.414963,20,peptides1.TDRPSQQLR.+2y6.CoV_14.3.light,71.3,28.7,14.25
550.793986,728.424963,20,peptides1.TDRPSQQLR.+2y6.CoV_14.5.light,71.3,28.7,14.50
550.793986,728.434963,20,peptides1.TDRPSQQLR.+2y6.CoV_14.8.light,71.3,28.7,14.75
567.055109,932.428455,20,peptides1.DVSLLHKPTTQISDFHVATR.+4y8.CoV_17.3.light,72.5,28.4,17.25
567.055109,932.438455,20,peptides1.DVSLLHKPTTQISDFHVATR.+4y8.CoV_17.5.light,72.5,28.4,17.50
567.055109,932.448455,20,peptides1.DVSLLHKPTTQISDFHVATR.+4y8.CoV_17.8.light,72.5,28.4,17.75
567.055109,932.458455,20,peptides1.DVSLLHKPTTQISDFHVATR.+4y8.CoV_18.0.light,72.5,28.4,18.00
567.055109,932.468455,20,peptides1.DVSLLHKPTTQISDFHVATR.+4y8.CoV_18.3.light,72.5,28.4,18.25
567.055109,932.478455,20,peptides1.DVSLLHKPTTQISDFHVATR.+4y8.CoV_18.5.light,72.5,28.4,18.50
567.055109,932.488455,20,peptides1.DVSLLHKPTTQISDFHVATR.+4y8.CoV_18.8.light,72.5,28.4,18.75
