450.695949,524.216337,20,peptides1.FNDDFSR.+2y4.CoV_15.0.light,80,21.1,15.00
450.695949,524.226337,20,peptides1.FNDDFSR.+2y4.CoV_16.0.light,80,21.1,16.00
450.695949,524.236337,20,peptides1.FNDDFSR.+2y4.CoV_17.0.light,80,21.1,17.00
450.695949,524.246337,20,peptides1.FNDDFSR.+2y4.CoV_18.0.light,80,21.1,18.00
450.695949,524.256337,20,peptides1.FNDDFSR.+2y4.CoV_19.0.light,80,21.1,19.00
450.695949,524.266337,20,peptides1.FNDDFSR.+2y4.CoV_20.0.light,80,21.1,20.00
450.695949,524.276337,20,peptides1.FNDDFSR.+2y4.CoV_21.0.light,80,21.1,21.00
542.26453,636.316386,20,peptides1.GDFQFNISR.+2y5.CoV_11.0.light,80,25.6,11.00
542.26453,636.326386,20,peptides1.GDFQFNISR.+2y5.CoV_12.0.light,80,25.6,12.00
542.26453,636.336386,20,peptides1.GDFQFNISR.+2y5.CoV_13.0.light,80,25.6,13.00
542.26453,636.346386,20,peptides1.GDFQFNISR.+2y5.CoV_14.0.light,80,25.6,14.00
542.26453,636.356386,20,peptides1.GDFQFNISR.+2y5.CoV_15.0.light,80,25.6,15.00
542.26453,636.366386,20,peptides1.GDFQFNISR.+2y5.CoV_16.0.light,80,25.6,16.00
542.26453,636.376386,20,peptides1.GDFQFNISR.+2y5.CoV_17.0.light,80,25.6,17.00
550.28018,871.412077,20,peptides1.IDPNAWVER.+2y7.CoV_11.0.light,80,26,11.00
550.28018,871.422077,20,peptides1.IDPNAWVER.+2y7.CoV_12.0.light,80,26,12.00
550.28018,871.432077,20,peptides1.IDPNAWVER.+2y7.CoV_13.0.light,80,26,13.00
550.28018,871.442077,20,peptides1.IDPNAWVER.+2y7.CoV_14.0.light,80,26,14.00
550.28018,871.452077,20,peptides1.IDPNAWVER.+2y7.CoV_15.0.light,80,26,15.00
550.28018,871.462077,20,peptides1.IDPNAWVER.+2y7.CoV_16.0.light,80,26,16.00
550.28018,871.472077,20,peptides1.IDPNAWVER.+2y7.CoV_17.0.light,80,26,17.00
550.793986,728.374963,20,peptides1.TDRPSQQLR.+2y6.CoV_11.0.light,80,26,11.00
550.793986,728.384963,20,peptides1.TDRPSQQLR.+2y6.CoV_12.0.light,80,26,12.00
550.793986,728.394963,20,peptides1.TDRPSQQLR.+2y6.CoV_13.0.light,80,26,13.00
550.793986,728.404963,20,peptides1.TDRPSQQLR.+2y6.CoV_14.0.light,80,26,14.00
550.793986,728.414963,20,peptides1.TDRPSQQLR.+2y6.CoV_15.0.light,80,26,15.00
550.793986,728.424963,20,peptides1.TDRPSQQLR.+2y6.CoV_16.0.light,80,26,16.00
550.793986,728.434963,20,peptides1.TDRPSQQLR.+2y6.CoV_17.0.light,80,26,17.00
567.055109,932.428455,20,peptides1.DVSLLHKPTTQISDFHVATR.+4y8.CoV_15.0.light,80,26.4,15.00
567.055109,932.438455,20,peptides1.DVSLLHKPTTQISDFHVATR.+4y8.CoV_16.0.light,80,26.4,16.00
567.055109,932.448455,20,peptides1.DVSLLHKPTTQISDFHVATR.+4y8.CoV_17.0.light,80,26.4,17.00
567.055109,932.458455,20,peptides1.DVSLLHKPTTQISDFHVATR.+4y8.CoV_18.0.light,80,26.4,18.00
567.055109,932.468455,20,peptides1.DVSLLHKPTTQISDFHVATR.+4y8.CoV_19.0.light,80,26.4,19.00
567.055109,932.478455,20,peptides1.DVSLLHKPTTQISDFHVATR.+4y8.CoV_20.0.light,80,26.4,20.00
567.055109,932.488455,20,peptides1.DVSLLHKPTTQISDFHVATR.+4y8.CoV_21.0.light,80,26.4,21.00
