Protein Name,Peptide Modified Sequence,Precursor Mz,Precursor Charge,Explicit Collision Energy,Product Mz,Product Charge,Fragment Ion,Fragment Ion Ordinal,Cleavage Aa,Explicit Retention Time,Explicit Retention Time Window,Note,S-Lens,Cone Voltage,Explicit Ion Mobility,Explicit Ion Mobility Units,Explicit Ion Mobility High Energy Offset,Collisional Cross Section (sq A),Explicit Compensation Voltage,Explicit Delustering Potential
peptides1,PEPTIDER,478.737814,2,16.6,478.737814,2,precursor,8,R,1.2,0.1,this is the first precursor,,,0.5,drift time (msec),,330,,9
peptides1,PEPTIDER,478.737814,2,16.6,730.372994,1,y6,6,P,1.2,0.1,this is y6,1.1,1.12,,,-0.2,,,
peptides1,PEPTIDER,478.737814,2,16.6,633.32023,1,y5,5,T,1.2,0.1,this is y5,1.2,1.22,,,-0.3,,,
peptides1,PEPTIDER,478.737814,2,16.6,532.272552,1,y4,4,I,1.2,0.1,this is y4,1.3,1.32,,,,,,
peptides1,PEPTIDERER,621.309666,2,21.9,621.309666,2,precursor,10,R,2.1,0.2,this is a different precursor,,,0.6,,,330.3,7,5
peptides1,PEPTIDERER,621.309666,2,21.9,1015.516699,1,y8,8,P,2.1,0.2,this is y8,2.1,2.12,,,,,,
peptides1,PEPTIDERER,621.309666,2,21.9,918.463935,1,y7,7,T,2.1,0.2,this is y7,2.2,2.22,,,,,,
peptides1,PEPTIDERER,621.309666,2,21.9,817.416256,1,y6,6,I,2.1,0.2,this is also y6,,0.02,,,,,,
peptides1,PEPTIDERER,621.309666,2,21.9,704.332192,1,y5,5,D,2.1,0.2,,2.4,2.42,,,,,,
