Protein Name,Peptide Modified Sequence,Precursor Mz,Precursor Charge,Collision Energy,Product Mz,Product Charge,Fragment Ion,Fragment Ion Type,Fragment Ion Ordinal,Cleavage Aa,Loss Neutral Mass,Losses,Library Rank,Library Intensity,Isotope Dist Index,Isotope Dist Rank,Isotope Dist Proportion,Full Scan Filter Width,Transition Is Decoy,Product Decoy Mz Shift
peptides1,PEPTIDER,478.737814,2,16.6,478.737814,2,precursor,precursor,8,R,0,,#N/A,#N/A,0,#N/A,#N/A,#N/A,FALSE,#N/A
peptides1,PEPTIDER,478.737814,2,16.6,730.372994,1,y6,y,6,P,0,,#N/A,#N/A,0,#N/A,#N/A,#N/A,FALSE,#N/A
peptides1,PEPTIDER,478.737814,2,16.6,633.32023,1,y5,y,5,T,0,,#N/A,#N/A,0,#N/A,#N/A,#N/A,FALSE,#N/A
peptides1,PEPTIDER,478.737814,2,16.6,532.272552,1,y4,y,4,I,0,,#N/A,#N/A,0,#N/A,#N/A,#N/A,FALSE,#N/A
peptides1,PEPTIDERER,621.309666,2,21.9,621.309666,2,precursor,precursor,10,R,0,,#N/A,#N/A,0,#N/A,#N/A,#N/A,FALSE,#N/A
peptides1,PEPTIDERER,621.309666,2,21.9,1015.516699,1,y8,y,8,P,0,,#N/A,#N/A,0,#N/A,#N/A,#N/A,FALSE,#N/A
peptides1,PEPTIDERER,621.309666,2,21.9,918.463935,1,y7,y,7,T,0,,#N/A,#N/A,0,#N/A,#N/A,#N/A,FALSE,#N/A
peptides1,PEPTIDERER,621.309666,2,21.9,817.416256,1,y6,y,6,I,0,,#N/A,#N/A,0,#N/A,#N/A,#N/A,FALSE,#N/A
peptides1,PEPTIDERER,621.309666,2,21.9,704.332192,1,y5,y,5,D,0,,#N/A,#N/A,0,#N/A,#N/A,#N/A,FALSE,#N/A
