500.782359,703.388585,19,A[+56.0262]GLQFPVGR,Library Peptides,y6,3,light
500.782359,575.330007,19,A[+56.0262]GLQFPVGR,Library Peptides,y5,1,light
500.782359,428.261593,19,A[+56.0262]GLQFPVGR,Library Peptides,y4,2,light
505.786493,713.396854,19,A[+56.0262]GLQFPVGR,Library Peptides,y6,3,heavy
505.786493,585.338276,19,A[+56.0262]GLQFPVGR,Library Peptides,y5,1,heavy
505.786493,438.269862,19,A[+56.0262]GLQFPVGR,Library Peptides,y4,2,heavy
536.317097,760.431178,20.3,A[+56.0262]R[+28.0313]TK[+56.0262]QTAR,Library Peptides,y6,2,light
536.317097,659.3835,20.3,A[+56.0262]R[+28.0313]TK[+56.0262]QTAR,Library Peptides,y5,3,light
536.317097,175.118952,20.3,A[+56.0262]R[+28.0313]TK[+56.0262]QTAR,Library Peptides,y1,1,light
541.321232,770.439447,20.3,A[+56.0262]R[+28.0313]TK[+56.0262]QTAR,Library Peptides,y6,2,heavy
541.321232,669.391769,20.3,A[+56.0262]R[+28.0313]TK[+56.0262]QTAR,Library Peptides,y5,3,heavy
541.321232,185.127221,20.3,A[+56.0262]R[+28.0313]TK[+56.0262]QTAR,Library Peptides,y1,1,heavy
701.851698,243.097548,26.2,D[+56.0262]AVTYTEHAK[+56.0262]R,Library Peptides,b2,1,light
701.851698,1061.537434,26.2,D[+56.0262]AVTYTEHAK[+56.0262]R,Library Peptides,y8,2,light
701.851698,797.426427,26.2,D[+56.0262]AVTYTEHAK[+56.0262]R,Library Peptides,y6,3,light
706.855833,243.097548,26.2,D[+56.0262]AVTYTEHAK[+56.0262]R,Library Peptides,b2,1,heavy
706.855833,1071.545703,26.2,D[+56.0262]AVTYTEHAK[+56.0262]R,Library Peptides,y8,2,heavy
706.855833,807.434696,26.2,D[+56.0262]AVTYTEHAK[+56.0262]R,Library Peptides,y6,3,heavy
781.396469,299.160148,29.1,E[+56.0262]IAQDFK[+170.0691]TDLR,Library Peptides,b2,1,light
781.396469,1064.537099,29.1,E[+56.0262]IAQDFK[+170.0691]TDLR,Library Peptides,y7,3,light
781.396469,288.203016,29.1,E[+56.0262]IAQDFK[+170.0691]TDLR,Library Peptides,y2,2,light
786.400604,299.160148,29.1,E[+56.0262]IAQDFK[+170.0691]TDLR,Library Peptides,b2,1,heavy
786.400604,1074.545368,29.1,E[+56.0262]IAQDFK[+170.0691]TDLR,Library Peptides,y7,3,heavy
786.400604,298.211285,29.1,E[+56.0262]IAQDFK[+170.0691]TDLR,Library Peptides,y2,2,heavy
710.377548,186.076084,26.5,E[+56.0262]IAQDFK[+28.0313]TDLR,Library Peptides,b1,3,light
710.377548,185.602269,26.5,E[+56.0262]IAQDFK[+28.0313]TDLR,Library Peptides,b3,2,light
710.377548,288.203016,26.5,E[+56.0262]IAQDFK[+28.0313]TDLR,Library Peptides,y2,1,light
715.381683,186.076084,26.5,E[+56.0262]IAQDFK[+28.0313]TDLR,Library Peptides,b1,3,heavy
715.381683,185.602269,26.5,E[+56.0262]IAQDFK[+28.0313]TDLR,Library Peptides,b3,2,heavy
715.381683,298.211285,26.5,E[+56.0262]IAQDFK[+28.0313]TDLR,Library Peptides,y2,1,heavy
717.367181,299.160148,26.8,E[+56.0262]IAQDFK[+42.0106]TDLR,Library Peptides,b2,2,light
717.367181,936.478522,26.8,E[+56.0262]IAQDFK[+42.0106]TDLR,Library Peptides,y7,1,light
717.367181,288.203016,26.8,E[+56.0262]IAQDFK[+42.0106]TDLR,Library Peptides,y2,3,light
722.371315,299.160148,26.8,E[+56.0262]IAQDFK[+42.0106]TDLR,Library Peptides,b2,2,heavy
722.371315,946.486791,26.8,E[+56.0262]IAQDFK[+42.0106]TDLR,Library Peptides,y7,1,heavy
722.371315,298.211285,26.8,E[+56.0262]IAQDFK[+42.0106]TDLR,Library Peptides,y2,3,heavy
717.385373,1146.567731,26.8,E[+56.0262]IAQDFK[+42.0470]TDLR,Library Peptides,b9,3,light
717.385373,185.602269,26.8,E[+56.0262]IAQDFK[+42.0470]TDLR,Library Peptides,b3,2,light
717.385373,288.203016,26.8,E[+56.0262]IAQDFK[+42.0470]TDLR,Library Peptides,y2,1,light
722.389508,1146.567731,26.8,E[+56.0262]IAQDFK[+42.0470]TDLR,Library Peptides,b9,3,heavy
722.389508,185.602269,26.8,E[+56.0262]IAQDFK[+42.0470]TDLR,Library Peptides,b3,2,heavy
722.389508,298.211285,26.8,E[+56.0262]IAQDFK[+42.0470]TDLR,Library Peptides,y2,1,heavy
724.375006,299.160148,27,E[+56.0262]IAQDFK[+56.0262]TDLR,Library Peptides,b2,2,light
724.375006,950.494172,27,E[+56.0262]IAQDFK[+56.0262]TDLR,Library Peptides,y7,1,light
724.375006,288.203016,27,E[+56.0262]IAQDFK[+56.0262]TDLR,Library Peptides,y2,3,light
729.37914,299.160148,27,E[+56.0262]IAQDFK[+56.0262]TDLR,Library Peptides,b2,2,heavy
729.37914,960.502441,27,E[+56.0262]IAQDFK[+56.0262]TDLR,Library Peptides,y7,1,heavy
729.37914,298.211285,27,E[+56.0262]IAQDFK[+56.0262]TDLR,Library Peptides,y2,3,heavy
731.382831,299.160148,27.3,E[+56.0262]IAQDFK[+70.0419]TDLR,Library Peptides,b2,1,light
731.382831,964.509822,27.3,E[+56.0262]IAQDFK[+70.0419]TDLR,Library Peptides,y7,2,light
731.382831,288.203016,27.3,E[+56.0262]IAQDFK[+70.0419]TDLR,Library Peptides,y2,3,light
736.386965,299.160148,27.3,E[+56.0262]IAQDFK[+70.0419]TDLR,Library Peptides,b2,1,heavy
736.386965,974.518091,27.3,E[+56.0262]IAQDFK[+70.0419]TDLR,Library Peptides,y7,2,heavy
736.386965,298.211285,27.3,E[+56.0262]IAQDFK[+70.0419]TDLR,Library Peptides,y2,3,heavy
747.995759,540.386794,27.9,G[+56.0262]K[+42.0470]GGK[+42.0470]GLGK[+42.0470]GGAK[+42.0470]R,Library Peptides,a5,3,light
747.995759,767.513785,27.9,G[+56.0262]K[+42.0470]GGK[+42.0470]GLGK[+42.0470]GGAK[+42.0470]R,Library Peptides,a8,2,light
747.995759,937.655698,27.9,G[+56.0262]K[+42.0470]GGK[+42.0470]GLGK[+42.0470]GGAK[+42.0470]R,Library Peptides,a9,1,light
752.999894,540.386794,27.9,G[+56.0262]K[+42.0470]GGK[+42.0470]GLGK[+42.0470]GGAK[+42.0470]R,Library Peptides,a5,3,heavy
752.999894,767.513785,27.9,G[+56.0262]K[+42.0470]GGK[+42.0470]GLGK[+42.0470]GGAK[+42.0470]R,Library Peptides,a8,2,heavy
752.999894,937.655698,27.9,G[+56.0262]K[+42.0470]GGK[+42.0470]GLGK[+42.0470]GGAK[+42.0470]R,Library Peptides,a9,1,heavy
754.985392,941.589076,28.1,G[+56.0262]K[+42.0470]GGK[+42.0470]GLGK[+42.0470]GGAK[+56.0262]R,Library Peptides,y9,1,light
754.985392,771.483548,28.1,G[+56.0262]K[+42.0470]GGK[+42.0470]GLGK[+42.0470]GGAK[+56.0262]R,Library Peptides,y7,2,light
754.985392,544.320171,28.1,G[+56.0262]K[+42.0470]GGK[+42.0470]GLGK[+42.0470]GGAK[+56.0262]R,Library Peptides,y5,3,light
759.989526,951.597345,28.1,G[+56.0262]K[+42.0470]GGK[+42.0470]GLGK[+42.0470]GGAK[+56.0262]R,Library Peptides,y9,1,heavy
759.989526,781.491817,28.1,G[+56.0262]K[+42.0470]GGK[+42.0470]GLGK[+42.0470]GGAK[+56.0262]R,Library Peptides,y7,2,heavy
759.989526,554.32844,28.1,G[+56.0262]K[+42.0470]GGK[+42.0470]GLGK[+42.0470]GGAK[+56.0262]R,Library Peptides,y5,3,heavy
754.985392,540.386794,28.1,G[+56.0262]K[+42.0470]GGK[+42.0470]GLGK[+56.0262]GGAK[+42.0470]R,Library Peptides,a5,3,light
754.985392,951.634963,28.1,G[+56.0262]K[+42.0470]GGK[+42.0470]GLGK[+56.0262]GGAK[+42.0470]R,Library Peptides,a9,2,light
754.985392,771.483548,28.1,G[+56.0262]K[+42.0470]GGK[+42.0470]GLGK[+56.0262]GGAK[+42.0470]R,Library Peptides,y7,1,light
759.989526,540.386794,28.1,G[+56.0262]K[+42.0470]GGK[+42.0470]GLGK[+56.0262]GGAK[+42.0470]R,Library Peptides,a5,3,heavy
759.989526,951.634963,28.1,G[+56.0262]K[+42.0470]GGK[+42.0470]GLGK[+56.0262]GGAK[+42.0470]R,Library Peptides,a9,2,heavy
759.989526,781.491817,28.1,G[+56.0262]K[+42.0470]GGK[+42.0470]GLGK[+56.0262]GGAK[+42.0470]R,Library Peptides,y7,1,heavy
761.975024,795.5087,28.4,G[+56.0262]K[+42.0470]GGK[+42.0470]GLGK[+56.0262]GGAK[+56.0262]R,Library Peptides,b8,2,light
761.975024,955.568341,28.4,G[+56.0262]K[+42.0470]GGK[+42.0470]GLGK[+56.0262]GGAK[+56.0262]R,Library Peptides,y9,1,light
761.975024,544.320171,28.4,G[+56.0262]K[+42.0470]GGK[+42.0470]GLGK[+56.0262]GGAK[+56.0262]R,Library Peptides,y5,3,light
766.979159,795.5087,28.4,G[+56.0262]K[+42.0470]GGK[+42.0470]GLGK[+56.0262]GGAK[+56.0262]R,Library Peptides,b8,2,heavy
766.979159,965.57661,28.4,G[+56.0262]K[+42.0470]GGK[+42.0470]GLGK[+56.0262]GGAK[+56.0262]R,Library Peptides,y9,1,heavy
766.979159,554.32844,28.4,G[+56.0262]K[+42.0470]GGK[+42.0470]GLGK[+56.0262]GGAK[+56.0262]R,Library Peptides,y5,3,heavy
761.975024,781.49305,28.4,G[+56.0262]K[+42.0470]GGK[+56.0262]GLGK[+56.0262]GGAK[+42.0470]R,Library Peptides,a8,2,light
761.975024,540.332216,28.4,G[+56.0262]K[+42.0470]GGK[+56.0262]GLGK[+56.0262]GGAK[+42.0470]R,Library Peptides,a11,3,light
761.975024,941.589076,28.4,G[+56.0262]K[+42.0470]GGK[+56.0262]GLGK[+56.0262]GGAK[+42.0470]R,Library Peptides,y9,1,light
766.979159,781.49305,28.4,G[+56.0262]K[+42.0470]GGK[+56.0262]GLGK[+56.0262]GGAK[+42.0470]R,Library Peptides,a8,2,heavy
766.979159,540.332216,28.4,G[+56.0262]K[+42.0470]GGK[+56.0262]GLGK[+56.0262]GGAK[+42.0470]R,Library Peptides,a11,3,heavy
766.979159,951.597345,28.4,G[+56.0262]K[+42.0470]GGK[+56.0262]GLGK[+56.0262]GGAK[+42.0470]R,Library Peptides,y9,1,heavy
768.964657,554.366059,28.6,G[+56.0262]K[+42.0470]GGK[+56.0262]GLGK[+56.0262]GGAK[+56.0262]R,Library Peptides,a5,3,light
768.964657,965.614228,28.6,G[+56.0262]K[+42.0470]GGK[+56.0262]GLGK[+56.0262]GGAK[+56.0262]R,Library Peptides,a9,1,light
768.964657,785.462813,28.6,G[+56.0262]K[+42.0470]GGK[+56.0262]GLGK[+56.0262]GGAK[+56.0262]R,Library Peptides,y7,2,light
773.968791,554.366059,28.6,G[+56.0262]K[+42.0470]GGK[+56.0262]GLGK[+56.0262]GGAK[+56.0262]R,Library Peptides,a5,3,heavy
773.968791,965.614228,28.6,G[+56.0262]K[+42.0470]GGK[+56.0262]GLGK[+56.0262]GGAK[+56.0262]R,Library Peptides,a9,1,heavy
773.968791,795.471082,28.6,G[+56.0262]K[+42.0470]GGK[+56.0262]GLGK[+56.0262]GGAK[+56.0262]R,Library Peptides,y7,2,heavy
754.985392,927.609811,28.1,G[+56.0262]K[+56.0262]GGK[+42.0470]GLGK[+42.0470]GGAK[+42.0470]R,Library Peptides,y9,1,light
754.985392,757.504283,28.1,G[+56.0262]K[+56.0262]GGK[+42.0470]GLGK[+42.0470]GGAK[+42.0470]R,Library Peptides,y7,2,light
754.985392,530.340906,28.1,G[+56.0262]K[+56.0262]GGK[+42.0470]GLGK[+42.0470]GGAK[+42.0470]R,Library Peptides,y5,3,light
759.989526,937.61808,28.1,G[+56.0262]K[+56.0262]GGK[+42.0470]GLGK[+42.0470]GGAK[+42.0470]R,Library Peptides,y9,1,heavy
759.989526,767.512552,28.1,G[+56.0262]K[+56.0262]GGK[+42.0470]GLGK[+42.0470]GGAK[+42.0470]R,Library Peptides,y7,2,heavy
759.989526,540.349175,28.1,G[+56.0262]K[+56.0262]GGK[+42.0470]GLGK[+42.0470]GGAK[+42.0470]R,Library Peptides,y5,3,heavy
761.975024,554.366059,28.4,G[+56.0262]K[+56.0262]GGK[+42.0470]GLGK[+42.0470]GGAK[+56.0262]R,Library Peptides,a5,3,light
761.975024,781.49305,28.4,G[+56.0262]K[+56.0262]GGK[+42.0470]GLGK[+42.0470]GGAK[+56.0262]R,Library Peptides,a8,1,light
761.975024,951.634963,28.4,G[+56.0262]K[+56.0262]GGK[+42.0470]GLGK[+42.0470]GGAK[+56.0262]R,Library Peptides,a9,2,light
766.979159,554.366059,28.4,G[+56.0262]K[+56.0262]GGK[+42.0470]GLGK[+42.0470]GGAK[+56.0262]R,Library Peptides,a5,3,heavy
766.979159,781.49305,28.4,G[+56.0262]K[+56.0262]GGK[+42.0470]GLGK[+42.0470]GGAK[+56.0262]R,Library Peptides,a8,1,heavy
766.979159,951.634963,28.4,G[+56.0262]K[+56.0262]GGK[+42.0470]GLGK[+42.0470]GGAK[+56.0262]R,Library Peptides,a9,2,heavy
761.975024,781.49305,28.4,G[+56.0262]K[+56.0262]GGK[+42.0470]GLGK[+56.0262]GGAK[+42.0470]R,Library Peptides,a8,1,light
761.975024,540.332216,28.4,G[+56.0262]K[+56.0262]GGK[+42.0470]GLGK[+56.0262]GGAK[+42.0470]R,Library Peptides,a11,3,light
761.975024,941.589076,28.4,G[+56.0262]K[+56.0262]GGK[+42.0470]GLGK[+56.0262]GGAK[+42.0470]R,Library Peptides,y9,2,light
766.979159,781.49305,28.4,G[+56.0262]K[+56.0262]GGK[+42.0470]GLGK[+56.0262]GGAK[+42.0470]R,Library Peptides,a8,1,heavy
766.979159,540.332216,28.4,G[+56.0262]K[+56.0262]GGK[+42.0470]GLGK[+56.0262]GGAK[+42.0470]R,Library Peptides,a11,3,heavy
766.979159,951.597345,28.4,G[+56.0262]K[+56.0262]GGK[+42.0470]GLGK[+56.0262]GGAK[+42.0470]R,Library Peptides,y9,2,heavy
768.964657,554.366059,28.6,G[+56.0262]K[+56.0262]GGK[+42.0470]GLGK[+56.0262]GGAK[+56.0262]R,Library Peptides,a5,3,light
768.964657,965.614228,28.6,G[+56.0262]K[+56.0262]GGK[+42.0470]GLGK[+56.0262]GGAK[+56.0262]R,Library Peptides,a9,1,light
768.964657,785.462813,28.6,G[+56.0262]K[+56.0262]GGK[+42.0470]GLGK[+56.0262]GGAK[+56.0262]R,Library Peptides,y7,2,light
773.968791,554.366059,28.6,G[+56.0262]K[+56.0262]GGK[+42.0470]GLGK[+56.0262]GGAK[+56.0262]R,Library Peptides,a5,3,heavy
773.968791,965.614228,28.6,G[+56.0262]K[+56.0262]GGK[+42.0470]GLGK[+56.0262]GGAK[+56.0262]R,Library Peptides,a9,1,heavy
773.968791,795.471082,28.6,G[+56.0262]K[+56.0262]GGK[+42.0470]GLGK[+56.0262]GGAK[+56.0262]R,Library Peptides,y7,2,heavy
761.975024,540.332216,28.4,G[+56.0262]K[+56.0262]GGK[+56.0262]GLGK[+42.0470]GGAK[+42.0470]R,Library Peptides,a11,3,light
761.975024,927.609811,28.4,G[+56.0262]K[+56.0262]GGK[+56.0262]GLGK[+42.0470]GGAK[+42.0470]R,Library Peptides,y9,2,light
761.975024,757.504283,28.4,G[+56.0262]K[+56.0262]GGK[+56.0262]GLGK[+42.0470]GGAK[+42.0470]R,Library Peptides,y7,1,light
766.979159,540.332216,28.4,G[+56.0262]K[+56.0262]GGK[+56.0262]GLGK[+42.0470]GGAK[+42.0470]R,Library Peptides,a11,3,heavy
766.979159,937.61808,28.4,G[+56.0262]K[+56.0262]GGK[+56.0262]GLGK[+42.0470]GGAK[+42.0470]R,Library Peptides,y9,2,heavy
766.979159,767.512552,28.4,G[+56.0262]K[+56.0262]GGK[+56.0262]GLGK[+42.0470]GGAK[+42.0470]R,Library Peptides,y7,1,heavy
768.964657,554.329673,28.6,G[+56.0262]K[+56.0262]GGK[+56.0262]GLGK[+42.0470]GGAK[+56.0262]R,Library Peptides,b11,3,light
768.964657,941.589076,28.6,G[+56.0262]K[+56.0262]GGK[+56.0262]GLGK[+42.0470]GGAK[+56.0262]R,Library Peptides,y9,1,light
768.964657,771.483548,28.6,G[+56.0262]K[+56.0262]GGK[+56.0262]GLGK[+42.0470]GGAK[+56.0262]R,Library Peptides,y7,2,light
773.968791,554.329673,28.6,G[+56.0262]K[+56.0262]GGK[+56.0262]GLGK[+42.0470]GGAK[+56.0262]R,Library Peptides,b11,3,heavy
773.968791,951.597345,28.6,G[+56.0262]K[+56.0262]GGK[+56.0262]GLGK[+42.0470]GGAK[+56.0262]R,Library Peptides,y9,1,heavy
773.968791,781.491817,28.6,G[+56.0262]K[+56.0262]GGK[+56.0262]GLGK[+42.0470]GGAK[+56.0262]R,Library Peptides,y7,2,heavy
768.964657,941.589076,28.6,G[+56.0262]K[+56.0262]GGK[+56.0262]GLGK[+56.0262]GGAK[+42.0470]R,Library Peptides,y9,1,light
768.964657,771.483548,28.6,G[+56.0262]K[+56.0262]GGK[+56.0262]GLGK[+56.0262]GGAK[+42.0470]R,Library Peptides,y7,2,light
768.964657,530.340906,28.6,G[+56.0262]K[+56.0262]GGK[+56.0262]GLGK[+56.0262]GGAK[+42.0470]R,Library Peptides,y5,3,light
773.968791,951.597345,28.6,G[+56.0262]K[+56.0262]GGK[+56.0262]GLGK[+56.0262]GGAK[+42.0470]R,Library Peptides,y9,1,heavy
773.968791,781.491817,28.6,G[+56.0262]K[+56.0262]GGK[+56.0262]GLGK[+56.0262]GGAK[+42.0470]R,Library Peptides,y7,2,heavy
773.968791,540.349175,28.6,G[+56.0262]K[+56.0262]GGK[+56.0262]GLGK[+56.0262]GGAK[+42.0470]R,Library Peptides,y5,3,heavy
775.954289,795.472315,28.9,G[+56.0262]K[+56.0262]GGK[+56.0262]GLGK[+56.0262]GGAK[+56.0262]R,Library Peptides,a8,1,light
775.954289,955.568341,28.9,G[+56.0262]K[+56.0262]GGK[+56.0262]GLGK[+56.0262]GGAK[+56.0262]R,Library Peptides,y9,2,light
775.954289,544.320171,28.9,G[+56.0262]K[+56.0262]GGK[+56.0262]GLGK[+56.0262]GGAK[+56.0262]R,Library Peptides,y5,3,light
780.958424,795.472315,28.9,G[+56.0262]K[+56.0262]GGK[+56.0262]GLGK[+56.0262]GGAK[+56.0262]R,Library Peptides,a8,1,heavy
780.958424,965.57661,28.9,G[+56.0262]K[+56.0262]GGK[+56.0262]GLGK[+56.0262]GGAK[+56.0262]R,Library Peptides,y9,2,heavy
780.958424,554.32844,28.9,G[+56.0262]K[+56.0262]GGK[+56.0262]GLGK[+56.0262]GGAK[+56.0262]R,Library Peptides,y5,3,heavy
782.962114,568.345324,29.1,G[+56.0262]K[+56.0262]GGK[+56.0262]GLGK[+56.0262]GGAK[+70.0419]R,Library Peptides,a5,3,light
782.962114,979.593493,29.1,G[+56.0262]K[+56.0262]GGK[+56.0262]GLGK[+56.0262]GGAK[+70.0419]R,Library Peptides,a9,1,light
782.962114,799.478463,29.1,G[+56.0262]K[+56.0262]GGK[+56.0262]GLGK[+56.0262]GGAK[+70.0419]R,Library Peptides,y7,2,light
787.966249,568.345324,29.1,G[+56.0262]K[+56.0262]GGK[+56.0262]GLGK[+56.0262]GGAK[+70.0419]R,Library Peptides,a5,3,heavy
787.966249,979.593493,29.1,G[+56.0262]K[+56.0262]GGK[+56.0262]GLGK[+56.0262]GGAK[+70.0419]R,Library Peptides,a9,1,heavy
787.966249,809.486732,29.1,G[+56.0262]K[+56.0262]GGK[+56.0262]GLGK[+56.0262]GGAK[+70.0419]R,Library Peptides,y7,2,heavy
634.869694,241.154669,23.8,K[+112.0524]QLATK[+170.0691]AAR,Library Peptides,b1,1,light
634.869694,1028.584718,23.8,K[+112.0524]QLATK[+170.0691]AAR,Library Peptides,y8,2,light
634.869694,787.442077,23.8,K[+112.0524]QLATK[+170.0691]AAR,Library Peptides,y6,3,light
639.873828,241.154669,23.8,K[+112.0524]QLATK[+170.0691]AAR,Library Peptides,b1,1,heavy
639.873828,1038.592987,23.8,K[+112.0524]QLATK[+170.0691]AAR,Library Peptides,y8,2,heavy
639.873828,797.450346,23.8,K[+112.0524]QLATK[+170.0691]AAR,Library Peptides,y6,3,heavy
570.840405,241.154669,21.5,K[+112.0524]QLATK[+42.0106]AAR,Library Peptides,b1,2,light
570.840405,900.526141,21.5,K[+112.0524]QLATK[+42.0106]AAR,Library Peptides,y8,1,light
570.840405,659.3835,21.5,K[+112.0524]QLATK[+42.0106]AAR,Library Peptides,y6,3,light
575.84454,241.154669,21.5,K[+112.0524]QLATK[+42.0106]AAR,Library Peptides,b1,2,heavy
575.84454,910.53441,21.5,K[+112.0524]QLATK[+42.0106]AAR,Library Peptides,y8,1,heavy
575.84454,669.391769,21.5,K[+112.0524]QLATK[+42.0106]AAR,Library Peptides,y6,3,heavy
577.84823,241.154669,21.8,K[+112.0524]QLATK[+56.0262]AAR,Library Peptides,b1,2,light
577.84823,914.541791,21.8,K[+112.0524]QLATK[+56.0262]AAR,Library Peptides,y8,1,light
577.84823,673.39915,21.8,K[+112.0524]QLATK[+56.0262]AAR,Library Peptides,y6,3,light
582.852365,241.154669,21.8,K[+112.0524]QLATK[+56.0262]AAR,Library Peptides,b1,2,heavy
582.852365,924.55006,21.8,K[+112.0524]QLATK[+56.0262]AAR,Library Peptides,y8,1,heavy
582.852365,683.407419,21.8,K[+112.0524]QLATK[+56.0262]AAR,Library Peptides,y6,3,heavy
634.869694,924.551293,23.8,K[+226.0954]QLATK[+56.0262]AAR,Library Peptides,a6,1,light
634.869694,355.197596,23.8,K[+226.0954]QLATK[+56.0262]AAR,Library Peptides,b1,2,light
634.869694,673.39915,23.8,K[+226.0954]QLATK[+56.0262]AAR,Library Peptides,y6,3,light
639.873828,924.551293,23.8,K[+226.0954]QLATK[+56.0262]AAR,Library Peptides,a6,1,heavy
639.873828,355.197596,23.8,K[+226.0954]QLATK[+56.0262]AAR,Library Peptides,b1,2,heavy
639.873828,683.407419,23.8,K[+226.0954]QLATK[+56.0262]AAR,Library Peptides,y6,3,heavy
563.83258,227.139018,21.3,K[+98.0368]QLATK[+42.0106]AAR,Library Peptides,b1,1,light
563.83258,900.526141,21.3,K[+98.0368]QLATK[+42.0106]AAR,Library Peptides,y8,2,light
563.83258,659.3835,21.3,K[+98.0368]QLATK[+42.0106]AAR,Library Peptides,y6,3,light
568.836714,227.139018,21.3,K[+98.0368]QLATK[+42.0106]AAR,Library Peptides,b1,1,heavy
568.836714,910.53441,21.3,K[+98.0368]QLATK[+42.0106]AAR,Library Peptides,y8,2,heavy
568.836714,669.391769,21.3,K[+98.0368]QLATK[+42.0106]AAR,Library Peptides,y6,3,heavy
570.840405,227.139018,21.5,K[+98.0368]QLATK[+56.0262]AAR,Library Peptides,b1,2,light
570.840405,914.541791,21.5,K[+98.0368]QLATK[+56.0262]AAR,Library Peptides,y8,1,light
570.840405,673.39915,21.5,K[+98.0368]QLATK[+56.0262]AAR,Library Peptides,y6,3,light
575.844539,227.139018,21.5,K[+98.0368]QLATK[+56.0262]AAR,Library Peptides,b1,2,heavy
575.844539,924.55006,21.5,K[+98.0368]QLATK[+56.0262]AAR,Library Peptides,y8,1,heavy
575.844539,683.407419,21.5,K[+98.0368]QLATK[+56.0262]AAR,Library Peptides,y6,3,heavy
543.986018,695.401692,23.7,K[+112.0524]SAPATGGVK[+28.0313]K[+56.0262]PHR,Library Peptides,y13,2,light
543.986018,616.367121,23.7,K[+112.0524]SAPATGGVK[+28.0313]K[+56.0262]PHR,Library Peptides,y11,3,light
543.986018,137.081726,23.7,K[+112.0524]SAPATGGVK[+28.0313]K[+56.0262]PHR,Library Peptides,y3,1,light
547.322107,700.405827,23.7,K[+112.0524]SAPATGGVK[+28.0313]K[+56.0262]PHR,Library Peptides,y13,2,heavy
547.322107,621.371256,23.7,K[+112.0524]SAPATGGVK[+28.0313]K[+56.0262]PHR,Library Peptides,y11,3,heavy
547.322107,140.417816,23.7,K[+112.0524]SAPATGGVK[+28.0313]K[+56.0262]PHR,Library Peptides,y3,1,heavy
548.657901,702.409517,23.8,K[+112.0524]SAPATGGVK[+42.0470]K[+56.0262]PHR,Library Peptides,y13,1,light
548.657901,623.374946,23.8,K[+112.0524]SAPATGGVK[+42.0470]K[+56.0262]PHR,Library Peptides,y11,3,light
548.657901,137.081726,23.8,K[+112.0524]SAPATGGVK[+42.0470]K[+56.0262]PHR,Library Peptides,y3,2,light
551.993991,707.413652,23.8,K[+112.0524]SAPATGGVK[+42.0470]K[+56.0262]PHR,Library Peptides,y13,1,heavy
551.993991,628.379081,23.8,K[+112.0524]SAPATGGVK[+42.0470]K[+56.0262]PHR,Library Peptides,y11,3,heavy
551.993991,140.417816,23.8,K[+112.0524]SAPATGGVK[+42.0470]K[+56.0262]PHR,Library Peptides,y3,2,heavy
553.317656,241.154669,24,K[+112.0524]SAPATGGVK[+56.0262]K[+56.0262]PHR,Library Peptides,b1,3,light
553.317656,630.364579,24,K[+112.0524]SAPATGGVK[+56.0262]K[+56.0262]PHR,Library Peptides,y11,2,light
553.317656,137.081726,24,K[+112.0524]SAPATGGVK[+56.0262]K[+56.0262]PHR,Library Peptides,y3,1,light
556.653746,241.154669,24,K[+112.0524]SAPATGGVK[+56.0262]K[+56.0262]PHR,Library Peptides,b1,3,heavy
556.653746,635.368713,24,K[+112.0524]SAPATGGVK[+56.0262]K[+56.0262]PHR,Library Peptides,y11,2,heavy
556.653746,140.417816,24,K[+112.0524]SAPATGGVK[+56.0262]K[+56.0262]PHR,Library Peptides,y3,1,heavy
557.989539,241.154669,24.2,K[+112.0524]SAPATGGVK[+70.0419]K[+56.0262]PHR,Library Peptides,b1,3,light
557.989539,637.372404,24.2,K[+112.0524]SAPATGGVK[+70.0419]K[+56.0262]PHR,Library Peptides,y11,2,light
557.989539,137.081726,24.2,K[+112.0524]SAPATGGVK[+70.0419]K[+56.0262]PHR,Library Peptides,y3,1,light
561.325629,241.154669,24.2,K[+112.0524]SAPATGGVK[+70.0419]K[+56.0262]PHR,Library Peptides,b1,3,heavy
561.325629,642.376538,24.2,K[+112.0524]SAPATGGVK[+70.0419]K[+56.0262]PHR,Library Peptides,y11,2,heavy
561.325629,140.417816,24.2,K[+112.0524]SAPATGGVK[+70.0419]K[+56.0262]PHR,Library Peptides,y3,1,heavy
548.657901,255.170319,23.8,K[+126.0681]SAPATGGVK[+28.0313]K[+56.0262]PHR,Library Peptides,b1,3,light
548.657901,695.401692,23.8,K[+126.0681]SAPATGGVK[+28.0313]K[+56.0262]PHR,Library Peptides,y13,1,light
548.657901,616.367121,23.8,K[+126.0681]SAPATGGVK[+28.0313]K[+56.0262]PHR,Library Peptides,y11,2,light
551.993991,255.170319,23.8,K[+126.0681]SAPATGGVK[+28.0313]K[+56.0262]PHR,Library Peptides,b1,3,heavy
551.993991,700.405827,23.8,K[+126.0681]SAPATGGVK[+28.0313]K[+56.0262]PHR,Library Peptides,y13,1,heavy
551.993991,621.371256,23.8,K[+126.0681]SAPATGGVK[+28.0313]K[+56.0262]PHR,Library Peptides,y11,2,heavy
553.329784,185.116325,24,K[+126.0681]SAPATGGVK[+42.0470]K[+56.0262]PHR,Library Peptides,a5,2,light
553.329784,255.170319,24,K[+126.0681]SAPATGGVK[+42.0470]K[+56.0262]PHR,Library Peptides,b1,3,light
553.329784,702.409517,24,K[+126.0681]SAPATGGVK[+42.0470]K[+56.0262]PHR,Library Peptides,y13,1,light
556.665874,185.116325,24,K[+126.0681]SAPATGGVK[+42.0470]K[+56.0262]PHR,Library Peptides,a5,2,heavy
556.665874,255.170319,24,K[+126.0681]SAPATGGVK[+42.0470]K[+56.0262]PHR,Library Peptides,b1,3,heavy
556.665874,707.413652,24,K[+126.0681]SAPATGGVK[+42.0470]K[+56.0262]PHR,Library Peptides,y13,1,heavy
557.989539,255.170319,24.2,K[+126.0681]SAPATGGVK[+56.0262]K[+56.0262]PHR,Library Peptides,b1,2,light
557.989539,409.230627,24.2,K[+126.0681]SAPATGGVK[+56.0262]K[+56.0262]PHR,Library Peptides,y3,3,light
557.989539,630.364579,24.2,K[+126.0681]SAPATGGVK[+56.0262]K[+56.0262]PHR,Library Peptides,y11,1,light
561.325629,255.170319,24.2,K[+126.0681]SAPATGGVK[+56.0262]K[+56.0262]PHR,Library Peptides,b1,2,heavy
561.325629,419.238896,24.2,K[+126.0681]SAPATGGVK[+56.0262]K[+56.0262]PHR,Library Peptides,y3,3,heavy
561.325629,635.368713,24.2,K[+126.0681]SAPATGGVK[+56.0262]K[+56.0262]PHR,Library Peptides,y11,1,heavy
562.661423,255.170319,24.3,K[+126.0681]SAPATGGVK[+70.0419]K[+56.0262]PHR,Library Peptides,b1,2,light
562.661423,409.230627,24.3,K[+126.0681]SAPATGGVK[+70.0419]K[+56.0262]PHR,Library Peptides,y3,3,light
562.661423,637.372404,24.3,K[+126.0681]SAPATGGVK[+70.0419]K[+56.0262]PHR,Library Peptides,y11,1,light
565.997512,255.170319,24.3,K[+126.0681]SAPATGGVK[+70.0419]K[+56.0262]PHR,Library Peptides,b1,2,heavy
565.997512,419.238896,24.3,K[+126.0681]SAPATGGVK[+70.0419]K[+56.0262]PHR,Library Peptides,y3,3,heavy
565.997512,642.376538,24.3,K[+126.0681]SAPATGGVK[+70.0419]K[+56.0262]PHR,Library Peptides,y11,1,heavy
543.986018,777.472984,23.7,K[+84.0575]SAPATGGVK[+56.0262]K[+56.0262]PHR,Library Peptides,y5,3,light
543.986018,409.230627,23.7,K[+84.0575]SAPATGGVK[+56.0262]K[+56.0262]PHR,Library Peptides,y3,1,light
543.986018,137.081726,23.7,K[+84.0575]SAPATGGVK[+56.0262]K[+56.0262]PHR,Library Peptides,y3,2,light
547.322107,787.481253,23.7,K[+84.0575]SAPATGGVK[+56.0262]K[+56.0262]PHR,Library Peptides,y5,3,heavy
547.322107,419.238896,23.7,K[+84.0575]SAPATGGVK[+56.0262]K[+56.0262]PHR,Library Peptides,y3,1,heavy
547.322107,140.417816,23.7,K[+84.0575]SAPATGGVK[+56.0262]K[+56.0262]PHR,Library Peptides,y3,2,heavy
548.657901,185.164839,23.8,K[+84.0575]SAPATGGVK[+70.0419]K[+56.0262]PHR,Library Peptides,a1,3,light
548.657901,371.228896,23.8,K[+84.0575]SAPATGGVK[+70.0419]K[+56.0262]PHR,Library Peptides,b3,2,light
548.657901,409.230627,23.8,K[+84.0575]SAPATGGVK[+70.0419]K[+56.0262]PHR,Library Peptides,y3,1,light
551.993991,185.164839,23.8,K[+84.0575]SAPATGGVK[+70.0419]K[+56.0262]PHR,Library Peptides,a1,3,heavy
551.993991,371.228896,23.8,K[+84.0575]SAPATGGVK[+70.0419]K[+56.0262]PHR,Library Peptides,b3,2,heavy
551.993991,419.238896,23.8,K[+84.0575]SAPATGGVK[+70.0419]K[+56.0262]PHR,Library Peptides,y3,1,heavy
539.314134,227.636643,23.5,K[+98.0368]SAPATGGVK[+28.0313]K[+56.0262]PHR,Library Peptides,a4,2,light
539.314134,185.104197,23.5,K[+98.0368]SAPATGGVK[+28.0313]K[+56.0262]PHR,Library Peptides,b5,3,light
539.314134,616.367121,23.5,K[+98.0368]SAPATGGVK[+28.0313]K[+56.0262]PHR,Library Peptides,y11,1,light
542.650224,227.636643,23.5,K[+98.0368]SAPATGGVK[+28.0313]K[+56.0262]PHR,Library Peptides,a4,2,heavy
542.650224,185.104197,23.5,K[+98.0368]SAPATGGVK[+28.0313]K[+56.0262]PHR,Library Peptides,b5,3,heavy
542.650224,621.371256,23.5,K[+98.0368]SAPATGGVK[+28.0313]K[+56.0262]PHR,Library Peptides,y11,1,heavy
543.986017,227.636643,23.7,K[+98.0368]SAPATGGVK[+42.0470]K[+56.0262]PHR,Library Peptides,a4,3,light
543.986017,702.409517,23.7,K[+98.0368]SAPATGGVK[+42.0470]K[+56.0262]PHR,Library Peptides,y13,1,light
543.986017,623.374946,23.7,K[+98.0368]SAPATGGVK[+42.0470]K[+56.0262]PHR,Library Peptides,y11,2,light
547.322107,227.636643,23.7,K[+98.0368]SAPATGGVK[+42.0470]K[+56.0262]PHR,Library Peptides,a4,3,heavy
547.322107,707.413652,23.7,K[+98.0368]SAPATGGVK[+42.0470]K[+56.0262]PHR,Library Peptides,y13,1,heavy
547.322107,628.379081,23.7,K[+98.0368]SAPATGGVK[+42.0470]K[+56.0262]PHR,Library Peptides,y11,2,heavy
548.645772,227.636643,23.8,K[+98.0368]SAPATGGVK[+56.0262]K[+56.0262]PHR,Library Peptides,a4,1,light
548.645772,409.230627,23.8,K[+98.0368]SAPATGGVK[+56.0262]K[+56.0262]PHR,Library Peptides,y3,3,light
548.645772,630.364579,23.8,K[+98.0368]SAPATGGVK[+56.0262]K[+56.0262]PHR,Library Peptides,y11,2,light
551.981862,227.636643,23.8,K[+98.0368]SAPATGGVK[+56.0262]K[+56.0262]PHR,Library Peptides,a4,1,heavy
551.981862,419.238896,23.8,K[+98.0368]SAPATGGVK[+56.0262]K[+56.0262]PHR,Library Peptides,y3,3,heavy
551.981862,635.368713,23.8,K[+98.0368]SAPATGGVK[+56.0262]K[+56.0262]PHR,Library Peptides,y11,2,heavy
553.317656,227.636643,24,K[+98.0368]SAPATGGVK[+70.0419]K[+56.0262]PHR,Library Peptides,a4,2,light
553.317656,409.230627,24,K[+98.0368]SAPATGGVK[+70.0419]K[+56.0262]PHR,Library Peptides,y3,3,light
553.317656,637.372404,24,K[+98.0368]SAPATGGVK[+70.0419]K[+56.0262]PHR,Library Peptides,y11,1,light
556.653745,227.636643,24,K[+98.0368]SAPATGGVK[+70.0419]K[+56.0262]PHR,Library Peptides,a4,2,heavy
556.653745,419.238896,24,K[+98.0368]SAPATGGVK[+70.0419]K[+56.0262]PHR,Library Peptides,y3,3,heavy
556.653745,642.376538,24,K[+98.0368]SAPATGGVK[+70.0419]K[+56.0262]PHR,Library Peptides,y11,1,heavy
548.657901,385.244546,23.8,K[+98.0732]SAPATGGVK[+56.0262]K[+56.0262]PHR,Library Peptides,b3,3,light
548.657901,409.230627,23.8,K[+98.0732]SAPATGGVK[+56.0262]K[+56.0262]PHR,Library Peptides,y3,1,light
548.657901,137.081726,23.8,K[+98.0732]SAPATGGVK[+56.0262]K[+56.0262]PHR,Library Peptides,y3,2,light
551.993991,385.244546,23.8,K[+98.0732]SAPATGGVK[+56.0262]K[+56.0262]PHR,Library Peptides,b3,3,heavy
551.993991,419.238896,23.8,K[+98.0732]SAPATGGVK[+56.0262]K[+56.0262]PHR,Library Peptides,y3,1,heavy
551.993991,140.417816,23.8,K[+98.0732]SAPATGGVK[+56.0262]K[+56.0262]PHR,Library Peptides,y3,2,heavy
553.329784,385.244546,24,K[+98.0732]SAPATGGVK[+70.0419]K[+56.0262]PHR,Library Peptides,b3,2,light
553.329784,185.116325,24,K[+98.0732]SAPATGGVK[+70.0419]K[+56.0262]PHR,Library Peptides,b5,3,light
553.329784,409.230627,24,K[+98.0732]SAPATGGVK[+70.0419]K[+56.0262]PHR,Library Peptides,y3,1,light
556.665874,385.244546,24,K[+98.0732]SAPATGGVK[+70.0419]K[+56.0262]PHR,Library Peptides,b3,2,heavy
556.665874,185.116325,24,K[+98.0732]SAPATGGVK[+70.0419]K[+56.0262]PHR,Library Peptides,b5,3,heavy
556.665874,419.238896,24,K[+98.0732]SAPATGGVK[+70.0419]K[+56.0262]PHR,Library Peptides,y3,1,heavy
401.242604,185.164839,18.4,K[+84.0575]SAPATGGVK[+28.0313]K[+56.0262]PHR,Library Peptides,a1,2,light
401.242604,343.233982,18.4,K[+84.0575]SAPATGGVK[+28.0313]K[+56.0262]PHR,Library Peptides,a3,3,light
401.242604,371.228896,18.4,K[+84.0575]SAPATGGVK[+28.0313]K[+56.0262]PHR,Library Peptides,b3,1,light
403.744671,185.164839,18.4,K[+84.0575]SAPATGGVK[+28.0313]K[+56.0262]PHR,Library Peptides,a1,2,heavy
403.744671,343.233982,18.4,K[+84.0575]SAPATGGVK[+28.0313]K[+56.0262]PHR,Library Peptides,a3,3,heavy
403.744671,371.228896,18.4,K[+84.0575]SAPATGGVK[+28.0313]K[+56.0262]PHR,Library Peptides,b3,1,heavy
404.746516,185.164839,18.5,K[+84.0575]SAPATGGVK[+42.0470]K[+56.0262]PHR,Library Peptides,a1,2,light
404.746516,343.233982,18.5,K[+84.0575]SAPATGGVK[+42.0470]K[+56.0262]PHR,Library Peptides,a3,3,light
404.746516,371.228896,18.5,K[+84.0575]SAPATGGVK[+42.0470]K[+56.0262]PHR,Library Peptides,b3,1,light
407.248583,185.164839,18.5,K[+84.0575]SAPATGGVK[+42.0470]K[+56.0262]PHR,Library Peptides,a1,2,heavy
407.248583,343.233982,18.5,K[+84.0575]SAPATGGVK[+42.0470]K[+56.0262]PHR,Library Peptides,a3,3,heavy
407.248583,371.228896,18.5,K[+84.0575]SAPATGGVK[+42.0470]K[+56.0262]PHR,Library Peptides,b3,1,heavy
404.746516,357.249632,18.5,K[+98.0732]SAPATGGVK[+28.0313]K[+56.0262]PHR,Library Peptides,a3,2,light
404.746516,385.244546,18.5,K[+98.0732]SAPATGGVK[+28.0313]K[+56.0262]PHR,Library Peptides,b3,1,light
404.746516,185.116325,18.5,K[+98.0732]SAPATGGVK[+28.0313]K[+56.0262]PHR,Library Peptides,b5,3,light
407.248583,357.249632,18.5,K[+98.0732]SAPATGGVK[+28.0313]K[+56.0262]PHR,Library Peptides,a3,2,heavy
407.248583,385.244546,18.5,K[+98.0732]SAPATGGVK[+28.0313]K[+56.0262]PHR,Library Peptides,b3,1,heavy
407.248583,185.116325,18.5,K[+98.0732]SAPATGGVK[+28.0313]K[+56.0262]PHR,Library Peptides,b5,3,heavy
408.250429,357.249632,18.6,K[+98.0732]SAPATGGVK[+42.0470]K[+56.0262]PHR,Library Peptides,a3,2,light
408.250429,385.244546,18.6,K[+98.0732]SAPATGGVK[+42.0470]K[+56.0262]PHR,Library Peptides,b3,1,light
408.250429,185.116325,18.6,K[+98.0732]SAPATGGVK[+42.0470]K[+56.0262]PHR,Library Peptides,b5,3,light
410.752496,357.249632,18.6,K[+98.0732]SAPATGGVK[+42.0470]K[+56.0262]PHR,Library Peptides,a3,2,heavy
410.752496,385.244546,18.6,K[+98.0732]SAPATGGVK[+42.0470]K[+56.0262]PHR,Library Peptides,b3,1,heavy
410.752496,185.116325,18.6,K[+98.0732]SAPATGGVK[+42.0470]K[+56.0262]PHR,Library Peptides,b5,3,heavy
558.649294,241.154669,24.2,K[+112.0524]SAPSTGGVK[+56.0262]K[+56.0262]PHR,Library Peptides,b1,3,light
558.649294,638.362036,24.2,K[+112.0524]SAPSTGGVK[+56.0262]K[+56.0262]PHR,Library Peptides,y11,2,light
558.649294,137.081726,24.2,K[+112.0524]SAPSTGGVK[+56.0262]K[+56.0262]PHR,Library Peptides,y3,1,light
561.985384,241.154669,24.2,K[+112.0524]SAPSTGGVK[+56.0262]K[+56.0262]PHR,Library Peptides,b1,3,heavy
561.985384,643.36617,24.2,K[+112.0524]SAPSTGGVK[+56.0262]K[+56.0262]PHR,Library Peptides,y11,2,heavy
561.985384,140.417816,24.2,K[+112.0524]SAPSTGGVK[+56.0262]K[+56.0262]PHR,Library Peptides,y3,1,heavy
528.29583,241.154669,20,K[+112.0524]STGGK[+42.0106]APR,Library Peptides,b1,2,light
528.29583,815.436992,20,K[+112.0524]STGGK[+42.0106]APR,Library Peptides,y8,1,light
528.29583,627.357285,20,K[+112.0524]STGGK[+42.0106]APR,Library Peptides,y6,3,light
533.299965,241.154669,20,K[+112.0524]STGGK[+42.0106]APR,Library Peptides,b1,2,heavy
533.299965,825.445261,20,K[+112.0524]STGGK[+42.0106]APR,Library Peptides,y8,1,heavy
533.299965,637.365554,20,K[+112.0524]STGGK[+42.0106]APR,Library Peptides,y6,3,heavy
535.303655,241.154669,20.2,K[+112.0524]STGGK[+56.0262]APR,Library Peptides,b1,2,light
535.303655,829.452642,20.2,K[+112.0524]STGGK[+56.0262]APR,Library Peptides,y8,1,light
535.303655,641.372935,20.2,K[+112.0524]STGGK[+56.0262]APR,Library Peptides,y6,3,light
540.30779,241.154669,20.2,K[+112.0524]STGGK[+56.0262]APR,Library Peptides,b1,2,heavy
540.30779,839.460911,20.2,K[+112.0524]STGGK[+56.0262]APR,Library Peptides,y8,1,heavy
540.30779,651.381204,20.2,K[+112.0524]STGGK[+56.0262]APR,Library Peptides,y6,3,heavy
568.278996,241.106534,21.4,K[+112.0524]S[+79.9663]TGGK[+42.0106]APR,Library Peptides,a3,1,light
568.278996,627.357285,21.4,K[+112.0524]S[+79.9663]TGGK[+42.0106]APR,Library Peptides,y6,2,light
568.278996,272.171716,21.4,K[+112.0524]S[+79.9663]TGGK[+42.0106]APR,Library Peptides,y2,3,light
573.28313,241.106534,21.4,K[+112.0524]S[+79.9663]TGGK[+42.0106]APR,Library Peptides,a3,1,heavy
573.28313,637.365554,21.4,K[+112.0524]S[+79.9663]TGGK[+42.0106]APR,Library Peptides,y6,2,heavy
573.28313,282.179985,21.4,K[+112.0524]S[+79.9663]TGGK[+42.0106]APR,Library Peptides,y2,3,heavy
575.286821,241.106534,21.7,K[+112.0524]S[+79.9663]TGGK[+56.0262]APR,Library Peptides,a3,1,light
575.286821,641.372935,21.7,K[+112.0524]S[+79.9663]TGGK[+56.0262]APR,Library Peptides,y6,2,light
575.286821,272.171716,21.7,K[+112.0524]S[+79.9663]TGGK[+56.0262]APR,Library Peptides,y2,3,light
580.290955,241.106534,21.7,K[+112.0524]S[+79.9663]TGGK[+56.0262]APR,Library Peptides,a3,1,heavy
580.290955,651.381204,21.7,K[+112.0524]S[+79.9663]TGGK[+56.0262]APR,Library Peptides,y6,2,heavy
580.290955,282.179985,21.7,K[+112.0524]S[+79.9663]TGGK[+56.0262]APR,Library Peptides,y2,3,heavy
535.303655,227.175404,20.2,K[+126.0681]STGGK[+42.0106]APR,Library Peptides,a1,3,light
535.303655,255.170319,20.2,K[+126.0681]STGGK[+42.0106]APR,Library Peptides,b1,2,light
535.303655,815.436992,20.2,K[+126.0681]STGGK[+42.0106]APR,Library Peptides,y8,1,light
540.30779,227.175404,20.2,K[+126.0681]STGGK[+42.0106]APR,Library Peptides,a1,3,heavy
540.30779,255.170319,20.2,K[+126.0681]STGGK[+42.0106]APR,Library Peptides,b1,2,heavy
540.30779,825.445261,20.2,K[+126.0681]STGGK[+42.0106]APR,Library Peptides,y8,1,heavy
542.31148,227.175404,20.5,K[+126.0681]STGGK[+56.0262]APR,Library Peptides,a1,3,light
542.31148,255.170319,20.5,K[+126.0681]STGGK[+56.0262]APR,Library Peptides,b1,2,light
542.31148,829.452642,20.5,K[+126.0681]STGGK[+56.0262]APR,Library Peptides,y8,1,light
547.315615,227.175404,20.5,K[+126.0681]STGGK[+56.0262]APR,Library Peptides,a1,3,heavy
547.315615,255.170319,20.5,K[+126.0681]STGGK[+56.0262]APR,Library Peptides,b1,2,heavy
547.315615,839.460911,20.5,K[+126.0681]STGGK[+56.0262]APR,Library Peptides,y8,1,heavy
575.286821,255.170319,21.7,K[+126.0681]S[+79.9663]TGGK[+42.0106]APR,Library Peptides,b1,2,light
575.286821,637.259284,21.7,K[+126.0681]S[+79.9663]TGGK[+42.0106]APR,Library Peptides,b5,3,light
575.286821,807.364813,21.7,K[+126.0681]S[+79.9663]TGGK[+42.0106]APR,Library Peptides,b6,1,light
580.290955,255.170319,21.7,K[+126.0681]S[+79.9663]TGGK[+42.0106]APR,Library Peptides,b1,2,heavy
580.290955,637.259284,21.7,K[+126.0681]S[+79.9663]TGGK[+42.0106]APR,Library Peptides,b5,3,heavy
580.290955,807.364813,21.7,K[+126.0681]S[+79.9663]TGGK[+42.0106]APR,Library Peptides,b6,1,heavy
582.294646,255.170319,21.9,K[+126.0681]S[+79.9663]TGGK[+56.0262]APR,Library Peptides,b1,1,light
582.294646,821.380463,21.9,K[+126.0681]S[+79.9663]TGGK[+56.0262]APR,Library Peptides,b6,2,light
582.294646,909.418973,21.9,K[+126.0681]S[+79.9663]TGGK[+56.0262]APR,Library Peptides,y8,3,light
587.29878,255.170319,21.9,K[+126.0681]S[+79.9663]TGGK[+56.0262]APR,Library Peptides,b1,1,heavy
587.29878,821.380463,21.9,K[+126.0681]S[+79.9663]TGGK[+56.0262]APR,Library Peptides,b6,2,heavy
587.29878,919.427242,21.9,K[+126.0681]S[+79.9663]TGGK[+56.0262]APR,Library Peptides,y8,3,heavy
514.298373,185.164839,19.5,K[+84.0575]STGGK[+42.0106]APR,Library Peptides,a1,3,light
514.298373,825.48288,19.5,K[+84.0575]STGGK[+42.0106]APR,Library Peptides,a8,2,light
514.298373,213.159754,19.5,K[+84.0575]STGGK[+42.0106]APR,Library Peptides,b1,1,light
519.302507,185.164839,19.5,K[+84.0575]STGGK[+42.0106]APR,Library Peptides,a1,3,heavy
519.302507,825.48288,19.5,K[+84.0575]STGGK[+42.0106]APR,Library Peptides,a8,2,heavy
519.302507,213.159754,19.5,K[+84.0575]STGGK[+42.0106]APR,Library Peptides,b1,1,heavy
521.306198,185.164839,19.7,K[+84.0575]STGGK[+56.0262]APR,Library Peptides,a1,3,light
521.306198,839.49853,19.7,K[+84.0575]STGGK[+56.0262]APR,Library Peptides,a8,2,light
521.306198,213.159754,19.7,K[+84.0575]STGGK[+56.0262]APR,Library Peptides,b1,1,light
526.310332,185.164839,19.7,K[+84.0575]STGGK[+56.0262]APR,Library Peptides,a1,3,heavy
526.310332,839.49853,19.7,K[+84.0575]STGGK[+56.0262]APR,Library Peptides,a8,2,heavy
526.310332,213.159754,19.7,K[+84.0575]STGGK[+56.0262]APR,Library Peptides,b1,1,heavy
554.281538,510.232341,20.9,K[+84.0575]S[+79.9663]TGGK[+42.0106]APR,Library Peptides,a4,2,light
554.281538,213.159754,20.9,K[+84.0575]S[+79.9663]TGGK[+42.0106]APR,Library Peptides,b1,1,light
554.281538,272.171716,20.9,K[+84.0575]S[+79.9663]TGGK[+42.0106]APR,Library Peptides,y2,3,light
559.285673,510.232341,20.9,K[+84.0575]S[+79.9663]TGGK[+42.0106]APR,Library Peptides,a4,2,heavy
559.285673,213.159754,20.9,K[+84.0575]S[+79.9663]TGGK[+42.0106]APR,Library Peptides,b1,1,heavy
559.285673,282.179985,20.9,K[+84.0575]S[+79.9663]TGGK[+42.0106]APR,Library Peptides,y2,3,heavy
561.289363,185.164839,21.2,K[+84.0575]S[+79.9663]TGGK[+56.0262]APR,Library Peptides,a1,3,light
561.289363,213.159754,21.2,K[+84.0575]S[+79.9663]TGGK[+56.0262]APR,Library Peptides,b1,1,light
561.289363,272.171716,21.2,K[+84.0575]S[+79.9663]TGGK[+56.0262]APR,Library Peptides,y2,2,light
566.293498,185.164839,21.2,K[+84.0575]S[+79.9663]TGGK[+56.0262]APR,Library Peptides,a1,3,heavy
566.293498,213.159754,21.2,K[+84.0575]S[+79.9663]TGGK[+56.0262]APR,Library Peptides,b1,1,heavy
566.293498,282.179985,21.2,K[+84.0575]S[+79.9663]TGGK[+56.0262]APR,Library Peptides,y2,2,heavy
521.288005,227.139018,19.7,K[+98.0368]STGGK[+42.0106]APR,Library Peptides,b1,2,light
521.288005,815.436992,19.7,K[+98.0368]STGGK[+42.0106]APR,Library Peptides,y8,1,light
521.288005,627.357285,19.7,K[+98.0368]STGGK[+42.0106]APR,Library Peptides,y6,3,light
526.292139,227.139018,19.7,K[+98.0368]STGGK[+42.0106]APR,Library Peptides,b1,2,heavy
526.292139,825.445261,19.7,K[+98.0368]STGGK[+42.0106]APR,Library Peptides,y8,1,heavy
526.292139,637.365554,19.7,K[+98.0368]STGGK[+42.0106]APR,Library Peptides,y6,3,heavy
528.29583,227.139018,20,K[+98.0368]STGGK[+56.0262]APR,Library Peptides,b1,2,light
528.29583,829.452642,20,K[+98.0368]STGGK[+56.0262]APR,Library Peptides,y8,1,light
528.29583,641.372935,20,K[+98.0368]STGGK[+56.0262]APR,Library Peptides,y6,3,light
533.299964,227.139018,20,K[+98.0368]STGGK[+56.0262]APR,Library Peptides,b1,2,heavy
533.299964,839.460911,20,K[+98.0368]STGGK[+56.0262]APR,Library Peptides,y8,1,heavy
533.299964,651.381204,20,K[+98.0368]STGGK[+56.0262]APR,Library Peptides,y6,3,heavy
561.27117,227.139018,21.2,K[+98.0368]S[+79.9663]TGGK[+42.0106]APR,Library Peptides,b1,1,light
561.27117,627.357285,21.2,K[+98.0368]S[+79.9663]TGGK[+42.0106]APR,Library Peptides,y6,2,light
561.27117,272.171716,21.2,K[+98.0368]S[+79.9663]TGGK[+42.0106]APR,Library Peptides,y2,3,light
566.275305,227.139018,21.2,K[+98.0368]S[+79.9663]TGGK[+42.0106]APR,Library Peptides,b1,1,heavy
566.275305,637.365554,21.2,K[+98.0368]S[+79.9663]TGGK[+42.0106]APR,Library Peptides,y6,2,heavy
566.275305,282.179985,21.2,K[+98.0368]S[+79.9663]TGGK[+42.0106]APR,Library Peptides,y2,3,heavy
568.278995,227.139018,21.4,K[+98.0368]S[+79.9663]TGGK[+56.0262]APR,Library Peptides,b1,1,light
568.278995,641.372935,21.4,K[+98.0368]S[+79.9663]TGGK[+56.0262]APR,Library Peptides,y6,2,light
568.278995,272.171716,21.4,K[+98.0368]S[+79.9663]TGGK[+56.0262]APR,Library Peptides,y2,3,light
573.28313,227.139018,21.4,K[+98.0368]S[+79.9663]TGGK[+56.0262]APR,Library Peptides,b1,1,heavy
573.28313,651.381204,21.4,K[+98.0368]S[+79.9663]TGGK[+56.0262]APR,Library Peptides,y6,2,heavy
573.28313,282.179985,21.4,K[+98.0368]S[+79.9663]TGGK[+56.0262]APR,Library Peptides,y2,3,heavy
521.306198,671.408652,19.7,K[+98.0732]STGGK[+42.0106]APR,Library Peptides,a6,2,light
521.306198,742.445766,19.7,K[+98.0732]STGGK[+42.0106]APR,Library Peptides,a7,1,light
521.306198,627.357285,19.7,K[+98.0732]STGGK[+42.0106]APR,Library Peptides,y6,3,light
526.310332,671.408652,19.7,K[+98.0732]STGGK[+42.0106]APR,Library Peptides,a6,2,heavy
526.310332,742.445766,19.7,K[+98.0732]STGGK[+42.0106]APR,Library Peptides,a7,1,heavy
526.310332,637.365554,19.7,K[+98.0732]STGGK[+42.0106]APR,Library Peptides,y6,3,heavy
528.314023,756.461416,20,K[+98.0732]STGGK[+56.0262]APR,Library Peptides,a7,2,light
528.314023,784.45633,20,K[+98.0732]STGGK[+56.0262]APR,Library Peptides,b7,1,light
528.314023,641.372935,20,K[+98.0732]STGGK[+56.0262]APR,Library Peptides,y6,3,light
533.318157,756.461416,20,K[+98.0732]STGGK[+56.0262]APR,Library Peptides,a7,2,heavy
533.318157,784.45633,20,K[+98.0732]STGGK[+56.0262]APR,Library Peptides,b7,1,heavy
533.318157,651.381204,20,K[+98.0732]STGGK[+56.0262]APR,Library Peptides,y6,3,heavy
561.289363,627.357285,21.2,K[+98.0732]S[+79.9663]TGGK[+42.0106]APR,Library Peptides,y6,2,light
561.289363,272.171716,21.2,K[+98.0732]S[+79.9663]TGGK[+42.0106]APR,Library Peptides,y2,3,light
561.289363,175.118952,21.2,K[+98.0732]S[+79.9663]TGGK[+42.0106]APR,Library Peptides,y1,1,light
566.293498,637.365554,21.2,K[+98.0732]S[+79.9663]TGGK[+42.0106]APR,Library Peptides,y6,2,heavy
566.293498,282.179985,21.2,K[+98.0732]S[+79.9663]TGGK[+42.0106]APR,Library Peptides,y2,3,heavy
566.293498,185.127221,21.2,K[+98.0732]S[+79.9663]TGGK[+42.0106]APR,Library Peptides,y1,1,heavy
568.297188,524.247991,21.4,K[+98.0732]S[+79.9663]TGGK[+56.0262]APR,Library Peptides,a4,1,light
568.297188,742.420613,21.4,K[+98.0732]S[+79.9663]TGGK[+56.0262]APR,Library Peptides,y7,2,light
568.297188,272.171716,21.4,K[+98.0732]S[+79.9663]TGGK[+56.0262]APR,Library Peptides,y2,3,light
573.301323,524.247991,21.4,K[+98.0732]S[+79.9663]TGGK[+56.0262]APR,Library Peptides,a4,1,heavy
573.301323,752.428882,21.4,K[+98.0732]S[+79.9663]TGGK[+56.0262]APR,Library Peptides,y7,2,heavy
573.301323,282.179985,21.4,K[+98.0732]S[+79.9663]TGGK[+56.0262]APR,Library Peptides,y2,3,heavy
627.418823,241.154669,23.5,K[+112.0524]VLR,Library Peptides,b1,1,light
627.418823,340.223083,23.5,K[+112.0524]VLR,Library Peptides,b2,3,light
627.418823,175.118952,23.5,K[+112.0524]VLR,Library Peptides,y1,2,light
637.427092,241.154669,23.5,K[+112.0524]VLR,Library Peptides,b1,1,heavy
637.427092,340.223083,23.5,K[+112.0524]VLR,Library Peptides,b2,3,heavy
637.427092,185.127221,23.5,K[+112.0524]VLR,Library Peptides,y1,2,heavy
321.220874,255.170319,12.5,K[+126.0681]VLR,Library Peptides,b1,3,light
321.220874,387.27143,12.5,K[+126.0681]VLR,Library Peptides,y3,1,light
321.220874,175.118952,12.5,K[+126.0681]VLR,Library Peptides,y1,2,light
326.225009,255.170319,12.5,K[+126.0681]VLR,Library Peptides,b1,3,heavy
326.225009,397.279699,12.5,K[+126.0681]VLR,Library Peptides,y3,1,heavy
326.225009,185.127221,12.5,K[+126.0681]VLR,Library Peptides,y1,2,heavy
300.215592,185.164839,11.8,K[+84.0575]VLR,Library Peptides,a1,2,light
300.215592,397.317317,11.8,K[+84.0575]VLR,Library Peptides,a3,3,light
300.215592,213.159754,11.8,K[+84.0575]VLR,Library Peptides,b1,1,light
305.219726,185.164839,11.8,K[+84.0575]VLR,Library Peptides,a1,2,heavy
305.219726,397.317317,11.8,K[+84.0575]VLR,Library Peptides,a3,3,heavy
305.219726,213.159754,11.8,K[+84.0575]VLR,Library Peptides,b1,1,heavy
307.223417,411.332967,12,K[+98.0732]VLR,Library Peptides,a3,3,light
307.223417,326.243818,12,K[+98.0732]VLR,Library Peptides,b2,2,light
307.223417,175.118952,12,K[+98.0732]VLR,Library Peptides,y1,1,light
312.227551,411.332967,12,K[+98.0732]VLR,Library Peptides,a3,3,heavy
312.227551,326.243818,12,K[+98.0732]VLR,Library Peptides,b2,2,heavy
312.227551,185.127221,12,K[+98.0732]VLR,Library Peptides,y1,1,heavy
394.734877,314.207433,15.2,T[+56.0262]K[+28.0313]QTAR,Library Peptides,b2,3,light
394.734877,475.262322,15.2,T[+56.0262]K[+28.0313]QTAR,Library Peptides,y4,2,light
394.734877,175.118952,15.2,T[+56.0262]K[+28.0313]QTAR,Library Peptides,y1,1,light
399.739012,314.207433,15.2,T[+56.0262]K[+28.0313]QTAR,Library Peptides,b2,3,heavy
399.739012,485.270591,15.2,T[+56.0262]K[+28.0313]QTAR,Library Peptides,y4,2,heavy
399.739012,185.127221,15.2,T[+56.0262]K[+28.0313]QTAR,Library Peptides,y1,1,heavy
401.72451,328.186698,15.4,T[+56.0262]K[+42.0106]QTAR,Library Peptides,b2,3,light
401.72451,645.36785,15.4,T[+56.0262]K[+42.0106]QTAR,Library Peptides,y5,1,light
401.72451,475.262322,15.4,T[+56.0262]K[+42.0106]QTAR,Library Peptides,y4,2,light
406.728644,328.186698,15.4,T[+56.0262]K[+42.0106]QTAR,Library Peptides,b2,3,heavy
406.728644,655.376119,15.4,T[+56.0262]K[+42.0106]QTAR,Library Peptides,y5,1,heavy
406.728644,485.270591,15.4,T[+56.0262]K[+42.0106]QTAR,Library Peptides,y4,2,heavy
401.742702,347.203744,15.4,T[+56.0262]K[+42.0470]QTAR,Library Peptides,y3,1,light
406.746837,357.212013,15.4,T[+56.0262]K[+42.0470]QTAR,Library Peptides,y3,1,heavy
408.732335,659.3835,15.7,T[+56.0262]K[+56.0262]QTAR,Library Peptides,y5,1,light
408.732335,475.262322,15.7,T[+56.0262]K[+56.0262]QTAR,Library Peptides,y4,2,light
408.732335,330.195388,15.7,T[+56.0262]K[+56.0262]QTAR,Library Peptides,y5,3,light
413.736469,669.391769,15.7,T[+56.0262]K[+56.0262]QTAR,Library Peptides,y5,1,heavy
413.736469,485.270591,15.7,T[+56.0262]K[+56.0262]QTAR,Library Peptides,y4,2,heavy
413.736469,335.199522,15.7,T[+56.0262]K[+56.0262]QTAR,Library Peptides,y5,3,heavy
415.74016,673.39915,15.9,T[+56.0262]K[+70.0419]QTAR,Library Peptides,y5,3,light
415.74016,475.262322,15.9,T[+56.0262]K[+70.0419]QTAR,Library Peptides,y4,2,light
415.74016,337.203213,15.9,T[+56.0262]K[+70.0419]QTAR,Library Peptides,y5,1,light
420.744294,683.407419,15.9,T[+56.0262]K[+70.0419]QTAR,Library Peptides,y5,3,heavy
420.744294,485.270591,15.9,T[+56.0262]K[+70.0419]QTAR,Library Peptides,y4,2,heavy
420.744294,342.207347,15.9,T[+56.0262]K[+70.0419]QTAR,Library Peptides,y5,1,heavy
748.928894,257.149583,27.9,V[+56.0262]TIMPK[+56.0262]DIQLAR,Library Peptides,b2,3,light
748.928894,996.583656,27.9,V[+56.0262]TIMPK[+56.0262]DIQLAR,Library Peptides,y8,1,light
748.928894,498.795466,27.9,V[+56.0262]TIMPK[+56.0262]DIQLAR,Library Peptides,y8,2,light
753.933029,257.149583,27.9,V[+56.0262]TIMPK[+56.0262]DIQLAR,Library Peptides,b2,3,heavy
753.933029,1006.591925,27.9,V[+56.0262]TIMPK[+56.0262]DIQLAR,Library Peptides,y8,1,heavy
753.933029,503.799601,27.9,V[+56.0262]TIMPK[+56.0262]DIQLAR,Library Peptides,y8,2,heavy
738.906473,192.101905,27.6,Y[+56.0262]QK[+170.0691]STELLIR,Library Peptides,a1,3,light
738.906473,831.493444,27.6,Y[+56.0262]QK[+170.0691]STELLIR,Library Peptides,y7,1,light
738.906473,175.118952,27.6,Y[+56.0262]QK[+170.0691]STELLIR,Library Peptides,y1,2,light
743.910608,192.101905,27.6,Y[+56.0262]QK[+170.0691]STELLIR,Library Peptides,a1,3,heavy
743.910608,841.501713,27.6,Y[+56.0262]QK[+170.0691]STELLIR,Library Peptides,y7,1,heavy
743.910608,185.127221,27.6,Y[+56.0262]QK[+170.0691]STELLIR,Library Peptides,y1,2,heavy
667.887552,192.101905,25,Y[+56.0262]QK[+28.0313]STELLIR,Library Peptides,a1,2,light
667.887552,821.40396,25,Y[+56.0262]QK[+28.0313]STELLIR,Library Peptides,b6,3,light
667.887552,175.118952,25,Y[+56.0262]QK[+28.0313]STELLIR,Library Peptides,y1,1,light
672.891687,192.101905,25,Y[+56.0262]QK[+28.0313]STELLIR,Library Peptides,a1,2,heavy
672.891687,821.40396,25,Y[+56.0262]QK[+28.0313]STELLIR,Library Peptides,b6,3,heavy
672.891687,185.127221,25,Y[+56.0262]QK[+28.0313]STELLIR,Library Peptides,y1,1,heavy
674.877185,192.101905,25.2,Y[+56.0262]QK[+42.0106]STELLIR,Library Peptides,a1,2,light
674.877185,1001.598972,25.2,Y[+56.0262]QK[+42.0106]STELLIR,Library Peptides,y8,3,light
674.877185,831.493444,25.2,Y[+56.0262]QK[+42.0106]STELLIR,Library Peptides,y7,1,light
679.881319,192.101905,25.2,Y[+56.0262]QK[+42.0106]STELLIR,Library Peptides,a1,2,heavy
679.881319,1011.607241,25.2,Y[+56.0262]QK[+42.0106]STELLIR,Library Peptides,y8,3,heavy
679.881319,841.501713,25.2,Y[+56.0262]QK[+42.0106]STELLIR,Library Peptides,y7,1,heavy
674.895377,192.101905,25.3,Y[+56.0262]QK[+42.0470]STELLIR,Library Peptides,a1,3,light
674.895377,835.41961,25.3,Y[+56.0262]QK[+42.0470]STELLIR,Library Peptides,b6,2,light
674.895377,175.118952,25.3,Y[+56.0262]QK[+42.0470]STELLIR,Library Peptides,y1,1,light
679.899512,192.101905,25.3,Y[+56.0262]QK[+42.0470]STELLIR,Library Peptides,a1,3,heavy
679.899512,835.41961,25.3,Y[+56.0262]QK[+42.0470]STELLIR,Library Peptides,b6,2,heavy
679.899512,185.127221,25.3,Y[+56.0262]QK[+42.0470]STELLIR,Library Peptides,y1,1,heavy
681.88501,192.101905,25.5,Y[+56.0262]QK[+56.0262]STELLIR,Library Peptides,a1,3,light
681.88501,1015.614622,25.5,Y[+56.0262]QK[+56.0262]STELLIR,Library Peptides,y8,2,light
681.88501,831.493444,25.5,Y[+56.0262]QK[+56.0262]STELLIR,Library Peptides,y7,1,light
686.889144,192.101905,25.5,Y[+56.0262]QK[+56.0262]STELLIR,Library Peptides,a1,3,heavy
686.889144,1025.622891,25.5,Y[+56.0262]QK[+56.0262]STELLIR,Library Peptides,y8,2,heavy
686.889144,841.501713,25.5,Y[+56.0262]QK[+56.0262]STELLIR,Library Peptides,y7,1,heavy
688.892835,192.101905,25.8,Y[+56.0262]QK[+70.0419]STELLIR,Library Peptides,a1,3,light
688.892835,1029.630272,25.8,Y[+56.0262]QK[+70.0419]STELLIR,Library Peptides,y8,2,light
688.892835,831.493444,25.8,Y[+56.0262]QK[+70.0419]STELLIR,Library Peptides,y7,1,light
693.896969,192.101905,25.8,Y[+56.0262]QK[+70.0419]STELLIR,Library Peptides,a1,3,heavy
693.896969,1039.638541,25.8,Y[+56.0262]QK[+70.0419]STELLIR,Library Peptides,y8,2,heavy
693.896969,841.501713,25.8,Y[+56.0262]QK[+70.0419]STELLIR,Library Peptides,y7,1,heavy
584.797356,456.164262,22,Y[+135.9925]RPGTVALR,Library Peptides,b2,3,light
584.797356,713.43045,22,Y[+135.9925]RPGTVALR,Library Peptides,y7,2,light
584.797356,175.118952,22,Y[+135.9925]RPGTVALR,Library Peptides,y1,1,light
589.80149,456.164262,22,Y[+135.9925]RPGTVALR,Library Peptides,b2,3,heavy
589.80149,723.438719,22,Y[+135.9925]RPGTVALR,Library Peptides,y7,2,heavy
589.80149,185.127221,22,Y[+135.9925]RPGTVALR,Library Peptides,y1,1,heavy
544.81419,192.101905,20.6,Y[+56.0262]RPGTVALR,Library Peptides,a1,3,light
544.81419,713.43045,20.6,Y[+56.0262]RPGTVALR,Library Peptides,y7,1,light
544.81419,175.118952,20.6,Y[+56.0262]RPGTVALR,Library Peptides,y1,2,light
549.818325,192.101905,20.6,Y[+56.0262]RPGTVALR,Library Peptides,a1,3,heavy
549.818325,723.438719,20.6,Y[+56.0262]RPGTVALR,Library Peptides,y7,1,heavy
549.818325,185.127221,20.6,Y[+56.0262]RPGTVALR,Library Peptides,y1,2,heavy
544.81419,192.101905,20.6,Y[+56.0262]RPGTVALR,Library Peptides,a1,2,light
544.81419,713.43045,20.6,Y[+56.0262]RPGTVALR,Library Peptides,y7,3,light
544.81419,175.118952,20.6,Y[+56.0262]RPGTVALR,Library Peptides,y1,1,light
