<MSAcqMethod>
	<version>2007003</version>
	<msInstrument>QQQ</msInstrument>
	<ionSource>ChipCube</ionSource>
	<tuneFile>atunes.tune.xml</tuneFile>
	<stopMode>ByPumpTime</stopMode>
	<stopTime>1</stopTime>
	<collisionGasOn>true</collisionGasOn>
	<APPILampOn>true</APPILampOn>
	<isTimeFilterEnabled>true</isTimeFilterEnabled>
	<timeFilterPeakWidth>0.07</timeFilterPeakWidth>
	<timeSegments>
		<timeSegment><index>1</index>
			<startTime>0</startTime>
			<diverterValveState>ToMS</diverterValveState>
			<sourceParameters>
				<sourceParameter>
					<id>DGasHeater</id>
					<posPolarityValue>325</posPolarityValue>
					<negPolarityValue>325</negPolarityValue>
				</sourceParameter>
				<sourceParameter>
					<id>DGasFlow</id>
					<posPolarityValue>5</posPolarityValue>
					<negPolarityValue>5</negPolarityValue>
				</sourceParameter>
				<sourceParameter>
					<id>VCap</id>
					<posPolarityValue>1800</posPolarityValue>
					<negPolarityValue>1700</negPolarityValue>
				</sourceParameter>
			</sourceParameters>
			<isDataSaved>true</isDataSaved>
			<scanSegments>
				<scanSegment><index>1</index>
					<ionMode>NanoESI</ionMode>
					<ionPolarity>Positive</ionPolarity>
					<scanType>DynamicMRM</scanType>
					<scheduledTime>2.2</scheduledTime>
					<timeWindow>2</timeWindow>
					<scheduledSetting>MinCycleTime=250</scheduledSetting>
					<scanElements>
						<scanElement>
							<index>1</index>
							<compoundName>KPVTDAENCHLAR</compoundName>
							<isISTD>false</isISTD>
							<ms1LowMz>504.3</ms1LowMz>
							<ms1Res>Unit</ms1Res>
							<ms2LowMz>1186.5</ms2LowMz>
							<ms2Res>Unit</ms2Res>
							<dwell>200</dwell>
							<fragmentor>130</fragmentor>
							<collisionEnergy>21</collisionEnergy>
							<deltaEMV>0</deltaEMV>
						</scanElement>
					</scanElements>
				</scanSegment>
				<scanSegment><index>2</index>
					<ionMode>NanoESI</ionMode>
					<ionPolarity>Positive</ionPolarity>
					<scanType>DynamicMRM</scanType>
					<scheduledTime>2.2</scheduledTime>
					<timeWindow>2</timeWindow>
					<scheduledSetting>MinCycleTime=250</scheduledSetting>
					<scanElements>
						<scanElement>
							<index>1</index>
							<compoundName>KPVTDAENCHLAR</compoundName>
							<isISTD>false</isISTD>
							<ms1LowMz>504.3</ms1LowMz>
							<ms1Res>Unit</ms1Res>
							<ms2LowMz>1085.5</ms2LowMz>
							<ms2Res>Unit</ms2Res>
							<dwell>200</dwell>
							<fragmentor>130</fragmentor>
							<collisionEnergy>21</collisionEnergy>
							<deltaEMV>0</deltaEMV>
						</scanElement>
					</scanElements>
				</scanSegment>
				<scanSegment><index>3</index>
					<ionMode>NanoESI</ionMode>
					<ionPolarity>Positive</ionPolarity>
					<scanType>DynamicMRM</scanType>
					<scheduledTime>2.2</scheduledTime>
					<timeWindow>2</timeWindow>
					<scheduledSetting>MinCycleTime=250</scheduledSetting>
					<scanElements>
						<scanElement>
							<index>1</index>
							<compoundName>KPVTDAENCHLAR</compoundName>
							<isISTD>false</isISTD>
							<ms1LowMz>504.3</ms1LowMz>
							<ms1Res>Unit</ms1Res>
							<ms2LowMz>691.8</ms2LowMz>
							<ms2Res>Unit</ms2Res>
							<dwell>200</dwell>
							<fragmentor>130</fragmentor>
							<collisionEnergy>13</collisionEnergy>
							<deltaEMV>0</deltaEMV>
						</scanElement>
					</scanElements>
				</scanSegment>
				<scanSegment><index>4</index>
					<ionMode>NanoESI</ionMode>
					<ionPolarity>Positive</ionPolarity>
					<scanType>DynamicMRM</scanType>
					<scheduledTime>2.4</scheduledTime>
					<timeWindow>2</timeWindow>
					<scheduledSetting>MinCycleTime=250</scheduledSetting>
					<scanElements>
						<scanElement>
							<index>1</index>
							<compoundName>DGTRKPVTDAENCHLAR</compoundName>
							<isISTD>false</isISTD>
							<ms1LowMz>485.7</ms1LowMz>
							<ms1Res>Unit</ms1Res>
							<ms2LowMz>593.8</ms2LowMz>
							<ms2Res>Unit</ms2Res>
							<dwell>200</dwell>
							<fragmentor>130</fragmentor>
							<collisionEnergy>15</collisionEnergy>
							<deltaEMV>0</deltaEMV>
						</scanElement>
					</scanElements>
				</scanSegment>
				<scanSegment><index>5</index>
					<ionMode>NanoESI</ionMode>
					<ionPolarity>Positive</ionPolarity>
					<scanType>DynamicMRM</scanType>
					<scheduledTime>2.4</scheduledTime>
					<timeWindow>2</timeWindow>
					<scheduledSetting>MinCycleTime=250</scheduledSetting>
					<scanElements>
						<scanElement>
							<index>1</index>
							<compoundName>DGTRKPVTDAENCHLAR</compoundName>
							<isISTD>false</isISTD>
							<ms1LowMz>485.7</ms1LowMz>
							<ms1Res>Unit</ms1Res>
							<ms2LowMz>543.2</ms2LowMz>
							<ms2Res>Unit</ms2Res>
							<dwell>200</dwell>
							<fragmentor>130</fragmentor>
							<collisionEnergy>15</collisionEnergy>
							<deltaEMV>0</deltaEMV>
						</scanElement>
					</scanElements>
				</scanSegment>
				<scanSegment><index>6</index>
					<ionMode>NanoESI</ionMode>
					<ionPolarity>Positive</ionPolarity>
					<scanType>DynamicMRM</scanType>
					<scheduledTime>2.4</scheduledTime>
					<timeWindow>2</timeWindow>
					<scheduledSetting>MinCycleTime=250</scheduledSetting>
					<scanElements>
						<scanElement>
							<index>1</index>
							<compoundName>DGTRKPVTDAENCHLAR</compoundName>
							<isISTD>false</isISTD>
							<ms1LowMz>485.7</ms1LowMz>
							<ms1Res>Unit</ms1Res>
							<ms2LowMz>496.3</ms2LowMz>
							<ms2Res>Unit</ms2Res>
							<dwell>200</dwell>
							<fragmentor>130</fragmentor>
							<collisionEnergy>19</collisionEnergy>
							<deltaEMV>0</deltaEMV>
						</scanElement>
					</scanElements>
				</scanSegment>
				<scanSegment><index>7</index>
					<ionMode>NanoESI</ionMode>
					<ionPolarity>Positive</ionPolarity>
					<scanType>DynamicMRM</scanType>
					<scheduledTime>2.5</scheduledTime>
					<timeWindow>2</timeWindow>
					<scheduledSetting>MinCycleTime=250</scheduledSetting>
					<scanElements>
						<scanElement>
							<index>1</index>
							<compoundName>YICDNQDTISSK</compoundName>
							<isISTD>false</isISTD>
							<ms1LowMz>722.3</ms1LowMz>
							<ms1Res>Unit</ms1Res>
							<ms2LowMz>1167.5</ms2LowMz>
							<ms2Res>Unit</ms2Res>
							<dwell>200</dwell>
							<fragmentor>130</fragmentor>
							<collisionEnergy>23</collisionEnergy>
							<deltaEMV>0</deltaEMV>
						</scanElement>
					</scanElements>
				</scanSegment>
				<scanSegment><index>8</index>
					<ionMode>NanoESI</ionMode>
					<ionPolarity>Positive</ionPolarity>
					<scanType>DynamicMRM</scanType>
					<scheduledTime>2.5</scheduledTime>
					<timeWindow>2</timeWindow>
					<scheduledSetting>MinCycleTime=250</scheduledSetting>
					<scanElements>
						<scanElement>
							<index>1</index>
							<compoundName>YICDNQDTISSK</compoundName>
							<isISTD>false</isISTD>
							<ms1LowMz>722.3</ms1LowMz>
							<ms1Res>Unit</ms1Res>
							<ms2LowMz>1007.5</ms2LowMz>
							<ms2Res>Unit</ms2Res>
							<dwell>200</dwell>
							<fragmentor>130</fragmentor>
							<collisionEnergy>23</collisionEnergy>
							<deltaEMV>0</deltaEMV>
						</scanElement>
					</scanElements>
				</scanSegment>
				<scanSegment><index>9</index>
					<ionMode>NanoESI</ionMode>
					<ionPolarity>Positive</ionPolarity>
					<scanType>DynamicMRM</scanType>
					<scheduledTime>2.5</scheduledTime>
					<timeWindow>2</timeWindow>
					<scheduledSetting>MinCycleTime=250</scheduledSetting>
					<scanElements>
						<scanElement>
							<index>1</index>
							<compoundName>YICDNQDTISSK</compoundName>
							<isISTD>false</isISTD>
							<ms1LowMz>722.3</ms1LowMz>
							<ms1Res>Unit</ms1Res>
							<ms2LowMz>892.4</ms2LowMz>
							<ms2Res>Unit</ms2Res>
							<dwell>200</dwell>
							<fragmentor>130</fragmentor>
							<collisionEnergy>27</collisionEnergy>
							<deltaEMV>0</deltaEMV>
						</scanElement>
					</scanElements>
				</scanSegment>
				<scanSegment><index>10</index>
					<ionMode>NanoESI</ionMode>
					<ionPolarity>Positive</ionPolarity>
					<scanType>DynamicMRM</scanType>
					<scheduledTime>3.2</scheduledTime>
					<timeWindow>1</timeWindow>
					<scheduledSetting>MinCycleTime=250</scheduledSetting>
					<scanElements>
						<scanElement>
							<index>1</index>
							<compoundName>HLHFTLVK    </compoundName>
							<isISTD>false</isISTD>
							<ms1LowMz>332.2</ms1LowMz>
							<ms1Res>Unit</ms1Res>
							<ms2LowMz>607.4</ms2LowMz>
							<ms2Res>Unit</ms2Res>
							<dwell>200</dwell>
							<fragmentor>130</fragmentor>
							<collisionEnergy>11</collisionEnergy>
							<deltaEMV>0</deltaEMV>
						</scanElement>
					</scanElements>
				</scanSegment>
				<scanSegment><index>11</index>
					<ionMode>NanoESI</ionMode>
					<ionPolarity>Positive</ionPolarity>
					<scanType>DynamicMRM</scanType>
					<scheduledTime>3.2</scheduledTime>
					<timeWindow>1</timeWindow>
					<scheduledSetting>MinCycleTime=250</scheduledSetting>
					<scanElements>
						<scanElement>
							<index>1</index>
							<compoundName>HLHFTLVK    </compoundName>
							<isISTD>false</isISTD>
							<ms1LowMz>332.2</ms1LowMz>
							<ms1Res>Unit</ms1Res>
							<ms2LowMz>460.3</ms2LowMz>
							<ms2Res>Unit</ms2Res>
							<dwell>200</dwell>
							<fragmentor>130</fragmentor>
							<collisionEnergy>9</collisionEnergy>
							<deltaEMV>0</deltaEMV>
						</scanElement>
					</scanElements>
				</scanSegment>
				<scanSegment><index>12</index>
					<ionMode>NanoESI</ionMode>
					<ionPolarity>Positive</ionPolarity>
					<scanType>DynamicMRM</scanType>
					<scheduledTime>3.2</scheduledTime>
					<timeWindow>1</timeWindow>
					<scheduledSetting>MinCycleTime=250</scheduledSetting>
					<scanElements>
						<scanElement>
							<index>1</index>
							<compoundName>HLHFTLVK    </compoundName>
							<isISTD>false</isISTD>
							<ms1LowMz>332.2</ms1LowMz>
							<ms1Res>Unit</ms1Res>
							<ms2LowMz>388.2</ms2LowMz>
							<ms2Res>Unit</ms2Res>
							<dwell>200</dwell>
							<fragmentor>130</fragmentor>
							<collisionEnergy>11</collisionEnergy>
							<deltaEMV>0</deltaEMV>
						</scanElement>
					</scanElements>
				</scanSegment>
				<scanSegment><index>13</index>
					<ionMode>NanoESI</ionMode>
					<ionPolarity>Positive</ionPolarity>
					<scanType>DynamicMRM</scanType>
					<scheduledTime>3.3</scheduledTime>
					<timeWindow>1</timeWindow>
					<scheduledSetting>MinCycleTime=250</scheduledSetting>
					<scanElements>
						<scanElement>
							<index>1</index>
							<compoundName>HKTGPNLHGIFGR</compoundName>
							<isISTD>false</isISTD>
							<ms1LowMz>359.2</ms1LowMz>
							<ms1Res>Unit</ms1Res>
							<ms2LowMz>549.3</ms2LowMz>
							<ms2Res>Unit</ms2Res>
							<dwell>200</dwell>
							<fragmentor>130</fragmentor>
							<collisionEnergy>11</collisionEnergy>
							<deltaEMV>0</deltaEMV>
						</scanElement>
					</scanElements>
				</scanSegment>
				<scanSegment><index>14</index>
					<ionMode>NanoESI</ionMode>
					<ionPolarity>Positive</ionPolarity>
					<scanType>DynamicMRM</scanType>
					<scheduledTime>3.3</scheduledTime>
					<timeWindow>1</timeWindow>
					<scheduledSetting>MinCycleTime=250</scheduledSetting>
					<scanElements>
						<scanElement>
							<index>1</index>
							<compoundName>HKTGPNLHGIFGR</compoundName>
							<isISTD>false</isISTD>
							<ms1LowMz>359.2</ms1LowMz>
							<ms1Res>Unit</ms1Res>
							<ms2LowMz>471.8</ms2LowMz>
							<ms2Res>Unit</ms2Res>
							<dwell>200</dwell>
							<fragmentor>130</fragmentor>
							<collisionEnergy>9</collisionEnergy>
							<deltaEMV>0</deltaEMV>
						</scanElement>
					</scanElements>
				</scanSegment>
				<scanSegment><index>15</index>
					<ionMode>NanoESI</ionMode>
					<ionPolarity>Positive</ionPolarity>
					<scanType>DynamicMRM</scanType>
					<scheduledTime>3.3</scheduledTime>
					<timeWindow>1</timeWindow>
					<scheduledSetting>MinCycleTime=250</scheduledSetting>
					<scanElements>
						<scanElement>
							<index>1</index>
							<compoundName>HKTGPNLHGIFGR</compoundName>
							<isISTD>false</isISTD>
							<ms1LowMz>359.2</ms1LowMz>
							<ms1Res>Unit</ms1Res>
							<ms2LowMz>379.2</ms2LowMz>
							<ms2Res>Unit</ms2Res>
							<dwell>200</dwell>
							<fragmentor>130</fragmentor>
							<collisionEnergy>11</collisionEnergy>
							<deltaEMV>0</deltaEMV>
						</scanElement>
					</scanElements>
				</scanSegment>
				<scanSegment><index>16</index>
					<ionMode>NanoESI</ionMode>
					<ionPolarity>Positive</ionPolarity>
					<scanType>DynamicMRM</scanType>
					<scheduledTime>4.1</scheduledTime>
					<timeWindow>1</timeWindow>
					<scheduledSetting>MinCycleTime=250</scheduledSetting>
					<scanElements>
						<scanElement>
							<index>1</index>
							<compoundName>GLAGVENVTELKK   </compoundName>
							<isISTD>false</isISTD>
							<ms1LowMz>453.3</ms1LowMz>
							<ms1Res>Unit</ms1Res>
							<ms2LowMz>831.5</ms2LowMz>
							<ms2Res>Unit</ms2Res>
							<dwell>200</dwell>
							<fragmentor>130</fragmentor>
							<collisionEnergy>17</collisionEnergy>
							<deltaEMV>0</deltaEMV>
						</scanElement>
					</scanElements>
				</scanSegment>
				<scanSegment><index>17</index>
					<ionMode>NanoESI</ionMode>
					<ionPolarity>Positive</ionPolarity>
					<scanType>DynamicMRM</scanType>
					<scheduledTime>4.1</scheduledTime>
					<timeWindow>1</timeWindow>
					<scheduledSetting>MinCycleTime=250</scheduledSetting>
					<scanElements>
						<scanElement>
							<index>1</index>
							<compoundName>GLAGVENVTELKK   </compoundName>
							<isISTD>false</isISTD>
							<ms1LowMz>453.3</ms1LowMz>
							<ms1Res>Unit</ms1Res>
							<ms2LowMz>594.3</ms2LowMz>
							<ms2Res>Unit</ms2Res>
							<dwell>200</dwell>
							<fragmentor>130</fragmentor>
							<collisionEnergy>7</collisionEnergy>
							<deltaEMV>0</deltaEMV>
						</scanElement>
					</scanElements>
				</scanSegment>
				<scanSegment><index>18</index>
					<ionMode>NanoESI</ionMode>
					<ionPolarity>Positive</ionPolarity>
					<scanType>DynamicMRM</scanType>
					<scheduledTime>4.1</scheduledTime>
					<timeWindow>1</timeWindow>
					<scheduledSetting>MinCycleTime=250</scheduledSetting>
					<scanElements>
						<scanElement>
							<index>1</index>
							<compoundName>GLAGVENVTELKK   </compoundName>
							<isISTD>false</isISTD>
							<ms1LowMz>453.3</ms1LowMz>
							<ms1Res>Unit</ms1Res>
							<ms2LowMz>558.8</ms2LowMz>
							<ms2Res>Unit</ms2Res>
							<dwell>200</dwell>
							<fragmentor>130</fragmentor>
							<collisionEnergy>7</collisionEnergy>
							<deltaEMV>0</deltaEMV>
						</scanElement>
					</scanElements>
				</scanSegment>
				<scanSegment><index>19</index>
					<ionMode>NanoESI</ionMode>
					<ionPolarity>Positive</ionPolarity>
					<scanType>DynamicMRM</scanType>
					<scheduledTime>4.2</scheduledTime>
					<timeWindow>1</timeWindow>
					<scheduledSetting>MinCycleTime=250</scheduledSetting>
					<scanElements>
						<scanElement>
							<index>1</index>
							<compoundName>YYGYTGAFR</compoundName>
							<isISTD>false</isISTD>
							<ms1LowMz>549.3</ms1LowMz>
							<ms1Res>Unit</ms1Res>
							<ms2LowMz>771.4</ms2LowMz>
							<ms2Res>Unit</ms2Res>
							<dwell>200</dwell>
							<fragmentor>130</fragmentor>
							<collisionEnergy>15</collisionEnergy>
							<deltaEMV>0</deltaEMV>
						</scanElement>
					</scanElements>
				</scanSegment>
				<scanSegment><index>20</index>
					<ionMode>NanoESI</ionMode>
					<ionPolarity>Positive</ionPolarity>
					<scanType>DynamicMRM</scanType>
					<scheduledTime>4.2</scheduledTime>
					<timeWindow>1</timeWindow>
					<scheduledSetting>MinCycleTime=250</scheduledSetting>
					<scanElements>
						<scanElement>
							<index>1</index>
							<compoundName>YYGYTGAFR</compoundName>
							<isISTD>false</isISTD>
							<ms1LowMz>549.3</ms1LowMz>
							<ms1Res>Unit</ms1Res>
							<ms2LowMz>714.4</ms2LowMz>
							<ms2Res>Unit</ms2Res>
							<dwell>200</dwell>
							<fragmentor>130</fragmentor>
							<collisionEnergy>17</collisionEnergy>
							<deltaEMV>0</deltaEMV>
						</scanElement>
					</scanElements>
				</scanSegment>
				<scanSegment><index>21</index>
					<ionMode>NanoESI</ionMode>
					<ionPolarity>Positive</ionPolarity>
					<scanType>DynamicMRM</scanType>
					<scheduledTime>4.2</scheduledTime>
					<timeWindow>1</timeWindow>
					<scheduledSetting>MinCycleTime=250</scheduledSetting>
					<scanElements>
						<scanElement>
							<index>1</index>
							<compoundName>YYGYTGAFR</compoundName>
							<isISTD>false</isISTD>
							<ms1LowMz>549.3</ms1LowMz>
							<ms1Res>Unit</ms1Res>
							<ms2LowMz>551.3</ms2LowMz>
							<ms2Res>Unit</ms2Res>
							<dwell>200</dwell>
							<fragmentor>130</fragmentor>
							<collisionEnergy>15</collisionEnergy>
							<deltaEMV>0</deltaEMV>
						</scanElement>
					</scanElements>
				</scanSegment>
				<scanSegment><index>22</index>
					<ionMode>NanoESI</ionMode>
					<ionPolarity>Positive</ionPolarity>
					<scanType>DynamicMRM</scanType>
					<scheduledTime>4.3</scheduledTime>
					<timeWindow>1</timeWindow>
					<scheduledSetting>MinCycleTime=250</scheduledSetting>
					<scanElements>
						<scanElement>
							<index>1</index>
							<compoundName>DKPDNFQLFQSPHGK</compoundName>
							<isISTD>false</isISTD>
							<ms1LowMz>586.6</ms1LowMz>
							<ms1Res>Unit</ms1Res>
							<ms2LowMz>913.5</ms2LowMz>
							<ms2Res>Unit</ms2Res>
							<dwell>200</dwell>
							<fragmentor>130</fragmentor>
							<collisionEnergy>21</collisionEnergy>
							<deltaEMV>0</deltaEMV>
						</scanElement>
					</scanElements>
				</scanSegment>
				<scanSegment><index>23</index>
					<ionMode>NanoESI</ionMode>
					<ionPolarity>Positive</ionPolarity>
					<scanType>DynamicMRM</scanType>
					<scheduledTime>4.3</scheduledTime>
					<timeWindow>1</timeWindow>
					<scheduledSetting>MinCycleTime=250</scheduledSetting>
					<scanElements>
						<scanElement>
							<index>1</index>
							<compoundName>DKPDNFQLFQSPHGK</compoundName>
							<isISTD>false</isISTD>
							<ms1LowMz>586.6</ms1LowMz>
							<ms1Res>Unit</ms1Res>
							<ms2LowMz>800.4</ms2LowMz>
							<ms2Res>Unit</ms2Res>
							<dwell>200</dwell>
							<fragmentor>130</fragmentor>
							<collisionEnergy>19</collisionEnergy>
							<deltaEMV>0</deltaEMV>
						</scanElement>
					</scanElements>
				</scanSegment>
				<scanSegment><index>24</index>
					<ionMode>NanoESI</ionMode>
					<ionPolarity>Positive</ionPolarity>
					<scanType>DynamicMRM</scanType>
					<scheduledTime>4.3</scheduledTime>
					<timeWindow>1</timeWindow>
					<scheduledSetting>MinCycleTime=250</scheduledSetting>
					<scanElements>
						<scanElement>
							<index>1</index>
							<compoundName>DKPDNFQLFQSPHGK</compoundName>
							<isISTD>false</isISTD>
							<ms1LowMz>586.6</ms1LowMz>
							<ms1Res>Unit</ms1Res>
							<ms2LowMz>653.3</ms2LowMz>
							<ms2Res>Unit</ms2Res>
							<dwell>200</dwell>
							<fragmentor>130</fragmentor>
							<collisionEnergy>17</collisionEnergy>
							<deltaEMV>0</deltaEMV>
						</scanElement>
					</scanElements>
				</scanSegment>
				<scanSegment><index>25</index>
					<ionMode>NanoESI</ionMode>
					<ionPolarity>Positive</ionPolarity>
					<scanType>DynamicMRM</scanType>
					<scheduledTime>5</scheduledTime>
					<timeWindow>1</timeWindow>
					<scheduledSetting>MinCycleTime=250</scheduledSetting>
					<scanElements>
						<scanElement>
							<index>1</index>
							<compoundName>DTDFKLNELR</compoundName>
							<isISTD>false</isISTD>
							<ms1LowMz>625.8</ms1LowMz>
							<ms1Res>Unit</ms1Res>
							<ms2LowMz>919.5</ms2LowMz>
							<ms2Res>Unit</ms2Res>
							<dwell>200</dwell>
							<fragmentor>130</fragmentor>
							<collisionEnergy>29</collisionEnergy>
							<deltaEMV>0</deltaEMV>
						</scanElement>
					</scanElements>
				</scanSegment>
				<scanSegment><index>26</index>
					<ionMode>NanoESI</ionMode>
					<ionPolarity>Positive</ionPolarity>
					<scanType>DynamicMRM</scanType>
					<scheduledTime>5</scheduledTime>
					<timeWindow>1</timeWindow>
					<scheduledSetting>MinCycleTime=250</scheduledSetting>
					<scanElements>
						<scanElement>
							<index>1</index>
							<compoundName>DTDFKLNELR</compoundName>
							<isISTD>false</isISTD>
							<ms1LowMz>625.8</ms1LowMz>
							<ms1Res>Unit</ms1Res>
							<ms2LowMz>772.5</ms2LowMz>
							<ms2Res>Unit</ms2Res>
							<dwell>200</dwell>
							<fragmentor>130</fragmentor>
							<collisionEnergy>29</collisionEnergy>
							<deltaEMV>0</deltaEMV>
						</scanElement>
					</scanElements>
				</scanSegment>
				<scanSegment><index>27</index>
					<ionMode>NanoESI</ionMode>
					<ionPolarity>Positive</ionPolarity>
					<scanType>DynamicMRM</scanType>
					<scheduledTime>5</scheduledTime>
					<timeWindow>1</timeWindow>
					<scheduledSetting>MinCycleTime=250</scheduledSetting>
					<scanElements>
						<scanElement>
							<index>1</index>
							<compoundName>DTDFKLNELR</compoundName>
							<isISTD>false</isISTD>
							<ms1LowMz>625.8</ms1LowMz>
							<ms1Res>Unit</ms1Res>
							<ms2LowMz>644.4</ms2LowMz>
							<ms2Res>Unit</ms2Res>
							<dwell>200</dwell>
							<fragmentor>130</fragmentor>
							<collisionEnergy>27</collisionEnergy>
							<deltaEMV>0</deltaEMV>
						</scanElement>
					</scanElements>
				</scanSegment>
				<scanSegment><index>28</index>
					<ionMode>NanoESI</ionMode>
					<ionPolarity>Positive</ionPolarity>
					<scanType>DynamicMRM</scanType>
					<scheduledTime>5</scheduledTime>
					<timeWindow>1</timeWindow>
					<scheduledSetting>MinCycleTime=250</scheduledSetting>
					<scanElements>
						<scanElement>
							<index>1</index>
							<compoundName>KQTALVELLK </compoundName>
							<isISTD>false</isISTD>
							<ms1LowMz>571.7</ms1LowMz>
							<ms1Res>Unit</ms1Res>
							<ms2LowMz>1014.6</ms2LowMz>
							<ms2Res>Unit</ms2Res>
							<dwell>200</dwell>
							<fragmentor>130</fragmentor>
							<collisionEnergy>19</collisionEnergy>
							<deltaEMV>0</deltaEMV>
						</scanElement>
					</scanElements>
				</scanSegment>
				<scanSegment><index>29</index>
					<ionMode>NanoESI</ionMode>
					<ionPolarity>Positive</ionPolarity>
					<scanType>DynamicMRM</scanType>
					<scheduledTime>5</scheduledTime>
					<timeWindow>1</timeWindow>
					<scheduledSetting>MinCycleTime=250</scheduledSetting>
					<scanElements>
						<scanElement>
							<index>1</index>
							<compoundName>KQTALVELLK </compoundName>
							<isISTD>false</isISTD>
							<ms1LowMz>571.7</ms1LowMz>
							<ms1Res>Unit</ms1Res>
							<ms2LowMz>886.6</ms2LowMz>
							<ms2Res>Unit</ms2Res>
							<dwell>200</dwell>
							<fragmentor>130</fragmentor>
							<collisionEnergy>21</collisionEnergy>
							<deltaEMV>0</deltaEMV>
						</scanElement>
					</scanElements>
				</scanSegment>
				<scanSegment><index>30</index>
					<ionMode>NanoESI</ionMode>
					<ionPolarity>Positive</ionPolarity>
					<scanType>DynamicMRM</scanType>
					<scheduledTime>5</scheduledTime>
					<timeWindow>1</timeWindow>
					<scheduledSetting>MinCycleTime=250</scheduledSetting>
					<scanElements>
						<scanElement>
							<index>1</index>
							<compoundName>KQTALVELLK </compoundName>
							<isISTD>false</isISTD>
							<ms1LowMz>571.7</ms1LowMz>
							<ms1Res>Unit</ms1Res>
							<ms2LowMz>785.5</ms2LowMz>
							<ms2Res>Unit</ms2Res>
							<dwell>200</dwell>
							<fragmentor>130</fragmentor>
							<collisionEnergy>21</collisionEnergy>
							<deltaEMV>0</deltaEMV>
						</scanElement>
					</scanElements>
				</scanSegment>
				<scanSegment><index>31</index>
					<ionMode>NanoESI</ionMode>
					<ionPolarity>Positive</ionPolarity>
					<scanType>DynamicMRM</scanType>
					<scheduledTime>5.2</scheduledTime>
					<timeWindow>1</timeWindow>
					<scheduledSetting>MinCycleTime=250</scheduledSetting>
					<scanElements>
						<scanElement>
							<index>1</index>
							<compoundName>NYAEGAGGFFK</compoundName>
							<isISTD>false</isISTD>
							<ms1LowMz>580.8</ms1LowMz>
							<ms1Res>Unit</ms1Res>
							<ms2LowMz>883.4</ms2LowMz>
							<ms2Res>Unit</ms2Res>
							<dwell>200</dwell>
							<fragmentor>130</fragmentor>
							<collisionEnergy>15</collisionEnergy>
							<deltaEMV>0</deltaEMV>
						</scanElement>
					</scanElements>
				</scanSegment>
				<scanSegment><index>32</index>
					<ionMode>NanoESI</ionMode>
					<ionPolarity>Positive</ionPolarity>
					<scanType>DynamicMRM</scanType>
					<scheduledTime>5.2</scheduledTime>
					<timeWindow>1</timeWindow>
					<scheduledSetting>MinCycleTime=250</scheduledSetting>
					<scanElements>
						<scanElement>
							<index>1</index>
							<compoundName>NYAEGAGGFFK</compoundName>
							<isISTD>false</isISTD>
							<ms1LowMz>580.8</ms1LowMz>
							<ms1Res>Unit</ms1Res>
							<ms2LowMz>812.4</ms2LowMz>
							<ms2Res>Unit</ms2Res>
							<dwell>200</dwell>
							<fragmentor>130</fragmentor>
							<collisionEnergy>15</collisionEnergy>
							<deltaEMV>0</deltaEMV>
						</scanElement>
					</scanElements>
				</scanSegment>
				<scanSegment><index>33</index>
					<ionMode>NanoESI</ionMode>
					<ionPolarity>Positive</ionPolarity>
					<scanType>DynamicMRM</scanType>
					<scheduledTime>5.2</scheduledTime>
					<timeWindow>1</timeWindow>
					<scheduledSetting>MinCycleTime=250</scheduledSetting>
					<scanElements>
						<scanElement>
							<index>1</index>
							<compoundName>NYAEGAGGFFK</compoundName>
							<isISTD>false</isISTD>
							<ms1LowMz>580.8</ms1LowMz>
							<ms1Res>Unit</ms1Res>
							<ms2LowMz>683.4</ms2LowMz>
							<ms2Res>Unit</ms2Res>
							<dwell>200</dwell>
							<fragmentor>130</fragmentor>
							<collisionEnergy>15</collisionEnergy>
							<deltaEMV>0</deltaEMV>
						</scanElement>
					</scanElements>
				</scanSegment>
				<scanSegment><index>34</index>
					<ionMode>NanoESI</ionMode>
					<ionPolarity>Positive</ionPolarity>
					<scanType>DynamicMRM</scanType>
					<scheduledTime>5.7</scheduledTime>
					<timeWindow>1</timeWindow>
					<scheduledSetting>MinCycleTime=250</scheduledSetting>
					<scanElements>
						<scanElement>
							<index>1</index>
							<compoundName>TGPNLHGIFGR</compoundName>
							<isISTD>false</isISTD>
							<ms1LowMz>584.8</ms1LowMz>
							<ms1Res>Unit</ms1Res>
							<ms2LowMz>913.5</ms2LowMz>
							<ms2Res>Unit</ms2Res>
							<dwell>200</dwell>
							<fragmentor>130</fragmentor>
							<collisionEnergy>27</collisionEnergy>
							<deltaEMV>0</deltaEMV>
						</scanElement>
					</scanElements>
				</scanSegment>
				<scanSegment><index>35</index>
					<ionMode>NanoESI</ionMode>
					<ionPolarity>Positive</ionPolarity>
					<scanType>DynamicMRM</scanType>
					<scheduledTime>5.7</scheduledTime>
					<timeWindow>1</timeWindow>
					<scheduledSetting>MinCycleTime=250</scheduledSetting>
					<scanElements>
						<scanElement>
							<index>1</index>
							<compoundName>TGPNLHGIFGR</compoundName>
							<isISTD>false</isISTD>
							<ms1LowMz>584.8</ms1LowMz>
							<ms1Res>Unit</ms1Res>
							<ms2LowMz>799.5</ms2LowMz>
							<ms2Res>Unit</ms2Res>
							<dwell>200</dwell>
							<fragmentor>130</fragmentor>
							<collisionEnergy>27</collisionEnergy>
							<deltaEMV>0</deltaEMV>
						</scanElement>
					</scanElements>
				</scanSegment>
				<scanSegment><index>36</index>
					<ionMode>NanoESI</ionMode>
					<ionPolarity>Positive</ionPolarity>
					<scanType>DynamicMRM</scanType>
					<scheduledTime>5.7</scheduledTime>
					<timeWindow>1</timeWindow>
					<scheduledSetting>MinCycleTime=250</scheduledSetting>
					<scanElements>
						<scanElement>
							<index>1</index>
							<compoundName>TGPNLHGIFGR</compoundName>
							<isISTD>false</isISTD>
							<ms1LowMz>584.8</ms1LowMz>
							<ms1Res>Unit</ms1Res>
							<ms2LowMz>686.4</ms2LowMz>
							<ms2Res>Unit</ms2Res>
							<dwell>200</dwell>
							<fragmentor>130</fragmentor>
							<collisionEnergy>23</collisionEnergy>
							<deltaEMV>0</deltaEMV>
						</scanElement>
					</scanElements>
				</scanSegment>
				<scanSegment><index>37</index>
					<ionMode>NanoESI</ionMode>
					<ionPolarity>Positive</ionPolarity>
					<scanType>DynamicMRM</scanType>
					<scheduledTime>5.8</scheduledTime>
					<timeWindow>1</timeWindow>
					<scheduledSetting>MinCycleTime=250</scheduledSetting>
					<scanElements>
						<scanElement>
							<index>1</index>
							<compoundName>HLQIIYEINQR</compoundName>
							<isISTD>false</isISTD>
							<ms1LowMz>476.3</ms1LowMz>
							<ms1Res>Unit</ms1Res>
							<ms2LowMz>822.4</ms2LowMz>
							<ms2Res>Unit</ms2Res>
							<dwell>200</dwell>
							<fragmentor>130</fragmentor>
							<collisionEnergy>11</collisionEnergy>
							<deltaEMV>0</deltaEMV>
						</scanElement>
					</scanElements>
				</scanSegment>
				<scanSegment><index>38</index>
					<ionMode>NanoESI</ionMode>
					<ionPolarity>Positive</ionPolarity>
					<scanType>DynamicMRM</scanType>
					<scheduledTime>5.8</scheduledTime>
					<timeWindow>1</timeWindow>
					<scheduledSetting>MinCycleTime=250</scheduledSetting>
					<scanElements>
						<scanElement>
							<index>1</index>
							<compoundName>HLQIIYEINQR</compoundName>
							<isISTD>false</isISTD>
							<ms1LowMz>476.3</ms1LowMz>
							<ms1Res>Unit</ms1Res>
							<ms2LowMz>659.4</ms2LowMz>
							<ms2Res>Unit</ms2Res>
							<dwell>200</dwell>
							<fragmentor>130</fragmentor>
							<collisionEnergy>11</collisionEnergy>
							<deltaEMV>0</deltaEMV>
						</scanElement>
					</scanElements>
				</scanSegment>
				<scanSegment><index>39</index>
					<ionMode>NanoESI</ionMode>
					<ionPolarity>Positive</ionPolarity>
					<scanType>DynamicMRM</scanType>
					<scheduledTime>5.8</scheduledTime>
					<timeWindow>1</timeWindow>
					<scheduledSetting>MinCycleTime=250</scheduledSetting>
					<scanElements>
						<scanElement>
							<index>1</index>
							<compoundName>HLQIIYEINQR</compoundName>
							<isISTD>false</isISTD>
							<ms1LowMz>476.3</ms1LowMz>
							<ms1Res>Unit</ms1Res>
							<ms2LowMz>530.3</ms2LowMz>
							<ms2Res>Unit</ms2Res>
							<dwell>200</dwell>
							<fragmentor>130</fragmentor>
							<collisionEnergy>11</collisionEnergy>
							<deltaEMV>0</deltaEMV>
						</scanElement>
					</scanElements>
				</scanSegment>
				<scanSegment><index>40</index>
					<ionMode>NanoESI</ionMode>
					<ionPolarity>Positive</ionPolarity>
					<scanType>DynamicMRM</scanType>
					<scheduledTime>6.6</scheduledTime>
					<timeWindow>1</timeWindow>
					<scheduledSetting>MinCycleTime=250</scheduledSetting>
					<scanElements>
						<scanElement>
							<index>1</index>
							<compoundName>AITIFQERDPANIK </compoundName>
							<isISTD>false</isISTD>
							<ms1LowMz>808.5</ms1LowMz>
							<ms1Res>Unit</ms1Res>
							<ms2LowMz>1217.6</ms2LowMz>
							<ms2Res>Unit</ms2Res>
							<dwell>200</dwell>
							<fragmentor>130</fragmentor>
							<collisionEnergy>35</collisionEnergy>
							<deltaEMV>0</deltaEMV>
						</scanElement>
					</scanElements>
				</scanSegment>
				<scanSegment><index>41</index>
					<ionMode>NanoESI</ionMode>
					<ionPolarity>Positive</ionPolarity>
					<scanType>DynamicMRM</scanType>
					<scheduledTime>6.6</scheduledTime>
					<timeWindow>1</timeWindow>
					<scheduledSetting>MinCycleTime=250</scheduledSetting>
					<scanElements>
						<scanElement>
							<index>1</index>
							<compoundName>AITIFQERDPANIK </compoundName>
							<isISTD>false</isISTD>
							<ms1LowMz>808.5</ms1LowMz>
							<ms1Res>Unit</ms1Res>
							<ms2LowMz>813.5</ms2LowMz>
							<ms2Res>Unit</ms2Res>
							<dwell>200</dwell>
							<fragmentor>130</fragmentor>
							<collisionEnergy>39</collisionEnergy>
							<deltaEMV>0</deltaEMV>
						</scanElement>
					</scanElements>
				</scanSegment>
				<scanSegment><index>42</index>
					<ionMode>NanoESI</ionMode>
					<ionPolarity>Positive</ionPolarity>
					<scanType>DynamicMRM</scanType>
					<scheduledTime>6.6</scheduledTime>
					<timeWindow>1</timeWindow>
					<scheduledSetting>MinCycleTime=250</scheduledSetting>
					<scanElements>
						<scanElement>
							<index>1</index>
							<compoundName>AITIFQERDPANIK </compoundName>
							<isISTD>false</isISTD>
							<ms1LowMz>808.5</ms1LowMz>
							<ms1Res>Unit</ms1Res>
							<ms2LowMz>542.3</ms2LowMz>
							<ms2Res>Unit</ms2Res>
							<dwell>200</dwell>
							<fragmentor>130</fragmentor>
							<collisionEnergy>27</collisionEnergy>
							<deltaEMV>0</deltaEMV>
						</scanElement>
					</scanElements>
				</scanSegment>
				<scanSegment><index>43</index>
					<ionMode>NanoESI</ionMode>
					<ionPolarity>Positive</ionPolarity>
					<scanType>DynamicMRM</scanType>
					<scheduledTime>7.1</scheduledTime>
					<timeWindow>1</timeWindow>
					<scheduledSetting>MinCycleTime=250</scheduledSetting>
					<scanElements>
						<scanElement>
							<index>1</index>
							<compoundName>LVNELTEFAK</compoundName>
							<isISTD>false</isISTD>
							<ms1LowMz>582.3</ms1LowMz>
							<ms1Res>Unit</ms1Res>
							<ms2LowMz>951.5</ms2LowMz>
							<ms2Res>Unit</ms2Res>
							<dwell>200</dwell>
							<fragmentor>130</fragmentor>
							<collisionEnergy>15</collisionEnergy>
							<deltaEMV>0</deltaEMV>
						</scanElement>
					</scanElements>
				</scanSegment>
				<scanSegment><index>44</index>
					<ionMode>NanoESI</ionMode>
					<ionPolarity>Positive</ionPolarity>
					<scanType>DynamicMRM</scanType>
					<scheduledTime>7.1</scheduledTime>
					<timeWindow>1</timeWindow>
					<scheduledSetting>MinCycleTime=250</scheduledSetting>
					<scanElements>
						<scanElement>
							<index>1</index>
							<compoundName>LVNELTEFAK</compoundName>
							<isISTD>false</isISTD>
							<ms1LowMz>582.3</ms1LowMz>
							<ms1Res>Unit</ms1Res>
							<ms2LowMz>708.4</ms2LowMz>
							<ms2Res>Unit</ms2Res>
							<dwell>200</dwell>
							<fragmentor>130</fragmentor>
							<collisionEnergy>17</collisionEnergy>
							<deltaEMV>0</deltaEMV>
						</scanElement>
					</scanElements>
				</scanSegment>
				<scanSegment><index>45</index>
					<ionMode>NanoESI</ionMode>
					<ionPolarity>Positive</ionPolarity>
					<scanType>DynamicMRM</scanType>
					<scheduledTime>7.1</scheduledTime>
					<timeWindow>1</timeWindow>
					<scheduledSetting>MinCycleTime=250</scheduledSetting>
					<scanElements>
						<scanElement>
							<index>1</index>
							<compoundName>LVNELTEFAK</compoundName>
							<isISTD>false</isISTD>
							<ms1LowMz>582.3</ms1LowMz>
							<ms1Res>Unit</ms1Res>
							<ms2LowMz>595.3</ms2LowMz>
							<ms2Res>Unit</ms2Res>
							<dwell>200</dwell>
							<fragmentor>130</fragmentor>
							<collisionEnergy>17</collisionEnergy>
							<deltaEMV>0</deltaEMV>
						</scanElement>
					</scanElements>
				</scanSegment>
				<scanSegment><index>46</index>
					<ionMode>NanoESI</ionMode>
					<ionPolarity>Positive</ionPolarity>
					<scanType>DynamicMRM</scanType>
					<scheduledTime>7.6</scheduledTime>
					<timeWindow>1</timeWindow>
					<scheduledSetting>MinCycleTime=250</scheduledSetting>
					<scanElements>
						<scanElement>
							<index>1</index>
							<compoundName>DYYFALAHTVR</compoundName>
							<isISTD>false</isISTD>
							<ms1LowMz>452.6</ms1LowMz>
							<ms1Res>Unit</ms1Res>
							<ms2LowMz>767.5</ms2LowMz>
							<ms2Res>Unit</ms2Res>
							<dwell>200</dwell>
							<fragmentor>130</fragmentor>
							<collisionEnergy>17</collisionEnergy>
							<deltaEMV>0</deltaEMV>
						</scanElement>
					</scanElements>
				</scanSegment>
				<scanSegment><index>47</index>
					<ionMode>NanoESI</ionMode>
					<ionPolarity>Positive</ionPolarity>
					<scanType>DynamicMRM</scanType>
					<scheduledTime>7.6</scheduledTime>
					<timeWindow>1</timeWindow>
					<scheduledSetting>MinCycleTime=250</scheduledSetting>
					<scanElements>
						<scanElement>
							<index>1</index>
							<compoundName>DYYFALAHTVR</compoundName>
							<isISTD>false</isISTD>
							<ms1LowMz>452.6</ms1LowMz>
							<ms1Res>Unit</ms1Res>
							<ms2LowMz>696.4</ms2LowMz>
							<ms2Res>Unit</ms2Res>
							<dwell>200</dwell>
							<fragmentor>130</fragmentor>
							<collisionEnergy>15</collisionEnergy>
							<deltaEMV>0</deltaEMV>
						</scanElement>
					</scanElements>
				</scanSegment>
				<scanSegment><index>48</index>
					<ionMode>NanoESI</ionMode>
					<ionPolarity>Positive</ionPolarity>
					<scanType>DynamicMRM</scanType>
					<scheduledTime>7.6</scheduledTime>
					<timeWindow>1</timeWindow>
					<scheduledSetting>MinCycleTime=250</scheduledSetting>
					<scanElements>
						<scanElement>
							<index>1</index>
							<compoundName>DYYFALAHTVR</compoundName>
							<isISTD>false</isISTD>
							<ms1LowMz>452.6</ms1LowMz>
							<ms1Res>Unit</ms1Res>
							<ms2LowMz>583.3</ms2LowMz>
							<ms2Res>Unit</ms2Res>
							<dwell>200</dwell>
							<fragmentor>130</fragmentor>
							<collisionEnergy>15</collisionEnergy>
							<deltaEMV>0</deltaEMV>
						</scanElement>
					</scanElements>
				</scanSegment>
				<scanSegment><index>49</index>
					<ionMode>NanoESI</ionMode>
					<ionPolarity>Positive</ionPolarity>
					<scanType>DynamicMRM</scanType>
					<scheduledTime>7.9</scheduledTime>
					<timeWindow>1</timeWindow>
					<scheduledSetting>MinCycleTime=250</scheduledSetting>
					<scanElements>
						<scanElement>
							<index>1</index>
							<compoundName>YEFGIFNQK</compoundName>
							<isISTD>false</isISTD>
							<ms1LowMz>573.3</ms1LowMz>
							<ms1Res>Unit</ms1Res>
							<ms2LowMz>853.5</ms2LowMz>
							<ms2Res>Unit</ms2Res>
							<dwell>200</dwell>
							<fragmentor>130</fragmentor>
							<collisionEnergy>15</collisionEnergy>
							<deltaEMV>0</deltaEMV>
						</scanElement>
					</scanElements>
				</scanSegment>
				<scanSegment><index>50</index>
					<ionMode>NanoESI</ionMode>
					<ionPolarity>Positive</ionPolarity>
					<scanType>DynamicMRM</scanType>
					<scheduledTime>7.9</scheduledTime>
					<timeWindow>1</timeWindow>
					<scheduledSetting>MinCycleTime=250</scheduledSetting>
					<scanElements>
						<scanElement>
							<index>1</index>
							<compoundName>YEFGIFNQK</compoundName>
							<isISTD>false</isISTD>
							<ms1LowMz>573.3</ms1LowMz>
							<ms1Res>Unit</ms1Res>
							<ms2LowMz>706.4</ms2LowMz>
							<ms2Res>Unit</ms2Res>
							<dwell>200</dwell>
							<fragmentor>130</fragmentor>
							<collisionEnergy>17</collisionEnergy>
							<deltaEMV>0</deltaEMV>
						</scanElement>
					</scanElements>
				</scanSegment>
				<scanSegment><index>51</index>
					<ionMode>NanoESI</ionMode>
					<ionPolarity>Positive</ionPolarity>
					<scanType>DynamicMRM</scanType>
					<scheduledTime>7.9</scheduledTime>
					<timeWindow>1</timeWindow>
					<scheduledSetting>MinCycleTime=250</scheduledSetting>
					<scanElements>
						<scanElement>
							<index>1</index>
							<compoundName>YEFGIFNQK</compoundName>
							<isISTD>false</isISTD>
							<ms1LowMz>573.3</ms1LowMz>
							<ms1Res>Unit</ms1Res>
							<ms2LowMz>649.4</ms2LowMz>
							<ms2Res>Unit</ms2Res>
							<dwell>200</dwell>
							<fragmentor>130</fragmentor>
							<collisionEnergy>15</collisionEnergy>
							<deltaEMV>0</deltaEMV>
						</scanElement>
					</scanElements>
				</scanSegment>
				<scanSegment><index>52</index>
					<ionMode>NanoESI</ionMode>
					<ionPolarity>Positive</ionPolarity>
					<scanType>DynamicMRM</scanType>
					<scheduledTime>9.2</scheduledTime>
					<timeWindow>1</timeWindow>
					<scheduledSetting>MinCycleTime=250</scheduledSetting>
					<scanElements>
						<scanElement>
							<index>1</index>
							<compoundName>IGEEYISDLDQLRK</compoundName>
							<isISTD>false</isISTD>
							<ms1LowMz>560.3</ms1LowMz>
							<ms1Res>Unit</ms1Res>
							<ms2LowMz>1087.6</ms2LowMz>
							<ms2Res>Unit</ms2Res>
							<dwell>200</dwell>
							<fragmentor>130</fragmentor>
							<collisionEnergy>23</collisionEnergy>
							<deltaEMV>0</deltaEMV>
						</scanElement>
					</scanElements>
				</scanSegment>
				<scanSegment><index>53</index>
					<ionMode>NanoESI</ionMode>
					<ionPolarity>Positive</ionPolarity>
					<scanType>DynamicMRM</scanType>
					<scheduledTime>9.2</scheduledTime>
					<timeWindow>1</timeWindow>
					<scheduledSetting>MinCycleTime=250</scheduledSetting>
					<scanElements>
						<scanElement>
							<index>1</index>
							<compoundName>IGEEYISDLDQLRK</compoundName>
							<isISTD>false</isISTD>
							<ms1LowMz>560.3</ms1LowMz>
							<ms1Res>Unit</ms1Res>
							<ms2LowMz>974.5</ms2LowMz>
							<ms2Res>Unit</ms2Res>
							<dwell>200</dwell>
							<fragmentor>130</fragmentor>
							<collisionEnergy>23</collisionEnergy>
							<deltaEMV>0</deltaEMV>
						</scanElement>
					</scanElements>
				</scanSegment>
				<scanSegment><index>54</index>
					<ionMode>NanoESI</ionMode>
					<ionPolarity>Positive</ionPolarity>
					<scanType>DynamicMRM</scanType>
					<scheduledTime>9.2</scheduledTime>
					<timeWindow>1</timeWindow>
					<scheduledSetting>MinCycleTime=250</scheduledSetting>
					<scanElements>
						<scanElement>
							<index>1</index>
							<compoundName>IGEEYISDLDQLRK</compoundName>
							<isISTD>false</isISTD>
							<ms1LowMz>560.3</ms1LowMz>
							<ms1Res>Unit</ms1Res>
							<ms2LowMz>783.4</ms2LowMz>
							<ms2Res>Unit</ms2Res>
							<dwell>200</dwell>
							<fragmentor>130</fragmentor>
							<collisionEnergy>15</collisionEnergy>
							<deltaEMV>0</deltaEMV>
						</scanElement>
					</scanElements>
				</scanSegment>
				<scanSegment><index>55</index>
					<ionMode>NanoESI</ionMode>
					<ionPolarity>Positive</ionPolarity>
					<scanType>DynamicMRM</scanType>
					<scheduledTime>9.4</scheduledTime>
					<timeWindow>1</timeWindow>
					<scheduledSetting>MinCycleTime=250</scheduledSetting>
					<scanElements>
						<scanElement>
							<index>1</index>
							<compoundName>ARPEFTLPVHFYGR</compoundName>
							<isISTD>false</isISTD>
							<ms1LowMz>423.2</ms1LowMz>
							<ms1Res>Unit</ms1Res>
							<ms2LowMz>679.3</ms2LowMz>
							<ms2Res>Unit</ms2Res>
							<dwell>200</dwell>
							<fragmentor>130</fragmentor>
							<collisionEnergy>15</collisionEnergy>
							<deltaEMV>0</deltaEMV>
						</scanElement>
					</scanElements>
				</scanSegment>
				<scanSegment><index>56</index>
					<ionMode>NanoESI</ionMode>
					<ionPolarity>Positive</ionPolarity>
					<scanType>DynamicMRM</scanType>
					<scheduledTime>9.4</scheduledTime>
					<timeWindow>1</timeWindow>
					<scheduledSetting>MinCycleTime=250</scheduledSetting>
					<scanElements>
						<scanElement>
							<index>1</index>
							<compoundName>ARPEFTLPVHFYGR</compoundName>
							<isISTD>false</isISTD>
							<ms1LowMz>423.2</ms1LowMz>
							<ms1Res>Unit</ms1Res>
							<ms2LowMz>542.3</ms2LowMz>
							<ms2Res>Unit</ms2Res>
							<dwell>200</dwell>
							<fragmentor>130</fragmentor>
							<collisionEnergy>15</collisionEnergy>
							<deltaEMV>0</deltaEMV>
						</scanElement>
					</scanElements>
				</scanSegment>
				<scanSegment><index>57</index>
					<ionMode>NanoESI</ionMode>
					<ionPolarity>Positive</ionPolarity>
					<scanType>DynamicMRM</scanType>
					<scheduledTime>9.4</scheduledTime>
					<timeWindow>1</timeWindow>
					<scheduledSetting>MinCycleTime=250</scheduledSetting>
					<scanElements>
						<scanElement>
							<index>1</index>
							<compoundName>ARPEFTLPVHFYGR</compoundName>
							<isISTD>false</isISTD>
							<ms1LowMz>423.2</ms1LowMz>
							<ms1Res>Unit</ms1Res>
							<ms2LowMz>438.2</ms2LowMz>
							<ms2Res>Unit</ms2Res>
							<dwell>200</dwell>
							<fragmentor>130</fragmentor>
							<collisionEnergy>7</collisionEnergy>
							<deltaEMV>0</deltaEMV>
						</scanElement>
					</scanElements>
				</scanSegment>
				<scanSegment><index>58</index>
					<ionMode>NanoESI</ionMode>
					<ionPolarity>Positive</ionPolarity>
					<scanType>DynamicMRM</scanType>
					<scheduledTime>9.6</scheduledTime>
					<timeWindow>1</timeWindow>
					<scheduledSetting>MinCycleTime=250</scheduledSetting>
					<scanElements>
						<scanElement>
							<index>1</index>
							<compoundName>WSGFSGGAIECETAENTEECIAK</compoundName>
							<isISTD>false</isISTD>
							<ms1LowMz>849.4</ms1LowMz>
							<ms1Res>Unit</ms1Res>
							<ms2LowMz>1164.5</ms2LowMz>
							<ms2Res>Unit</ms2Res>
							<dwell>200</dwell>
							<fragmentor>130</fragmentor>
							<collisionEnergy>23</collisionEnergy>
							<deltaEMV>0</deltaEMV>
						</scanElement>
					</scanElements>
				</scanSegment>
				<scanSegment><index>59</index>
					<ionMode>NanoESI</ionMode>
					<ionPolarity>Positive</ionPolarity>
					<scanType>DynamicMRM</scanType>
					<scheduledTime>9.6</scheduledTime>
					<timeWindow>1</timeWindow>
					<scheduledSetting>MinCycleTime=250</scheduledSetting>
					<scanElements>
						<scanElement>
							<index>1</index>
							<compoundName>WSGFSGGAIECETAENTEECIAK</compoundName>
							<isISTD>false</isISTD>
							<ms1LowMz>849.4</ms1LowMz>
							<ms1Res>Unit</ms1Res>
							<ms2LowMz>1093.5</ms2LowMz>
							<ms2Res>Unit</ms2Res>
							<dwell>200</dwell>
							<fragmentor>130</fragmentor>
							<collisionEnergy>23</collisionEnergy>
							<deltaEMV>0</deltaEMV>
						</scanElement>
					</scanElements>
				</scanSegment>
				<scanSegment><index>60</index>
					<ionMode>NanoESI</ionMode>
					<ionPolarity>Positive</ionPolarity>
					<scanType>DynamicMRM</scanType>
					<scheduledTime>9.6</scheduledTime>
					<timeWindow>1</timeWindow>
					<scheduledSetting>MinCycleTime=250</scheduledSetting>
					<scanElements>
						<scanElement>
							<index>1</index>
							<compoundName>WSGFSGGAIECETAENTEECIAK</compoundName>
							<isISTD>false</isISTD>
							<ms1LowMz>849.4</ms1LowMz>
							<ms1Res>Unit</ms1Res>
							<ms2LowMz>964.4</ms2LowMz>
							<ms2Res>Unit</ms2Res>
							<dwell>200</dwell>
							<fragmentor>130</fragmentor>
							<collisionEnergy>23</collisionEnergy>
							<deltaEMV>0</deltaEMV>
						</scanElement>
					</scanElements>
				</scanSegment>
				<scanSegment><index>61</index>
					<ionMode>NanoESI</ionMode>
					<ionPolarity>Positive</ionPolarity>
					<scanType>DynamicMRM</scanType>
					<scheduledTime>9.8</scheduledTime>
					<timeWindow>1</timeWindow>
					<scheduledSetting>MinCycleTime=250</scheduledSetting>
					<scanElements>
						<scanElement>
							<index>1</index>
							<compoundName>NYELLCGDNTRK</compoundName>
							<isISTD>false</isISTD>
							<ms1LowMz>741.9</ms1LowMz>
							<ms1Res>Unit</ms1Res>
							<ms2LowMz>1205.6</ms2LowMz>
							<ms2Res>Unit</ms2Res>
							<dwell>200</dwell>
							<fragmentor>130</fragmentor>
							<collisionEnergy>27</collisionEnergy>
							<deltaEMV>0</deltaEMV>
						</scanElement>
					</scanElements>
				</scanSegment>
				<scanSegment><index>62</index>
					<ionMode>NanoESI</ionMode>
					<ionPolarity>Positive</ionPolarity>
					<scanType>DynamicMRM</scanType>
					<scheduledTime>9.8</scheduledTime>
					<timeWindow>1</timeWindow>
					<scheduledSetting>MinCycleTime=250</scheduledSetting>
					<scanElements>
						<scanElement>
							<index>1</index>
							<compoundName>NYELLCGDNTRK</compoundName>
							<isISTD>false</isISTD>
							<ms1LowMz>741.9</ms1LowMz>
							<ms1Res>Unit</ms1Res>
							<ms2LowMz>1076.6</ms2LowMz>
							<ms2Res>Unit</ms2Res>
							<dwell>200</dwell>
							<fragmentor>130</fragmentor>
							<collisionEnergy>27</collisionEnergy>
							<deltaEMV>0</deltaEMV>
						</scanElement>
					</scanElements>
				</scanSegment>
				<scanSegment><index>63</index>
					<ionMode>NanoESI</ionMode>
					<ionPolarity>Positive</ionPolarity>
					<scanType>DynamicMRM</scanType>
					<scheduledTime>9.8</scheduledTime>
					<timeWindow>1</timeWindow>
					<scheduledSetting>MinCycleTime=250</scheduledSetting>
					<scanElements>
						<scanElement>
							<index>1</index>
							<compoundName>NYELLCGDNTRK</compoundName>
							<isISTD>false</isISTD>
							<ms1LowMz>741.9</ms1LowMz>
							<ms1Res>Unit</ms1Res>
							<ms2LowMz>963.5</ms2LowMz>
							<ms2Res>Unit</ms2Res>
							<dwell>200</dwell>
							<fragmentor>130</fragmentor>
							<collisionEnergy>29</collisionEnergy>
							<deltaEMV>0</deltaEMV>
						</scanElement>
					</scanElements>
				</scanSegment>
				<scanSegment><index>64</index>
					<ionMode>NanoESI</ionMode>
					<ionPolarity>Positive</ionPolarity>
					<scanType>DynamicMRM</scanType>
					<scheduledTime>9.8</scheduledTime>
					<timeWindow>1</timeWindow>
					<scheduledSetting>MinCycleTime=250</scheduledSetting>
					<scanElements>
						<scanElement>
							<index>1</index>
							<compoundName>LGEYGFQNALIVR</compoundName>
							<isISTD>false</isISTD>
							<ms1LowMz>740.4</ms1LowMz>
							<ms1Res>Unit</ms1Res>
							<ms2LowMz>1017.6</ms2LowMz>
							<ms2Res>Unit</ms2Res>
							<dwell>200</dwell>
							<fragmentor>130</fragmentor>
							<collisionEnergy>27</collisionEnergy>
							<deltaEMV>0</deltaEMV>
						</scanElement>
					</scanElements>
				</scanSegment>
				<scanSegment><index>65</index>
					<ionMode>NanoESI</ionMode>
					<ionPolarity>Positive</ionPolarity>
					<scanType>DynamicMRM</scanType>
					<scheduledTime>9.8</scheduledTime>
					<timeWindow>1</timeWindow>
					<scheduledSetting>MinCycleTime=250</scheduledSetting>
					<scanElements>
						<scanElement>
							<index>1</index>
							<compoundName>LGEYGFQNALIVR</compoundName>
							<isISTD>false</isISTD>
							<ms1LowMz>740.4</ms1LowMz>
							<ms1Res>Unit</ms1Res>
							<ms2LowMz>960.6</ms2LowMz>
							<ms2Res>Unit</ms2Res>
							<dwell>200</dwell>
							<fragmentor>130</fragmentor>
							<collisionEnergy>25</collisionEnergy>
							<deltaEMV>0</deltaEMV>
						</scanElement>
					</scanElements>
				</scanSegment>
				<scanSegment><index>66</index>
					<ionMode>NanoESI</ionMode>
					<ionPolarity>Positive</ionPolarity>
					<scanType>DynamicMRM</scanType>
					<scheduledTime>9.8</scheduledTime>
					<timeWindow>1</timeWindow>
					<scheduledSetting>MinCycleTime=250</scheduledSetting>
					<scanElements>
						<scanElement>
							<index>1</index>
							<compoundName>LGEYGFQNALIVR</compoundName>
							<isISTD>false</isISTD>
							<ms1LowMz>740.4</ms1LowMz>
							<ms1Res>Unit</ms1Res>
							<ms2LowMz>813.5</ms2LowMz>
							<ms2Res>Unit</ms2Res>
							<dwell>200</dwell>
							<fragmentor>130</fragmentor>
							<collisionEnergy>27</collisionEnergy>
							<deltaEMV>0</deltaEMV>
						</scanElement>
					</scanElements>
				</scanSegment>
				<scanSegment><index>67</index>
					<ionMode>NanoESI</ionMode>
					<ionPolarity>Positive</ionPolarity>
					<scanType>DynamicMRM</scanType>
					<scheduledTime>11.7</scheduledTime>
					<timeWindow>1</timeWindow>
					<scheduledSetting>MinCycleTime=250</scheduledSetting>
					<scanElements>
						<scanElement>
							<index>1</index>
							<compoundName>LYAEERYPILPEYLQCVK </compoundName>
							<isISTD>false</isISTD>
							<ms1LowMz>1142.6</ms1LowMz>
							<ms1Res>Unit</ms1Res>
							<ms2LowMz>1262.7</ms2LowMz>
							<ms2Res>Unit</ms2Res>
							<dwell>200</dwell>
							<fragmentor>130</fragmentor>
							<collisionEnergy>36</collisionEnergy>
							<deltaEMV>0</deltaEMV>
						</scanElement>
					</scanElements>
				</scanSegment>
				<scanSegment><index>68</index>
					<ionMode>NanoESI</ionMode>
					<ionPolarity>Positive</ionPolarity>
					<scanType>DynamicMRM</scanType>
					<scheduledTime>11.7</scheduledTime>
					<timeWindow>1</timeWindow>
					<scheduledSetting>MinCycleTime=250</scheduledSetting>
					<scanElements>
						<scanElement>
							<index>1</index>
							<compoundName>LYAEERYPILPEYLQCVK </compoundName>
							<isISTD>false</isISTD>
							<ms1LowMz>1142.6</ms1LowMz>
							<ms1Res>Unit</ms1Res>
							<ms2LowMz>1248.7</ms2LowMz>
							<ms2Res>Unit</ms2Res>
							<dwell>200</dwell>
							<fragmentor>130</fragmentor>
							<collisionEnergy>36</collisionEnergy>
							<deltaEMV>0</deltaEMV>
						</scanElement>
					</scanElements>
				</scanSegment>
				<scanSegment><index>69</index>
					<ionMode>NanoESI</ionMode>
					<ionPolarity>Positive</ionPolarity>
					<scanType>DynamicMRM</scanType>
					<scheduledTime>11.7</scheduledTime>
					<timeWindow>1</timeWindow>
					<scheduledSetting>MinCycleTime=250</scheduledSetting>
					<scanElements>
						<scanElement>
							<index>1</index>
							<compoundName>LYAEERYPILPEYLQCVK </compoundName>
							<isISTD>false</isISTD>
							<ms1LowMz>1142.6</ms1LowMz>
							<ms1Res>Unit</ms1Res>
							<ms2LowMz>904.5</ms2LowMz>
							<ms2Res>Unit</ms2Res>
							<dwell>200</dwell>
							<fragmentor>130</fragmentor>
							<collisionEnergy>25</collisionEnergy>
							<deltaEMV>0</deltaEMV>
						</scanElement>
					</scanElements>
				</scanSegment>
				<scanSegment><index>70</index>
					<ionMode>NanoESI</ionMode>
					<ionPolarity>Positive</ionPolarity>
					<scanType>DynamicMRM</scanType>
					<scheduledTime>13.4</scheduledTime>
					<timeWindow>2</timeWindow>
					<scheduledSetting>MinCycleTime=250</scheduledSetting>
					<scanElements>
						<scanElement>
							<index>1</index>
							<compoundName>AISNNEADAVTLDGGLVYEAGLKPNNLKPVVAEFHGTK</compoundName>
							<isISTD>false</isISTD>
							<ms1LowMz>791.2</ms1LowMz>
							<ms1Res>Unit</ms1Res>
							<ms2LowMz>1206.2</ms2LowMz>
							<ms2Res>Unit</ms2Res>
							<dwell>200</dwell>
							<fragmentor>130</fragmentor>
							<collisionEnergy>29</collisionEnergy>
							<deltaEMV>0</deltaEMV>
						</scanElement>
					</scanElements>
				</scanSegment>
				<scanSegment><index>71</index>
					<ionMode>NanoESI</ionMode>
					<ionPolarity>Positive</ionPolarity>
					<scanType>DynamicMRM</scanType>
					<scheduledTime>13.4</scheduledTime>
					<timeWindow>2</timeWindow>
					<scheduledSetting>MinCycleTime=250</scheduledSetting>
					<scanElements>
						<scanElement>
							<index>1</index>
							<compoundName>AISNNEADAVTLDGGLVYEAGLKPNNLKPVVAEFHGTK</compoundName>
							<isISTD>false</isISTD>
							<ms1LowMz>791.2</ms1LowMz>
							<ms1Res>Unit</ms1Res>
							<ms2LowMz>1156.6</ms2LowMz>
							<ms2Res>Unit</ms2Res>
							<dwell>200</dwell>
							<fragmentor>130</fragmentor>
							<collisionEnergy>27</collisionEnergy>
							<deltaEMV>0</deltaEMV>
						</scanElement>
					</scanElements>
				</scanSegment>
				<scanSegment><index>72</index>
					<ionMode>NanoESI</ionMode>
					<ionPolarity>Positive</ionPolarity>
					<scanType>DynamicMRM</scanType>
					<scheduledTime>13.4</scheduledTime>
					<timeWindow>2</timeWindow>
					<scheduledSetting>MinCycleTime=250</scheduledSetting>
					<scanElements>
						<scanElement>
							<index>1</index>
							<compoundName>AISNNEADAVTLDGGLVYEAGLKPNNLKPVVAEFHGTK</compoundName>
							<isISTD>false</isISTD>
							<ms1LowMz>791.2</ms1LowMz>
							<ms1Res>Unit</ms1Res>
							<ms2LowMz>1084.6</ms2LowMz>
							<ms2Res>Unit</ms2Res>
							<dwell>200</dwell>
							<fragmentor>130</fragmentor>
							<collisionEnergy>29</collisionEnergy>
							<deltaEMV>0</deltaEMV>
						</scanElement>
					</scanElements>
				</scanSegment>
				<scanSegment><index>73</index>
					<ionMode>NanoESI</ionMode>
					<ionPolarity>Positive</ionPolarity>
					<scanType>DynamicMRM</scanType>
					<scheduledTime>13.6</scheduledTime>
					<timeWindow>2</timeWindow>
					<scheduledSetting>MinCycleTime=250</scheduledSetting>
					<scanElements>
						<scanElement>
							<index>1</index>
							<compoundName>AAGLATGNVSTAELQDATPAALVAHVTSR</compoundName>
							<isISTD>false</isISTD>
							<ms1LowMz>931.5</ms1LowMz>
							<ms1Res>Unit</ms1Res>
							<ms2LowMz>1205.1</ms2LowMz>
							<ms2Res>Unit</ms2Res>
							<dwell>200</dwell>
							<fragmentor>130</fragmentor>
							<collisionEnergy>27</collisionEnergy>
							<deltaEMV>0</deltaEMV>
						</scanElement>
					</scanElements>
				</scanSegment>
				<scanSegment><index>74</index>
					<ionMode>NanoESI</ionMode>
					<ionPolarity>Positive</ionPolarity>
					<scanType>DynamicMRM</scanType>
					<scheduledTime>13.6</scheduledTime>
					<timeWindow>2</timeWindow>
					<scheduledSetting>MinCycleTime=250</scheduledSetting>
					<scanElements>
						<scanElement>
							<index>1</index>
							<compoundName>AAGLATGNVSTAELQDATPAALVAHVTSR</compoundName>
							<isISTD>false</isISTD>
							<ms1LowMz>931.5</ms1LowMz>
							<ms1Res>Unit</ms1Res>
							<ms2LowMz>1121.6</ms2LowMz>
							<ms2Res>Unit</ms2Res>
							<dwell>200</dwell>
							<fragmentor>130</fragmentor>
							<collisionEnergy>41</collisionEnergy>
							<deltaEMV>0</deltaEMV>
						</scanElement>
					</scanElements>
				</scanSegment>
				<scanSegment><index>75</index>
					<ionMode>NanoESI</ionMode>
					<ionPolarity>Positive</ionPolarity>
					<scanType>DynamicMRM</scanType>
					<scheduledTime>13.6</scheduledTime>
					<timeWindow>2</timeWindow>
					<scheduledSetting>MinCycleTime=250</scheduledSetting>
					<scanElements>
						<scanElement>
							<index>1</index>
							<compoundName>AAGLATGNVSTAELQDATPAALVAHVTSR</compoundName>
							<isISTD>false</isISTD>
							<ms1LowMz>931.5</ms1LowMz>
							<ms1Res>Unit</ms1Res>
							<ms2LowMz>1019.5</ms2LowMz>
							<ms2Res>Unit</ms2Res>
							<dwell>200</dwell>
							<fragmentor>130</fragmentor>
							<collisionEnergy>27</collisionEnergy>
							<deltaEMV>0</deltaEMV>
						</scanElement>
					</scanElements>
				</scanSegment>
				<scanSegment><index>76</index>
					<ionMode>NanoESI</ionMode>
					<ionPolarity>Positive</ionPolarity>
					<scanType>DynamicMRM</scanType>
					<scheduledTime>15.2</scheduledTime>
					<timeWindow>2</timeWindow>
					<scheduledSetting>MinCycleTime=250</scheduledSetting>
					<scanElements>
						<scanElement>
							<index>1</index>
							<compoundName>MPCTEDYLSLILNR</compoundName>
							<isISTD>false</isISTD>
							<ms1LowMz>862.9</ms1LowMz>
							<ms1Res>Unit</ms1Res>
							<ms2LowMz>1235.7</ms2LowMz>
							<ms2Res>Unit</ms2Res>
							<dwell>200</dwell>
							<fragmentor>130</fragmentor>
							<collisionEnergy>37</collisionEnergy>
							<deltaEMV>0</deltaEMV>
						</scanElement>
					</scanElements>
				</scanSegment>
				<scanSegment><index>77</index>
					<ionMode>NanoESI</ionMode>
					<ionPolarity>Positive</ionPolarity>
					<scanType>DynamicMRM</scanType>
					<scheduledTime>15.2</scheduledTime>
					<timeWindow>2</timeWindow>
					<scheduledSetting>MinCycleTime=250</scheduledSetting>
					<scanElements>
						<scanElement>
							<index>1</index>
							<compoundName>MPCTEDYLSLILNR</compoundName>
							<isISTD>false</isISTD>
							<ms1LowMz>862.9</ms1LowMz>
							<ms1Res>Unit</ms1Res>
							<ms2LowMz>1106.6</ms2LowMz>
							<ms2Res>Unit</ms2Res>
							<dwell>200</dwell>
							<fragmentor>130</fragmentor>
							<collisionEnergy>37</collisionEnergy>
							<deltaEMV>0</deltaEMV>
						</scanElement>
					</scanElements>
				</scanSegment>
				<scanSegment><index>78</index>
					<ionMode>NanoESI</ionMode>
					<ionPolarity>Positive</ionPolarity>
					<scanType>DynamicMRM</scanType>
					<scheduledTime>15.2</scheduledTime>
					<timeWindow>2</timeWindow>
					<scheduledSetting>MinCycleTime=250</scheduledSetting>
					<scanElements>
						<scanElement>
							<index>1</index>
							<compoundName>MPCTEDYLSLILNR</compoundName>
							<isISTD>false</isISTD>
							<ms1LowMz>862.9</ms1LowMz>
							<ms1Res>Unit</ms1Res>
							<ms2LowMz>991.6</ms2LowMz>
							<ms2Res>Unit</ms2Res>
							<dwell>200</dwell>
							<fragmentor>130</fragmentor>
							<collisionEnergy>37</collisionEnergy>
							<deltaEMV>0</deltaEMV>
						</scanElement>
					</scanElements>
				</scanSegment>
				<scanSegment><index>79</index>
					<ionMode>NanoESI</ionMode>
					<ionPolarity>Positive</ionPolarity>
					<scanType>DynamicMRM</scanType>
					<scheduledTime>16.2</scheduledTime>
					<timeWindow>2</timeWindow>
					<scheduledSetting>MinCycleTime=250</scheduledSetting>
					<scanElements>
						<scanElement>
							<index>1</index>
							<compoundName>WPVHLLETLLPR</compoundName>
							<isISTD>false</isISTD>
							<ms1LowMz>492</ms1LowMz>
							<ms1Res>Unit</ms1Res>
							<ms2LowMz>728.4</ms2LowMz>
							<ms2Res>Unit</ms2Res>
							<dwell>200</dwell>
							<fragmentor>130</fragmentor>
							<collisionEnergy>15</collisionEnergy>
							<deltaEMV>0</deltaEMV>
						</scanElement>
					</scanElements>
				</scanSegment>
				<scanSegment><index>80</index>
					<ionMode>NanoESI</ionMode>
					<ionPolarity>Positive</ionPolarity>
					<scanType>DynamicMRM</scanType>
					<scheduledTime>16.2</scheduledTime>
					<timeWindow>2</timeWindow>
					<scheduledSetting>MinCycleTime=250</scheduledSetting>
					<scanElements>
						<scanElement>
							<index>1</index>
							<compoundName>WPVHLLETLLPR</compoundName>
							<isISTD>false</isISTD>
							<ms1LowMz>492</ms1LowMz>
							<ms1Res>Unit</ms1Res>
							<ms2LowMz>644.4</ms2LowMz>
							<ms2Res>Unit</ms2Res>
							<dwell>200</dwell>
							<fragmentor>130</fragmentor>
							<collisionEnergy>11</collisionEnergy>
							<deltaEMV>0</deltaEMV>
						</scanElement>
					</scanElements>
				</scanSegment>
				<scanSegment><index>81</index>
					<ionMode>NanoESI</ionMode>
					<ionPolarity>Positive</ionPolarity>
					<scanType>DynamicMRM</scanType>
					<scheduledTime>16.2</scheduledTime>
					<timeWindow>2</timeWindow>
					<scheduledSetting>MinCycleTime=250</scheduledSetting>
					<scanElements>
						<scanElement>
							<index>1</index>
							<compoundName>WPVHLLETLLPR</compoundName>
							<isISTD>false</isISTD>
							<ms1LowMz>492</ms1LowMz>
							<ms1Res>Unit</ms1Res>
							<ms2LowMz>599.4</ms2LowMz>
							<ms2Res>Unit</ms2Res>
							<dwell>200</dwell>
							<fragmentor>130</fragmentor>
							<collisionEnergy>15</collisionEnergy>
							<deltaEMV>0</deltaEMV>
						</scanElement>
					</scanElements>
				</scanSegment>
				<scanSegment><index>82</index>
					<ionMode>NanoESI</ionMode>
					<ionPolarity>Positive</ionPolarity>
					<scanType>DynamicMRM</scanType>
					<scheduledTime>16.5</scheduledTime>
					<timeWindow>2</timeWindow>
					<scheduledSetting>MinCycleTime=250</scheduledSetting>
					<scanElements>
						<scanElement>
							<index>1</index>
							<compoundName>TNFDAFPDKVAIQLNDTHPSLAIPELMR</compoundName>
							<isISTD>false</isISTD>
							<ms1LowMz>789.2</ms1LowMz>
							<ms1Res>Unit</ms1Res>
							<ms2LowMz>1126.6</ms2LowMz>
							<ms2Res>Unit</ms2Res>
							<dwell>200</dwell>
							<fragmentor>130</fragmentor>
							<collisionEnergy>33</collisionEnergy>
							<deltaEMV>0</deltaEMV>
						</scanElement>
					</scanElements>
				</scanSegment>
				<scanSegment><index>83</index>
					<ionMode>NanoESI</ionMode>
					<ionPolarity>Positive</ionPolarity>
					<scanType>DynamicMRM</scanType>
					<scheduledTime>16.5</scheduledTime>
					<timeWindow>2</timeWindow>
					<scheduledSetting>MinCycleTime=250</scheduledSetting>
					<scanElements>
						<scanElement>
							<index>1</index>
							<compoundName>TNFDAFPDKVAIQLNDTHPSLAIPELMR</compoundName>
							<isISTD>false</isISTD>
							<ms1LowMz>789.2</ms1LowMz>
							<ms1Res>Unit</ms1Res>
							<ms2LowMz>980.2</ms2LowMz>
							<ms2Res>Unit</ms2Res>
							<dwell>200</dwell>
							<fragmentor>130</fragmentor>
							<collisionEnergy>21</collisionEnergy>
							<deltaEMV>0</deltaEMV>
						</scanElement>
					</scanElements>
				</scanSegment>
				<scanSegment><index>84</index>
					<ionMode>NanoESI</ionMode>
					<ionPolarity>Positive</ionPolarity>
					<scanType>DynamicMRM</scanType>
					<scheduledTime>16.5</scheduledTime>
					<timeWindow>2</timeWindow>
					<scheduledSetting>MinCycleTime=250</scheduledSetting>
					<scanElements>
						<scanElement>
							<index>1</index>
							<compoundName>TNFDAFPDKVAIQLNDTHPSLAIPELMR</compoundName>
							<isISTD>false</isISTD>
							<ms1LowMz>789.2</ms1LowMz>
							<ms1Res>Unit</ms1Res>
							<ms2LowMz>820.1</ms2LowMz>
							<ms2Res>Unit</ms2Res>
							<dwell>200</dwell>
							<fragmentor>130</fragmentor>
							<collisionEnergy>21</collisionEnergy>
							<deltaEMV>0</deltaEMV>
						</scanElement>
					</scanElements>
				</scanSegment>
				<scanSegment><index>85</index>
					<ionMode>NanoESI</ionMode>
					<ionPolarity>Positive</ionPolarity>
					<scanType>DynamicMRM</scanType>
					<scheduledTime>16.9</scheduledTime>
					<timeWindow>2</timeWindow>
					<scheduledSetting>MinCycleTime=250</scheduledSetting>
					<scanElements>
						<scanElement>
							<index>1</index>
							<compoundName>GYQLVSDAASLNSVTEANQQKPLLGLFADGNMPVR</compoundName>
							<isISTD>false</isISTD>
							<ms1LowMz>926.7</ms1LowMz>
							<ms1Res>Unit</ms1Res>
							<ms2LowMz>1499.8</ms2LowMz>
							<ms2Res>Unit</ms2Res>
							<dwell>200</dwell>
							<fragmentor>130</fragmentor>
							<collisionEnergy>41</collisionEnergy>
							<deltaEMV>0</deltaEMV>
						</scanElement>
					</scanElements>
				</scanSegment>
				<scanSegment><index>86</index>
					<ionMode>NanoESI</ionMode>
					<ionPolarity>Positive</ionPolarity>
					<scanType>DynamicMRM</scanType>
					<scheduledTime>16.9</scheduledTime>
					<timeWindow>2</timeWindow>
					<scheduledSetting>MinCycleTime=250</scheduledSetting>
					<scanElements>
						<scanElement>
							<index>1</index>
							<compoundName>GYQLVSDAASLNSVTEANQQKPLLGLFADGNMPVR</compoundName>
							<isISTD>false</isISTD>
							<ms1LowMz>926.7</ms1LowMz>
							<ms1Res>Unit</ms1Res>
							<ms2LowMz>1006.5</ms2LowMz>
							<ms2Res>Unit</ms2Res>
							<dwell>200</dwell>
							<fragmentor>130</fragmentor>
							<collisionEnergy>23</collisionEnergy>
							<deltaEMV>0</deltaEMV>
						</scanElement>
					</scanElements>
				</scanSegment>
				<scanSegment><index>87</index>
					<ionMode>NanoESI</ionMode>
					<ionPolarity>Positive</ionPolarity>
					<scanType>DynamicMRM</scanType>
					<scheduledTime>16.9</scheduledTime>
					<timeWindow>2</timeWindow>
					<scheduledSetting>MinCycleTime=250</scheduledSetting>
					<scanElements>
						<scanElement>
							<index>1</index>
							<compoundName>GYQLVSDAASLNSVTEANQQKPLLGLFADGNMPVR</compoundName>
							<isISTD>false</isISTD>
							<ms1LowMz>926.7</ms1LowMz>
							<ms1Res>Unit</ms1Res>
							<ms2LowMz>859.4</ms2LowMz>
							<ms2Res>Unit</ms2Res>
							<dwell>200</dwell>
							<fragmentor>130</fragmentor>
							<collisionEnergy>23</collisionEnergy>
							<deltaEMV>0</deltaEMV>
						</scanElement>
					</scanElements>
				</scanSegment>
				<scanSegment><index>88</index>
					<ionMode>NanoESI</ionMode>
					<ionPolarity>Positive</ionPolarity>
					<scanType>DynamicMRM</scanType>
					<scheduledTime>17</scheduledTime>
					<timeWindow>2</timeWindow>
					<scheduledSetting>MinCycleTime=250</scheduledSetting>
					<scanElements>
						<scanElement>
							<index>1</index>
							<compoundName>GYQLVSDAASLNSVTEANQQKPLLGLFADGNMPVR</compoundName>
							<isISTD>false</isISTD>
							<ms1LowMz>1235.3</ms1LowMz>
							<ms1Res>Unit</ms1Res>
							<ms2LowMz>1356.7</ms2LowMz>
							<ms2Res>Unit</ms2Res>
							<dwell>200</dwell>
							<fragmentor>130</fragmentor>
							<collisionEnergy>37</collisionEnergy>
							<deltaEMV>0</deltaEMV>
						</scanElement>
					</scanElements>
				</scanSegment>
				<scanSegment><index>89</index>
					<ionMode>NanoESI</ionMode>
					<ionPolarity>Positive</ionPolarity>
					<scanType>DynamicMRM</scanType>
					<scheduledTime>17</scheduledTime>
					<timeWindow>2</timeWindow>
					<scheduledSetting>MinCycleTime=250</scheduledSetting>
					<scanElements>
						<scanElement>
							<index>1</index>
							<compoundName>GYQLVSDAASLNSVTEANQQKPLLGLFADGNMPVR</compoundName>
							<isISTD>false</isISTD>
							<ms1LowMz>1235.3</ms1LowMz>
							<ms1Res>Unit</ms1Res>
							<ms2LowMz>1300.1</ms2LowMz>
							<ms2Res>Unit</ms2Res>
							<dwell>200</dwell>
							<fragmentor>130</fragmentor>
							<collisionEnergy>29</collisionEnergy>
							<deltaEMV>0</deltaEMV>
						</scanElement>
					</scanElements>
				</scanSegment>
				<scanSegment><index>90</index>
					<ionMode>NanoESI</ionMode>
					<ionPolarity>Positive</ionPolarity>
					<scanType>DynamicMRM</scanType>
					<scheduledTime>17</scheduledTime>
					<timeWindow>2</timeWindow>
					<scheduledSetting>MinCycleTime=250</scheduledSetting>
					<scanElements>
						<scanElement>
							<index>1</index>
							<compoundName>GYQLVSDAASLNSVTEANQQKPLLGLFADGNMPVR</compoundName>
							<isISTD>false</isISTD>
							<ms1LowMz>1235.3</ms1LowMz>
							<ms1Res>Unit</ms1Res>
							<ms2LowMz>1176.6</ms2LowMz>
							<ms2Res>Unit</ms2Res>
							<dwell>200</dwell>
							<fragmentor>130</fragmentor>
							<collisionEnergy>30</collisionEnergy>
							<deltaEMV>0</deltaEMV>
						</scanElement>
					</scanElements>
				</scanSegment>
				<scanSegment><index>91</index>
					<ionMode>NanoESI</ionMode>
					<ionPolarity>Positive</ionPolarity>
					<scanType>DynamicMRM</scanType>
					<scheduledTime>17.3</scheduledTime>
					<timeWindow>2</timeWindow>
					<scheduledSetting>MinCycleTime=250</scheduledSetting>
					<scanElements>
						<scanElement>
							<index>1</index>
							<compoundName>DFNVGGYIQAVLDR</compoundName>
							<isISTD>false</isISTD>
							<ms1LowMz>522.9</ms1LowMz>
							<ms1Res>Unit</ms1Res>
							<ms2LowMz>1091.6</ms2LowMz>
							<ms2Res>Unit</ms2Res>
							<dwell>200</dwell>
							<fragmentor>130</fragmentor>
							<collisionEnergy>13</collisionEnergy>
							<deltaEMV>0</deltaEMV>
						</scanElement>
					</scanElements>
				</scanSegment>
				<scanSegment><index>92</index>
					<ionMode>NanoESI</ionMode>
					<ionPolarity>Positive</ionPolarity>
					<scanType>DynamicMRM</scanType>
					<scheduledTime>17.3</scheduledTime>
					<timeWindow>2</timeWindow>
					<scheduledSetting>MinCycleTime=250</scheduledSetting>
					<scanElements>
						<scanElement>
							<index>1</index>
							<compoundName>DFNVGGYIQAVLDR</compoundName>
							<isISTD>false</isISTD>
							<ms1LowMz>522.9</ms1LowMz>
							<ms1Res>Unit</ms1Res>
							<ms2LowMz>701.4</ms2LowMz>
							<ms2Res>Unit</ms2Res>
							<dwell>200</dwell>
							<fragmentor>130</fragmentor>
							<collisionEnergy>13</collisionEnergy>
							<deltaEMV>0</deltaEMV>
						</scanElement>
					</scanElements>
				</scanSegment>
				<scanSegment><index>93</index>
					<ionMode>NanoESI</ionMode>
					<ionPolarity>Positive</ionPolarity>
					<scanType>DynamicMRM</scanType>
					<scheduledTime>17.3</scheduledTime>
					<timeWindow>2</timeWindow>
					<scheduledSetting>MinCycleTime=250</scheduledSetting>
					<scanElements>
						<scanElement>
							<index>1</index>
							<compoundName>DFNVGGYIQAVLDR</compoundName>
							<isISTD>false</isISTD>
							<ms1LowMz>522.9</ms1LowMz>
							<ms1Res>Unit</ms1Res>
							<ms2LowMz>573.3</ms2LowMz>
							<ms2Res>Unit</ms2Res>
							<dwell>200</dwell>
							<fragmentor>130</fragmentor>
							<collisionEnergy>13</collisionEnergy>
							<deltaEMV>0</deltaEMV>
						</scanElement>
					</scanElements>
				</scanSegment>
			</scanSegments>
		</timeSegment>
	</timeSegments>
	<instrumentCurves>
		<samplingRate>5</samplingRate>
	</instrumentCurves>
	<chromatograms>
		<chromatogram>
			<index>1</index>
			<chromType>TIC</chromType>
			<tic/>
			<label>TIC</label>
			<offset>0</offset>
			<yRange>1E+07</yRange>
		</chromatogram>
	</chromatograms>
</MSAcqMethod>
