ModifiedPeptideSequence	PrecursorCharge	NormalizedRetentionTimeAPD	CollisionalCrossSection	StrippedPeptide	PrecursorMz	Decoy	FragmentType	ProductMz	LibraryIntensity	FragmentCharge	FragmentSeriesNumber	FragmentLossType
S(UniMod:21)KYLINE	2	0	0	SKYLINE	473.71770847406503	0	b	572.248	1.0	1	4	noloss
S(UniMod:21)KYLINE	2	0	0	SKYLINE	473.71770847406503	0	y	262.10336	0.8578954	1	2	noloss
S(UniMod:21)KYLINE	2	0	0	SKYLINE	473.71770847406503	0	b	459.16394	0.3276797	1	3	noloss
S(UniMod:21)KYLINE	2	0	0	SKYLINE	473.71770847406503	0	b	685.33203	0.2475427	1	5	noloss
S(UniMod:21)KYLINE	2	0	0	SKYLINE	473.71770847406503	0	b	296.1006	0.14955132	1	2	noloss
S(UniMod:21)KYLINE	2	0	0	SKYLINE	473.71770847406503	0	y	375.18744	0.055621166	1	3	noloss
S(UniMod:21)LYLIQE	2	0	0	SLYLIQE	473.22008398796504	1	b	444.153	1.0	1	3	noloss
S(UniMod:21)LYLIQE	2	0	0	SLYLIQE	473.22008398796504	1	y	276.11902	0.36081532	1	2	noloss
S(UniMod:21)LYLIQE	2	0	0	SLYLIQE	473.22008398796504	1	b	557.2371	0.22628984	1	4	noloss
S(UniMod:21)LYLIQE	2	0	0	SLYLIQE	473.22008398796504	1	b	281.0897	0.06186317	1	2	noloss
S(UniMod:21)LYLIQE	2	0	0	SLYLIQE	473.22008398796504	1	y	389.20306	0.057777707	1	3	noloss
LGGEEVSVAC(UniMod:4)K	2	-0.502009087783669	352.710510253906	LGGEEVSVACK	574.78443846444	0	y	1035.4775	1.0	1	10	noloss
LGGEEVSVAC(UniMod:4)K	2	-0.502009087783669	352.710510253906	LGGEEVSVACK	574.78443846444	0	y	564.281	0.8229577	1	5	noloss
LGGEEVSVAC(UniMod:4)K	2	-0.502009087783669	352.710510253906	LGGEEVSVACK	574.78443846444	0	y	663.3494	0.5290815	1	6	noloss
LGGEEVSVAC(UniMod:4)K	2	-0.502009087783669	352.710510253906	LGGEEVSVACK	574.78443846444	0	y	378.18057	0.50377643	1	3	noloss
LGGEEVSVAC(UniMod:4)K	2	-0.502009087783669	352.710510253906	LGGEEVSVACK	574.78443846444	0	y	792.392	0.49733102	1	7	noloss
LGGEEVSVAC(UniMod:4)K	2	-0.502009087783669	352.710510253906	LGGEEVSVACK	574.78443846444	0	y	978.45605	0.44905275	1	9	noloss
LGGEEVSVAC(UniMod:4)K	2	-0.502009087783669	352.710510253906	LGGEEVSVACK	574.78443846444	0	y	307.14346	0.37541732	1	2	noloss
LGGEEVSVAC(UniMod:4)K	2	-0.502009087783669	352.710510253906	LGGEEVSVACK	574.78443846444	0	b	228.13426	0.19524828	1	3	noloss
LGGEEVSVAC(UniMod:4)K	2	-0.502009087783669	352.710510253906	LGGEEVSVACK	574.78443846444	0	y	477.249	0.19324918	1	4	noloss
LGGEEVSVAC(UniMod:4)K	2	-0.502009087783669	352.710510253906	LGGEEVSVACK	574.78443846444	0	b	357.17685	0.119251594	1	4	noloss
LGGEEVSVAC(UniMod:4)K	2	-0.502009087783669	352.710510253906	LGGEEVSVACK	574.78443846444	0	y	921.43463	0.11366568	1	8	noloss
LGGEEVSVAC(UniMod:4)K	2	-0.502009087783669	352.710510253906	LGGEEVSVACK	574.78443846444	0	b	486.21945	0.0701755	1	5	noloss
TGTNLM(UniMod:35)DFLSR	2	51.9826247517307	377.788391113281	TGTNLMDFLSR	635.8084448753449	0	y	784.3658	1.0	1	6	noloss
TGTNLM(UniMod:35)DFLSR	2	51.9826247517307	377.788391113281	TGTNLMDFLSR	635.8084448753449	0	y	637.3304	0.8397985	1	5	noloss
TGTNLM(UniMod:35)DFLSR	2	51.9826247517307	377.788391113281	TGTNLMDFLSR	635.8084448753449	0	y	897.4499	0.4976551	1	7	noloss
TGTNLM(UniMod:35)DFLSR	2	51.9826247517307	377.788391113281	TGTNLMDFLSR	635.8084448753449	0	y	522.30347	0.4949372	1	4	noloss
TGTNLM(UniMod:35)DFLSR	2	51.9826247517307	377.788391113281	TGTNLMDFLSR	635.8084448753449	0	y	262.15097	0.43812147	1	2	noloss
TGTNLM(UniMod:35)DFLSR	2	51.9826247517307	377.788391113281	TGTNLMDFLSR	635.8084448753449	0	y	1011.4928	0.3587209	1	8	noloss
TGTNLM(UniMod:35)DFLSR	2	51.9826247517307	377.788391113281	TGTNLMDFLSR	635.8084448753449	0	y	375.23505	0.31750724	1	3	noloss
TGTNLM(UniMod:35)DFLSR	2	51.9826247517307	377.788391113281	TGTNLMDFLSR	635.8084448753449	0	b	260.12408	0.16724816	1	3	noloss
TGTNLM(UniMod:35)DFLSR	2	51.9826247517307	377.788391113281	TGTNLMDFLSR	635.8084448753449	0	b	374.16702	0.12124528	1	4	noloss
TGTNLM(UniMod:35)DFLSR	2	51.9826247517307	377.788391113281	TGTNLMDFLSR	635.8084448753449	0	y	449.22858	0.1188862	2	7	noloss
TGTNLM(UniMod:35)DFLSR	2	51.9826247517307	377.788391113281	TGTNLMDFLSR	635.8084448753449	0	b	487.2511	0.09934961	1	5	noloss
TGTNLM(UniMod:35)DFLSR	2	51.9826247517307	377.788391113281	TGTNLMDFLSR	635.8084448753449	0	y	1112.5405	0.07960726	1	9	noloss
LLGEEVSVAS(UniMod:4)K	2	26.186519298376	361.059448242188	LLGEEVSVASK	594.827160315945	1	y	962.47894	1.0	1	9	noloss
LLGEEVSVAS(UniMod:4)K	2	26.186519298376	361.059448242188	LLGEEVSVASK	594.827160315945	1	b	227.1754	0.2241977	1	2	noloss
LLGEEVSVAS(UniMod:4)K	2	26.186519298376	361.059448242188	LLGEEVSVASK	594.827160315945	1	y	548.30383	0.19523016	1	5	noloss
LLGEEVSVAS(UniMod:4)K	2	26.186519298376	361.059448242188	LLGEEVSVASK	594.827160315945	1	y	776.41486	0.16790496	1	7	noloss
LLGEEVSVAS(UniMod:4)K	2	26.186519298376	361.059448242188	LLGEEVSVASK	594.827160315945	1	y	362.2034	0.13747393	1	3	noloss
LLGEEVSVAS(UniMod:4)K	2	26.186519298376	361.059448242188	LLGEEVSVASK	594.827160315945	1	y	647.37225	0.13615687	1	6	noloss
LLGEEVSVAS(UniMod:4)K	2	26.186519298376	361.059448242188	LLGEEVSVASK	594.827160315945	1	y	1075.563	0.1341372	1	10	noloss
LLGEEVSVAS(UniMod:4)K	2	26.186519298376	361.059448242188	LLGEEVSVASK	594.827160315945	1	y	905.45746	0.0701874	1	8	noloss
LLGEEVSVAS(UniMod:4)K	2	26.186519298376	361.059448242188	LLGEEVSVASK	594.827160315945	1	y	291.1663	0.066932365	1	2	noloss
LLGEEVSVAS(UniMod:4)K	2	26.186519298376	361.059448242188	LLGEEVSVASK	594.827160315945	1	b	284.19687	0.055306412	1	3	noloss
LLGEEVSVAS(UniMod:4)K	2	26.186519298376	361.059448242188	LLGEEVSVASK	594.827160315945	1	y	461.27182	0.05477991	1	4	noloss
LLGEEVSVAS(UniMod:4)K	2	26.186519298376	361.059448242188	LLGEEVSVASK	594.827160315945	1	y	538.28516	0.031011825	2	10	noloss
TLTNLM(UniMod:35)DFLTR	2	79.1618739162112	394.441619873047	TLTNLMDFLTR	670.847570036495	1	y	1126.5562	1.0	1	9	noloss
TLTNLM(UniMod:35)DFLTR	2	79.1618739162112	394.441619873047	TLTNLMDFLTR	670.847570036495	1	b	215.13902	0.89312035	1	2	noloss
TLTNLM(UniMod:35)DFLTR	2	79.1618739162112	394.441619873047	TLTNLMDFLTR	670.847570036495	1	y	798.3815	0.84926885	1	6	noloss
TLTNLM(UniMod:35)DFLTR	2	79.1618739162112	394.441619873047	TLTNLMDFLTR	670.847570036495	1	y	651.34607	0.587881	1	5	noloss
TLTNLM(UniMod:35)DFLTR	2	79.1618739162112	394.441619873047	TLTNLMDFLTR	670.847570036495	1	y	1025.5084	0.5066621	1	8	noloss
TLTNLM(UniMod:35)DFLTR	2	79.1618739162112	394.441619873047	TLTNLMDFLTR	670.847570036495	1	y	911.4655	0.49401873	1	7	noloss
TLTNLM(UniMod:35)DFLTR	2	79.1618739162112	394.441619873047	TLTNLMDFLTR	670.847570036495	1	y	536.3191	0.4263674	1	4	noloss
TLTNLM(UniMod:35)DFLTR	2	79.1618739162112	394.441619873047	TLTNLMDFLTR	670.847570036495	1	y	276.16663	0.27640384	1	2	noloss
TLTNLM(UniMod:35)DFLTR	2	79.1618739162112	394.441619873047	TLTNLMDFLTR	670.847570036495	1	y	389.2507	0.24347018	1	3	noloss
TLTNLM(UniMod:35)DFLTR	2	79.1618739162112	394.441619873047	TLTNLMDFLTR	670.847570036495	1	y	456.2364	0.15233937	2	7	noloss
TLTNLM(UniMod:35)DFLTR	2	79.1618739162112	394.441619873047	TLTNLMDFLTR	670.847570036495	1	b	316.1867	0.14828181	1	3	noloss
TLTNLM(UniMod:35)DFLTR	2	79.1618739162112	394.441619873047	TLTNLMDFLTR	670.847570036495	1	y	563.7817	0.121000946	2	9	noloss
ROHDESKYLINE	2	-12.6013237128531	420.647705078125	ROHDESKYLINE	820.9231859595649	0	b	633.8331	1.0	2	9	noloss
ROHDESKYLINE	2	-12.6013237128531	420.647705078125	ROHDESKYLINE	820.9231859595649	0	b	577.2911	0.9184609	2	8	noloss
ROHDESKYLINE	2	-12.6013237128531	420.647705078125	ROHDESKYLINE	820.9231859595649	0	b	690.3751	0.64604634	2	10	noloss
ROHDESKYLINE	2	-12.6013237128531	420.647705078125	ROHDESKYLINE	820.9231859595649	0	b	990.51154	0.4627635	1	7	noloss
ROHDESKYLINE	2	-12.6013237128531	420.647705078125	ROHDESKYLINE	820.9231859595649	0	b	495.75943	0.4621116	2	7	noloss
ROHDESKYLINE	2	-12.6013237128531	420.647705078125	ROHDESKYLINE	820.9231859595649	0	b	646.342	0.40589038	1	4	noloss
ROHDESKYLINE	2	-12.6013237128531	420.647705078125	ROHDESKYLINE	820.9231859595649	0	y	262.10336	0.40095782	1	2	noloss
ROHDESKYLINE	2	-12.6013237128531	420.647705078125	ROHDESKYLINE	820.9231859595649	0	b	775.3846	0.31604242	1	5	noloss
ROHDESKYLINE	2	-12.6013237128531	420.647705078125	ROHDESKYLINE	820.9231859595649	0	b	1153.5748	0.31306112	1	8	noloss
ROHDESKYLINE	2	-12.6013237128531	420.647705078125	ROHDESKYLINE	820.9231859595649	0	b	1266.6589	0.29705605	1	9	noloss
ROHDESKYLINE	2	-12.6013237128531	420.647705078125	ROHDESKYLINE	820.9231859595649	0	b	862.41656	0.29027694	1	6	noloss
ROHDESKYLINE	2	-12.6013237128531	420.647705078125	ROHDESKYLINE	820.9231859595649	0	b	747.3966	0.1624886	2	11	noloss
RVHDESKYLIQE	2	-6.79915686663551	417.001312255859	RVHDESKYLIQE	758.8913545164299	1	b	564.79346	1.0	2	9	noloss
RVHDESKYLIQE	2	-6.79915686663551	417.001312255859	RVHDESKYLIQE	758.8913545164299	1	b	508.25143	0.8932165	2	8	noloss
RVHDESKYLIQE	2	-6.79915686663551	417.001312255859	RVHDESKYLIQE	758.8913545164299	1	y	276.11902	0.6750984	1	2	noloss
RVHDESKYLIQE	2	-6.79915686663551	417.001312255859	RVHDESKYLIQE	758.8913545164299	1	b	1128.5796	0.66976166	1	9	noloss
RVHDESKYLIQE	2	-6.79915686663551	417.001312255859	RVHDESKYLIQE	758.8913545164299	1	b	852.43225	0.6286496	1	7	noloss
RVHDESKYLIQE	2	-6.79915686663551	417.001312255859	RVHDESKYLIQE	758.8913545164299	1	b	1241.6637	0.58402026	1	10	noloss
RVHDESKYLIQE	2	-6.79915686663551	417.001312255859	RVHDESKYLIQE	758.8913545164299	1	b	508.26266	0.5501141	1	4	noloss
RVHDESKYLIQE	2	-6.79915686663551	417.001312255859	RVHDESKYLIQE	758.8913545164299	1	b	621.3355	0.51796156	2	10	noloss
RVHDESKYLIQE	2	-6.79915686663551	417.001312255859	RVHDESKYLIQE	758.8913545164299	1	b	1015.49554	0.49234056	1	8	noloss
RVHDESKYLIQE	2	-6.79915686663551	417.001312255859	RVHDESKYLIQE	758.8913545164299	1	b	724.3373	0.40200987	1	6	noloss
RVHDESKYLIQE	2	-6.79915686663551	417.001312255859	RVHDESKYLIQE	758.8913545164299	1	b	637.30524	0.39277694	1	5	noloss
RVHDESKYLIQE	2	-6.79915686663551	417.001312255859	RVHDESKYLIQE	758.8913545164299	1	b	426.71976	0.3660157	2	7	noloss
GSYNLQDLLAQAK	2	72.6431845023472	414.325531005859	GSYNLQDLLAQAK	710.8751731377549	0	y	886.49927	1.0	1	8	noloss
GSYNLQDLLAQAK	2	72.6431845023472	414.325531005859	GSYNLQDLLAQAK	710.8751731377549	0	y	758.4407	0.85353374	1	7	noloss
GSYNLQDLLAQAK	2	72.6431845023472	414.325531005859	GSYNLQDLLAQAK	710.8751731377549	0	y	417.2456	0.83431697	1	4	noloss
GSYNLQDLLAQAK	2	72.6431845023472	414.325531005859	GSYNLQDLLAQAK	710.8751731377549	0	y	999.5833	0.5384876	1	9	noloss
GSYNLQDLLAQAK	2	72.6431845023472	414.325531005859	GSYNLQDLLAQAK	710.8751731377549	0	y	530.32965	0.43141556	1	5	noloss
GSYNLQDLLAQAK	2	72.6431845023472	414.325531005859	GSYNLQDLLAQAK	710.8751731377549	0	y	1113.6262	0.37343502	1	10	noloss
GSYNLQDLLAQAK	2	72.6431845023472	414.325531005859	GSYNLQDLLAQAK	710.8751731377549	0	y	218.14992	0.36604914	1	2	noloss
GSYNLQDLLAQAK	2	72.6431845023472	414.325531005859	GSYNLQDLLAQAK	710.8751731377549	0	y	643.41376	0.34021503	1	6	noloss
GSYNLQDLLAQAK	2	72.6431845023472	414.325531005859	GSYNLQDLLAQAK	710.8751731377549	0	y	346.2085	0.32606757	1	3	noloss
GSYNLQDLLAQAK	2	72.6431845023472	414.325531005859	GSYNLQDLLAQAK	710.8751731377549	0	b	535.2511	0.25713545	1	5	noloss
GSYNLQDLLAQAK	2	72.6431845023472	414.325531005859	GSYNLQDLLAQAK	710.8751731377549	0	b	422.16702	0.16180924	1	4	noloss
GSYNLQDLLAQAK	2	72.6431845023472	414.325531005859	GSYNLQDLLAQAK	710.8751731377549	0	b	308.12408	0.08017272	1	3	noloss
GTYNLQDLLAQLK	2	91.1134532857892	427.444274902344	GTYNLQDLLAQLK	738.9064732666749	1	y	928.5462	1.0	1	8	noloss
GTYNLQDLLAQLK	2	91.1134532857892	427.444274902344	GTYNLQDLLAQLK	738.9064732666749	1	y	800.4876	0.8403937	1	7	noloss
GTYNLQDLLAQLK	2	91.1134532857892	427.444274902344	GTYNLQDLLAQLK	738.9064732666749	1	y	459.29257	0.80238426	1	4	noloss
GTYNLQDLLAQLK	2	91.1134532857892	427.444274902344	GTYNLQDLLAQLK	738.9064732666749	1	y	1041.6302	0.5452393	1	9	noloss
GTYNLQDLLAQLK	2	91.1134532857892	427.444274902344	GTYNLQDLLAQLK	738.9064732666749	1	y	572.37665	0.42336017	1	5	noloss
GTYNLQDLLAQLK	2	91.1134532857892	427.444274902344	GTYNLQDLLAQLK	738.9064732666749	1	y	1155.6732	0.4172112	1	10	noloss
GTYNLQDLLAQLK	2	91.1134532857892	427.444274902344	GTYNLQDLLAQLK	738.9064732666749	1	y	260.19687	0.35661262	1	2	noloss
GTYNLQDLLAQLK	2	91.1134532857892	427.444274902344	GTYNLQDLLAQLK	738.9064732666749	1	y	685.4607	0.3415034	1	6	noloss
GTYNLQDLLAQLK	2	91.1134532857892	427.444274902344	GTYNLQDLLAQLK	738.9064732666749	1	y	388.25543	0.29759467	1	3	noloss
GTYNLQDLLAQLK	2	91.1134532857892	427.444274902344	GTYNLQDLLAQLK	738.9064732666749	1	b	549.2667	0.22818336	1	5	noloss
GTYNLQDLLAQLK	2	91.1134532857892	427.444274902344	GTYNLQDLLAQLK	738.9064732666749	1	b	436.18268	0.14301325	1	4	noloss
GTYNLQDLLAQLK	2	91.1134532857892	427.444274902344	GTYNLQDLLAQLK	738.9064732666749	1	y	1318.7366	0.07749325	1	11	noloss
C(UniMod:4)SLPRPWALTFSYGR	2	76.3632474311844	461.718994140625	CSLPRPWALTFSYGR	905.956506092775	0	y	1197.6051	1.0	1	10	noloss
C(UniMod:4)SLPRPWALTFSYGR	2	76.3632474311844	461.718994140625	CSLPRPWALTFSYGR	905.956506092775	0	b	614.3079	0.30140778	1	5	noloss
C(UniMod:4)SLPRPWALTFSYGR	2	76.3632474311844	461.718994140625	CSLPRPWALTFSYGR	905.956506092775	0	b	248.06995	0.29758954	1	2	noloss
C(UniMod:4)SLPRPWALTFSYGR	2	76.3632474311844	461.718994140625	CSLPRPWALTFSYGR	905.956506092775	0	y	725.8831	0.18065248	2	12	noloss
C(UniMod:4)SLPRPWALTFSYGR	2	76.3632474311844	461.718994140625	CSLPRPWALTFSYGR	905.956506092775	0	b	361.15402	0.16952135	1	3	noloss
C(UniMod:4)SLPRPWALTFSYGR	2	76.3632474311844	461.718994140625	CSLPRPWALTFSYGR	905.956506092775	0	b	1081.5612	0.1536668	1	9	noloss
C(UniMod:4)SLPRPWALTFSYGR	2	76.3632474311844	461.718994140625	CSLPRPWALTFSYGR	905.956506092775	0	y	914.473	0.14752884	1	8	noloss
C(UniMod:4)SLPRPWALTFSYGR	2	76.3632474311844	461.718994140625	CSLPRPWALTFSYGR	905.956506092775	0	b	1182.6088	0.14411622	1	10	noloss
C(UniMod:4)SLPRPWALTFSYGR	2	76.3632474311844	461.718994140625	CSLPRPWALTFSYGR	905.956506092775	0	b	1416.7092	0.13234453	1	12	noloss
C(UniMod:4)SLPRPWALTFSYGR	2	76.3632474311844	461.718994140625	CSLPRPWALTFSYGR	905.956506092775	0	y	730.35187	0.1190807	1	6	noloss
C(UniMod:4)SLPRPWALTFSYGR	2	76.3632474311844	461.718994140625	CSLPRPWALTFSYGR	905.956506092775	0	b	1636.7941	0.11217184	1	14	noloss
C(UniMod:4)SLPRPWALTFSYGR	2	76.3632474311844	461.718994140625	CSLPRPWALTFSYGR	905.956506092775	0	y	843.4359	0.10570873	1	7	noloss
C(UniMod:4)TLPRPWALTFSYLR	2	92.2141519417722	480.865783691406	CTLPRPWALTFSYLR	940.995631253925	1	y	1253.6677	1.0	1	10	noloss
C(UniMod:4)TLPRPWALTFSYLR	2	92.2141519417722	480.865783691406	CTLPRPWALTFSYLR	940.995631253925	1	b	262.0856	0.3383728	1	2	noloss
C(UniMod:4)TLPRPWALTFSYLR	2	92.2141519417722	480.865783691406	CTLPRPWALTFSYLR	940.995631253925	1	b	628.32355	0.30843818	1	5	noloss
C(UniMod:4)TLPRPWALTFSYLR	2	92.2141519417722	480.865783691406	CTLPRPWALTFSYLR	940.995631253925	1	b	1706.8723	0.19050428	1	14	noloss
C(UniMod:4)TLPRPWALTFSYLR	2	92.2141519417722	480.865783691406	CTLPRPWALTFSYLR	940.995631253925	1	y	753.9144	0.18478772	2	12	noloss
C(UniMod:4)TLPRPWALTFSYLR	2	92.2141519417722	480.865783691406	CTLPRPWALTFSYLR	940.995631253925	1	b	1095.5768	0.15607129	1	9	noloss
C(UniMod:4)TLPRPWALTFSYLR	2	92.2141519417722	480.865783691406	CTLPRPWALTFSYLR	940.995631253925	1	b	1196.6245	0.1438837	1	10	noloss
C(UniMod:4)TLPRPWALTFSYLR	2	92.2141519417722	480.865783691406	CTLPRPWALTFSYLR	940.995631253925	1	y	970.53564	0.143826	1	8	noloss
C(UniMod:4)TLPRPWALTFSYLR	2	92.2141519417722	480.865783691406	CTLPRPWALTFSYLR	940.995631253925	1	b	1430.725	0.13356185	1	12	noloss
C(UniMod:4)TLPRPWALTFSYLR	2	92.2141519417722	480.865783691406	CTLPRPWALTFSYLR	940.995631253925	1	b	375.16968	0.12484144	1	3	noloss
C(UniMod:4)TLPRPWALTFSYLR	2	92.2141519417722	480.865783691406	CTLPRPWALTFSYLR	940.995631253925	1	b	598.81586	0.11348914	2	10	noloss
C(UniMod:4)TLPRPWALTFSYLR	2	92.2141519417722	480.865783691406	CTLPRPWALTFSYLR	940.995631253925	1	y	786.4145	0.106144376	1	6	noloss
AAAAAAAAAAAAAAAAAAAAAAAAAAAAAAAA	2	95.9054599632205	530.75	AAAAAAAAAAAAAAAAAAAAAAAAAAAAAAAA	1146.6063793714152	0	b	640.3413	1.0	1	9	noloss
AAAAAAAAAAAAAAAAAAAAAAAAAAAAAAAA	2	95.9054599632205	530.75	AAAAAAAAAAAAAAAAAAAAAAAAAAAAAAAA	1146.6063793714152	0	b	569.3042	0.99999964	1	8	noloss
AAAAAAAAAAAAAAAAAAAAAAAAAAAAAAAA	2	95.9054599632205	530.75	AAAAAAAAAAAAAAAAAAAAAAAAAAAAAAAA	1146.6063793714152	0	b	711.3784	0.9351503	1	10	noloss
AAAAAAAAAAAAAAAAAAAAAAAAAAAAAAAA	2	95.9054599632205	530.75	AAAAAAAAAAAAAAAAAAAAAAAAAAAAAAAA	1146.6063793714152	0	b	498.26706	0.9132002	1	7	noloss
AAAAAAAAAAAAAAAAAAAAAAAAAAAAAAAA	2	95.9054599632205	530.75	AAAAAAAAAAAAAAAAAAAAAAAAAAAAAAAA	1146.6063793714152	0	b	782.4155	0.7992462	1	11	noloss
AAAAAAAAAAAAAAAAAAAAAAAAAAAAAAAA	2	95.9054599632205	530.75	AAAAAAAAAAAAAAAAAAAAAAAAAAAAAAAA	1146.6063793714152	0	b	853.45264	0.673176	1	12	noloss
AAAAAAAAAAAAAAAAAAAAAAAAAAAAAAAA	2	95.9054599632205	530.75	AAAAAAAAAAAAAAAAAAAAAAAAAAAAAAAA	1146.6063793714152	0	b	427.22995	0.64188886	1	6	noloss
AAAAAAAAAAAAAAAAAAAAAAAAAAAAAAAA	2	95.9054599632205	530.75	AAAAAAAAAAAAAAAAAAAAAAAAAAAAAAAA	1146.6063793714152	0	b	924.48975	0.54330945	1	13	noloss
AAAAAAAAAAAAAAAAAAAAAAAAAAAAAAAA	2	95.9054599632205	530.75	AAAAAAAAAAAAAAAAAAAAAAAAAAAAAAAA	1146.6063793714152	0	b	356.19284	0.4274691	1	5	noloss
AAAAAAAAAAAAAAAAAAAAAAAAAAAAAAAA	2	95.9054599632205	530.75	AAAAAAAAAAAAAAAAAAAAAAAAAAAAAAAA	1146.6063793714152	0	b	995.52686	0.41038322	1	14	noloss
AAAAAAAAAAAAAAAAAAAAAAAAAAAAAAAA	2	95.9054599632205	530.75	AAAAAAAAAAAAAAAAAAAAAAAAAAAAAAAA	1146.6063793714152	0	b	285.15573	0.2758759	1	4	noloss
AAAAAAAAAAAAAAAAAAAAAAAAAAAAAAAA	2	95.9054599632205	530.75	AAAAAAAAAAAAAAAAAAAAAAAAAAAAAAAA	1146.6063793714152	0	b	1066.564	0.25182357	1	15	noloss
ALAAAAAAAAAAAAAAAAAAAAAAAAAAAALA	2	96.4837611663182	552.991638183594	ALAAAAAAAAAAAAAAAAAAAAAAAAAAAALA	1188.6533295647953	1	b	682.38824	1.0	1	9	noloss
ALAAAAAAAAAAAAAAAAAAAAAAAAAAAALA	2	96.4837611663182	552.991638183594	ALAAAAAAAAAAAAAAAAAAAAAAAAAAAALA	1188.6533295647953	1	b	611.35114	0.9999993	1	8	noloss
ALAAAAAAAAAAAAAAAAAAAAAAAAAAAALA	2	96.4837611663182	552.991638183594	ALAAAAAAAAAAAAAAAAAAAAAAAAAAAALA	1188.6533295647953	1	b	753.42535	0.959198	1	10	noloss
ALAAAAAAAAAAAAAAAAAAAAAAAAAAAALA	2	96.4837611663182	552.991638183594	ALAAAAAAAAAAAAAAAAAAAAAAAAAAAALA	1188.6533295647953	1	b	540.314	0.8436099	1	7	noloss
ALAAAAAAAAAAAAAAAAAAAAAAAAAAAALA	2	96.4837611663182	552.991638183594	ALAAAAAAAAAAAAAAAAAAAAAAAAAAAALA	1188.6533295647953	1	b	824.46246	0.82645345	1	11	noloss
ALAAAAAAAAAAAAAAAAAAAAAAAAAAAALA	2	96.4837611663182	552.991638183594	ALAAAAAAAAAAAAAAAAAAAAAAAAAAAALA	1188.6533295647953	1	b	895.4996	0.7010558	1	12	noloss
ALAAAAAAAAAAAAAAAAAAAAAAAAAAAALA	2	96.4837611663182	552.991638183594	ALAAAAAAAAAAAAAAAAAAAAAAAAAAAALA	1188.6533295647953	1	b	966.5367	0.56621456	1	13	noloss
ALAAAAAAAAAAAAAAAAAAAAAAAAAAAALA	2	96.4837611663182	552.991638183594	ALAAAAAAAAAAAAAAAAAAAAAAAAAAAALA	1188.6533295647953	1	b	469.27692	0.5524785	1	6	noloss
ALAAAAAAAAAAAAAAAAAAAAAAAAAAAALA	2	96.4837611663182	552.991638183594	ALAAAAAAAAAAAAAAAAAAAAAAAAAAAALA	1188.6533295647953	1	b	1037.5739	0.42512465	1	14	noloss
ALAAAAAAAAAAAAAAAAAAAAAAAAAAAALA	2	96.4837611663182	552.991638183594	ALAAAAAAAAAAAAAAAAAAAAAAAAAAAALA	1188.6533295647953	1	b	398.2398	0.32129666	1	5	noloss
ALAAAAAAAAAAAAAAAAAAAAAAAAAAAALA	2	96.4837611663182	552.991638183594	ALAAAAAAAAAAAAAAAAAAAAAAAAAAAALA	1188.6533295647953	1	b	1108.611	0.2578184	1	15	noloss
ALAAAAAAAAAAAAAAAAAAAAAAAAAAAALA	2	96.4837611663182	552.991638183594	ALAAAAAAAAAAAAAAAAAAAAAAAAAAAALA	1188.6533295647953	1	b	590.32764	0.18560852	2	16	noloss
