TotalArea	PrecursorCharge	FileName	PeptideModifiedSequence	PeptideRetentionTime	FragmentIon	MaxEndTime	MinStartTime
32233	3	100803_0005b_MCF7_TiTip3.wiff	LGGLRPES[+80.0]PESLTSVSR	31.91	precursor	33.5269708731	32.251427705
33025	3	100803_0005b_MCF7_TiTip3.wiff	ALVEFESNPEETREPGS[+80.0]PPSVQR	32.65	precursor	33.9049156236	33.0295135496
64905	4	100803_0005b_MCF7_TiTip3.wiff	YGPADVEDTTGSGATDSKDDDDIDLFGS[+80.0]DDEEESEEAKR	37.5	precursor	38.9023031836	37.6826658926
21297	4	100803_0005b_MCF7_TiTip3.wiff	ES[+80.0]EDKPEIEDVGSDEEEEKKDGDK	21.35	precursor	22.2327200964	21.1923734575
8189	2	100803_0005b_MCF7_TiTip3.wiff	GVVDSEDLPLNISR	35.91	precursor	37.42909483	35.928019384
120060	2	100803_0005b_MCF7_TiTip3.wiff	DMES[+80.0]PTKLDVTLAK	33.54	precursor	35.345256109	33.8509443953
31200	3	100803_0005b_MCF7_TiTip3.wiff	VGS[+80.0]LDNVGHLPAGGAVK	29.56	precursor	30.8611766497	29.2883078116
21240	3	100803_0005b_MCF7_TiTip3.wiff	KT[+80.0]GSYGALAEITASK	31.05	precursor	31.6641684591	31.544884261
13225	2	100803_0005b_MCF7_TiTip3.wiff	TGS[+80.0]YGALAEITASK	37.14	precursor	37.8104282426	37.213708047
22781	3	100803_0005b_MCF7_TiTip3.wiff	IVRGDQPAASGDS[+80.0]DDDEPPPLPR	27.16	precursor	28.6826516246	27.0171689934
53250	4	100803_0005b_MCF7_TiTip3.wiff	LLKEGEEPTVYS[+80.0]DEEEPKDESAR	25.2	precursor	26.1998322619	25.4093059028
17917	2	100803_0005b_MCF7_TiTip3.wiff	KQIT[+80.0]MEELVR	29.86	precursor	31.1277612301	29.5492541006
20175	2	100803_0005b_MCF7_TiTip3.wiff	SSS[+80.0]VGSSSSYPISPAVSR	29.86	precursor	30.3202132096	29.600356579
17746	2	100803_0005b_MCF7_TiTip3.wiff	EKT[+80.0]PELPEPSVK	25.04	precursor	26.0839738733	25.0672542487
69648	3	100803_0005b_MCF7_TiTip3.wiff	VPKPEPIPEPKEPS[+80.0]PEK	23.3	precursor	24.9180719466	23.1410852401
33252	3	100803_0005b_MCF7_TiTip3.wiff	KETES[+80.0]EAEDNLDDLEK	29.55	precursor	29.5848126051	29.1128930912
