PC,PC aa C24:0,C32H64N1O8P1,C5H14N1O4P1,622.445,184.074
PC,PC aa C26:0,C34H68N1O8P1,C5H14N1O4P1,650.476,184.074
PC,PC aa C28:0,C36H72N1O8P1,C5H14N1O4P1,678.507,184.074
PC,PC aa C28:1,C36H70N1O8P1,C5H14N1O4P1,676.492,184.074
PC,PC aa C30:0,C38H76N1O8P1,C5H14N1O4P1,706.539,184.074
PC,PC aa C30:1,C38H74N1O8P1,C5H14N1O4P1,704.523,184.074
PC,PC aa C30:2,C38H72N1O8P1,C5H14N1O4P1,702.507,184.074
PC,PC aa C32:0,C40H80N1O8P1,C5H14N1O4P1,734.570,184.074
PC,PC aa C32:1,C40H78N1O8P1,C5H14N1O4P1,732.554,184.074
PC,PC aa C32:2,C40H76N1O8P1,C5H14N1O4P1,730.539,184.074
PC,PC aa C32:3,C40H74N1O8P1,C5H14N1O4P1,728.523,184.074
PC,PC aa C34:0,C42H84N1O8P1,C5H14N1O4P1,762.601,184.074
PC,PC aa C34:1,C42H82N1O8P1,C5H14N1O4P1,760.586,184.074
PC,PC aa C34:2,C42H80N1O8P1,C5H14N1O4P1,758.570,184.074
PC,PC aa C34:3,C42H78N1O8P1,C5H14N1O4P1,756.554,184.074
PC,PC aa C34:4,C42H76N1O8P1,C5H14N1O4P1,754.539,184.074
PC,PC aa C36:0,C44H88N1O8P1,C5H14N1O4P1,790.633,184.074
PC,PC aa C36:1,C44H86N1O8P1,C5H14N1O4P1,788.617,184.074
PC,PC aa C36:2,C44H84N1O8P1,C5H14N1O4P1,786.601,184.074
PC,PC aa C36:3,C44H82N1O8P1,C5H14N1O4P1,784.586,184.074
PC,PC aa C36:4,C44H80N1O8P1,C5H14N1O4P1,782.570,184.074
PC,PC aa C36:5,C44H78N1O8P1,C5H14N1O4P1,780.554,184.074
PC,PC aa C36:6,C44H76N1O8P1,C5H14N1O4P1,778.539,184.074
PC,PC aa C38:0,C46H92N1O8P1,C5H14N1O4P1,818.664,184.074
PC,PC aa C38:1,C46H90N1O8P1,C5H14N1O4P1,816.648,184.074
PC,PC aa C38:2,C46H88N1O8P1,C5H14N1O4P1,814.633,184.074
PC,PC aa C38:3,C46H86N1O8P1,C5H14N1O4P1,812.617,184.074
PC,PC aa C38:4,C46H84N1O8P1,C5H14N1O4P1,810.601,184.074
PC,PC aa C38:5,C46H82N1O8P1,C5H14N1O4P1,808.586,184.074
PC,PC aa C38:6,C46H80N1O8P1,C5H14N1O4P1,806.570,184.074
PC,PC aa C40:0,C48H96N1O8P1,C5H14N1O4P1,846.695,184.074
PC,PC aa C40:1,C48H94N1O8P1,C5H14N1O4P1,844.679,184.074
PC,PC aa C40:2,C48H92N1O8P1,C5H14N1O4P1,842.664,184.074
PC,PC aa C40:3,C48H90N1O8P1,C5H14N1O4P1,840.648,184.074
PC,PC aa C40:4,C48H88N1O8P1,C5H14N1O4P1,838.633,184.074
PC,PC aa C40:5,C48H86N1O8P1,C5H14N1O4P1,836.617,184.074
PC,PC aa C40:6,C48H84N1O8P1,C5H14N1O4P1,834.601,184.074
PC,PC aa C42:0,C50H100N1O8P1,C5H14N1O4P1,874.726,184.074
PC,PC aa C42:1,C50H98N1O8P1,C5H14N1O4P1,872.711,184.074
PC,PC aa C42:2,C50H96N1O8P1,C5H14N1O4P1,870.695,184.074
PC,PC aa C42:3,C50H94N1O8P1,C5H14N1O4P1,868.679,184.074
PC,PC aa C42:4,C50H92N1O8P1,C5H14N1O4P1,866.664,184.074
PC,PC aa C42:5,C50H90N1O8P1,C5H14N1O4P1,864.648,184.074
PC,PC aa C42:6,C50H88N1O8P1,C5H14N1O4P1,862.633,184.074
LysoPC,lysoPC a C14:0,C22H46N1O7P1,C5H14N1O4P1,468.309,184.074
LysoPC,lysoPC a C16:0,C24H50N1O7P1,C5H14N1O4P1,496.340,184.074
LysoPC,lysoPC a C16:1,C24H48N1O7P1,C5H14N1O4P1,494.325,184.074
LysoPC,lysoPC a C17:0,C25H52N1O7P1,C5H14N1O4P1,510.356,184.074
LysoPC,lysoPC a C18:0,C26H54N1O7P1,C5H14N1O4P1,524.372,184.074
LysoPC,lysoPC a C18:1,C26H52N1O7P1,C5H14N1O4P1,522.356,184.074
LysoPC,lysoPC a C18:2,C26H50N1O7P1,C5H14N1O4P1,520.340,184.074
LysoPC,lysoPC a C20:3,C28H52N1O7P1,C5H14N1O4P1,546.356,184.074
LysoPC,lysoPC a C20:4,C28H50N1O7P1,C5H14N1O4P1,544.340,184.074
LysoPC,lysoPC a C24:0,C32H66N1O7P1,C5H14N1O4P1,608.465,184.074
LysoPC,lysoPC a C26:0,C34H70N1O7P1,C5H14N1O4P1,636.497,184.074
LysoPC,lysoPC a C26:1,C34H70N1O7P1,C5H14N1O4P1,636.497,184.074
LysoPC,lysoPC a C28:0,C36H74N1O7P1,C5H14N1O4P1,664.528,184.074
LysoPC,lysoPC a C28:1,C36H72N1O7P1,C5H14N1O4P1,662.512,184.074
Acylcarnitine,C0,C7H15N1O3,C4H4O2,162.113,85.029
Acylcarnitine,C2,C9H17N1O4,C4H4O2,204.124,85.029
Acylcarnitine,C3,C10H19N1O4,C4H4O2,218.139,85.029
Acylcarnitine,C3:1,C10H17N1O4,C4H4O2,216.124,85.029
Acylcarnitine,C3-OH,C10H19N1O5,C4H4O2,234.134,85.029
Acylcarnitine,C4,C11H21N1O4,C4H4O2,232.155,85.029
Acylcarnitine,C4:1,C11H19N1O4,C4H4O2,230.139,85.029
Acylcarnitine,C4-OH,C11H21N1O5,C4H4O2,248.15,85.029
Acylcarnitine,C5,C12H23N1O4,C4H4O2,246.171,85.029
Acylcarnitine,C5:1,C12H21N1O4,C4H4O2,244.155,85.029
Acylcarnitine,C5-DC,C12H21N1O6,C4H4O2,276.145,85.029
Acylcarnitine,C5:1-DC,C12H19N1O6,C4H4O2,274.129,85.029
Acylcarnitine,C5-M-DC,C13H23N1O6,C4H4O2,290.16,85.029
Acylcarnitine,C5-OH,C12H23N1O5,C4H4O2,262.165,85.029
Acylcarnitine,C6,C13H25N1O4,C4H4O2,260.186,85.029
Acylcarnitine,C6:1,C13H23N1O4,C4H4O2,258.171,85.029
Acylcarnitine,C7-DC,C14H25N1O6,C4H4O2,304.176,85.029
Acylcarnitine,C8,C15H29N1O4,C4H4O2,288.217,85.029
Acylcarnitine,C9,C16H31N1O4,C4H4O2,302.233,85.029
Acylcarnitine,C10,C17H33N1O4,C4H4O2,316.249,85.029
Acylcarnitine,C10:1,C17H31N1O4,C4H4O2,314.233,85.029
Acylcarnitine,C10:2,C17H29N1O4,C4H4O2,312.217,85.029
Acylcarnitine,C12,C19H37N1O4,C4H4O2,344.28,85.029
Acylcarnitine,C12:1,C19H35N1O4,C4H4O2,342.264,85.029
Acylcarnitine,C12-DC,C19H35N1O6,C4H4O2,374.254,85.029
Acylcarnitine,C14,C21H41N1O4,C4H4O2,372.311,85.029
Acylcarnitine,C14:1,C21H39N1O4,C4H4O2,370.296,85.029
Acylcarnitine,C14:1-OH,C21H39N1O5,C4H4O2,386.291,85.029
Acylcarnitine,C14:2,C21H37N1O4,C4H4O2,368.28,85.029
Acylcarnitine,C14:2-OH,C21H37N1O5,C4H4O2,384.275,85.029
Acylcarnitine,C16,C23H45N1O4,C4H4O2,400.343,85.029
Acylcarnitine,C16:1,C23H43N1O4,C4H4O2,398.327,85.029
Acylcarnitine,C16:1-OH,C23H43N1O5,C4H4O2,414.322,85.029
Acylcarnitine,C16:2,C23H41N1O4,C4H4O2,396.311,85.029
Acylcarnitine,C16:2-OH,C23H41N1O5,C4H4O2,412.306,85.029
Acylcarnitine,C16-OH,C23H45N1O5,C4H4O2,416.338,85.029
Acylcarnitine,C18,C25H49N1O4,C4H4O2,428.374,85.029
Acylcarnitine,C18:1,C25H47N1O4,C4H4O2,426.358,85.029
Acylcarnitine,C18:1-OH,C25H47N1O5,C4H4O2,442.353,85.029
Acylcarnitine,C18:2,C25H45N1O4,C4H4O2,424.343,85.029
