Mass [m/z],Formula [M],Species,CS [z],Polarity,Start [min],End [min],NCE,Comment
622.444231,,,1,Positive,,,27,PC aa C24:0 (light)
650.475531,,,1,Positive,,,27,PC aa C26:0 (light)
678.506832,,,1,Positive,,,27,PC aa C28:0 (light)
676.491182,,,1,Positive,,,27,PC aa C28:1 (light)
706.538132,,,1,Positive,,,27,PC aa C30:0 (light)
704.522482,,,1,Positive,,,27,PC aa C30:1 (light)
702.506832,,,1,Positive,,,27,PC aa C30:2 (light)
734.569432,,,1,Positive,,,27,PC aa C32:0 (light)
732.553782,,,1,Positive,,,27,PC aa C32:1 (light)
730.538132,,,1,Positive,,,27,PC aa C32:2 (light)
728.522482,,,1,Positive,,,27,PC aa C32:3 (light)
762.600732,,,1,Positive,,,27,PC aa C34:0 (light)
760.585082,,,1,Positive,,,27,PC aa C34:1 (light)
758.569432,,,1,Positive,,,27,PC aa C34:2 (light)
756.553782,,,1,Positive,,,27,PC aa C34:3 (light)
754.538132,,,1,Positive,,,27,PC aa C34:4 (light)
790.632032,,,1,Positive,,,27,PC aa C36:0 (light)
788.616382,,,1,Positive,,,27,PC aa C36:1 (light)
786.600732,,,1,Positive,,,27,PC aa C36:2 (light)
784.585082,,,1,Positive,,,27,PC aa C36:3 (light)
782.569432,,,1,Positive,,,27,PC aa C36:4 (light)
780.553782,,,1,Positive,,,27,PC aa C36:5 (light)
778.538132,,,1,Positive,,,27,PC aa C36:6 (light)
818.663332,,,1,Positive,,,27,PC aa C38:0 (light)
816.647682,,,1,Positive,,,27,PC aa C38:1 (light)
814.632032,,,1,Positive,,,27,PC aa C38:2 (light)
812.616382,,,1,Positive,,,27,PC aa C38:3 (light)
810.600732,,,1,Positive,,,27,PC aa C38:4 (light)
808.585082,,,1,Positive,,,27,PC aa C38:5 (light)
806.569432,,,1,Positive,,,27,PC aa C38:6 (light)
846.694632,,,1,Positive,,,27,PC aa C40:0 (light)
844.678982,,,1,Positive,,,27,PC aa C40:1 (light)
842.663332,,,1,Positive,,,27,PC aa C40:2 (light)
840.647682,,,1,Positive,,,27,PC aa C40:3 (light)
838.632032,,,1,Positive,,,27,PC aa C40:4 (light)
836.616382,,,1,Positive,,,27,PC aa C40:5 (light)
834.600732,,,1,Positive,,,27,PC aa C40:6 (light)
874.725933,,,1,Positive,,,27,PC aa C42:0 (light)
872.710283,,,1,Positive,,,27,PC aa C42:1 (light)
870.694632,,,1,Positive,,,27,PC aa C42:2 (light)
868.678982,,,1,Positive,,,27,PC aa C42:3 (light)
866.663332,,,1,Positive,,,27,PC aa C42:4 (light)
864.647682,,,1,Positive,,,27,PC aa C42:5 (light)
862.632032,,,1,Positive,,,27,PC aa C42:6 (light)
468.308466,,,1,Positive,,,27,lysoPC a C14:0 (light)
496.339766,,,1,Positive,,,27,lysoPC a C16:0 (light)
494.324116,,,1,Positive,,,27,lysoPC a C16:1 (light)
510.355416,,,1,Positive,,,27,lysoPC a C17:0 (light)
524.371066,,,1,Positive,,,27,lysoPC a C18:0 (light)
522.355416,,,1,Positive,,,27,lysoPC a C18:1 (light)
520.339766,,,1,Positive,,,27,lysoPC a C18:2 (light)
546.355416,,,1,Positive,,,27,lysoPC a C20:3 (light)
544.339766,,,1,Positive,,,27,lysoPC a C20:4 (light)
608.464967,,,1,Positive,,,27,lysoPC a C24:0 (light)
636.496267,,,1,Positive,,,27,lysoPC a C26:0 (light)
636.496267,,,1,Positive,,,27,lysoPC a C26:1 (light)
664.527567,,,1,Positive,,,27,lysoPC a C28:0 (light)
662.511917,,,1,Positive,,,27,lysoPC a C28:1 (light)
162.112469,,,1,Positive,,,27,C0 (light)
204.123034,,,1,Positive,,,27,C2 (light)
218.138684,,,1,Positive,,,27,C3 (light)
216.123034,,,1,Positive,,,27,C3:1 (light)
234.133599,,,1,Positive,,,27,C3-OH (light)
232.154334,,,1,Positive,,,27,C4 (light)
230.138684,,,1,Positive,,,27,C4:1 (light)
248.149249,,,1,Positive,,,27,C4-OH (light)
246.169984,,,1,Positive,,,27,C5 (light)
244.154334,,,1,Positive,,,27,C5:1 (light)
276.144164,,,1,Positive,,,27,C5-DC (light)
274.128513,,,1,Positive,,,27,C5:1-DC (light)
290.159814,,,1,Positive,,,27,C5-M-DC (light)
262.164899,,,1,Positive,,,27,C5-OH (light)
260.185634,,,1,Positive,,,27,C6 (light)
258.169984,,,1,Positive,,,27,C6:1 (light)
304.175464,,,1,Positive,,,27,C7-DC (light)
288.216935,,,1,Positive,,,27,C8 (light)
302.232585,,,1,Positive,,,27,C9 (light)
316.248235,,,1,Positive,,,27,C10 (light)
314.232585,,,1,Positive,,,27,C10:1 (light)
312.216935,,,1,Positive,,,27,C10:2 (light)
344.279535,,,1,Positive,,,27,C12 (light)
342.263885,,,1,Positive,,,27,C12:1 (light)
374.253714,,,1,Positive,,,27,C12-DC (light)
372.310835,,,1,Positive,,,27,C14 (light)
370.295185,,,1,Positive,,,27,C14:1 (light)
386.2901,,,1,Positive,,,27,C14:1-OH (light)
368.279535,,,1,Positive,,,27,C14:2 (light)
384.274449,,,1,Positive,,,27,C14:2-OH (light)
400.342135,,,1,Positive,,,27,C16 (light)
398.326485,,,1,Positive,,,27,C16:1 (light)
414.3214,,,1,Positive,,,27,C16:1-OH (light)
396.310835,,,1,Positive,,,27,C16:2 (light)
412.30575,,,1,Positive,,,27,C16:2-OH (light)
416.33705,,,1,Positive,,,27,C16-OH (light)
428.373435,,,1,Positive,,,27,C18 (light)
426.357785,,,1,Positive,,,27,C18:1 (light)
442.3527,,,1,Positive,,,27,C18:1-OH (light)
424.342135,,,1,Positive,,,27,C18:2 (light)
