491.591668,748.410049,20,YAL021C.DNRPEIPLPHER.+3y6.light,80,21.6
491.591668,538.273221,20,YAL021C.DNRPEIPLPHER.+3y4.light,80,21.6
491.591668,612.273615,20,YAL021C.DNRPEIPLPHER.+3b5.light,80,21.6
491.591668,725.357679,20,YAL021C.DNRPEIPLPHER.+3b6.light,80,21.6
491.591668,935.494506,20,YAL021C.DNRPEIPLPHER.+3b8.light,80,21.6
709.849155,916.411899,20,YAL021C.FIEINTDGEPQR.+2y8.light,80,33.8
709.849155,586.29435,20,YAL021C.FIEINTDGEPQR.+2y5.light,80,33.8
709.849155,400.230293,20,YAL021C.FIEINTDGEPQR.+2y3.light,80,33.8
709.849155,390.202347,20,YAL021C.FIEINTDGEPQR.+2b3.light,80,33.8
709.849155,1019.468017,20,YAL021C.FIEINTDGEPQR.+2b9.light,80,33.8
565.790715,993.515242,20,YAL021C.HGYTGIFHAK.+2y9.light,80,26.7
565.790715,936.493778,20,YAL021C.HGYTGIFHAK.+2y8.light,80,26.7
565.790715,773.43045,20,YAL021C.HGYTGIFHAK.+2y7.light,80,26.7
565.790715,502.277243,20,YAL021C.HGYTGIFHAK.+2y4.light,80,26.7
565.790715,776.3726,20,YAL021C.HGYTGIFHAK.+2b7.light,80,26.7
651.296421,1105.464388,20,YAL022C.VPEQLDNDDEK.+2y9.light,80,30.9
651.296421,848.363218,20,YAL022C.VPEQLDNDDEK.+2y7.light,80,30.9
651.296421,735.279154,20,YAL022C.VPEQLDNDDEK.+2y6.light,80,30.9
651.296421,620.25221,20,YAL022C.VPEQLDNDDEK.+2y5.light,80,30.9
651.296421,1026.437445,20,YAL022C.VPEQLDNDDEK.+2b9.light,80,30.9
788.388782,1309.668783,20,YAL023C.HEFYHDVHPPLGK.+2y11.light,80,37.6
788.388782,747.451185,20,YAL023C.HEFYHDVHPPLGK.+2y7.light,80,37.6
788.388782,511.323859,20,YAL023C.HEFYHDVHPPLGK.+2y5.light,80,37.6
788.388782,829.326378,20,YAL023C.HEFYHDVHPPLGK.+2b6.light,80,37.6
788.388782,1065.453704,20,YAL023C.HEFYHDVHPPLGK.+2b8.light,80,37.6
594.845353,960.572423,20,YAL023C.DIALGSSVVSIK.+2y10.light,80,28.1
594.845353,889.535309,20,YAL023C.DIALGSSVVSIK.+2y9.light,80,28.1
594.845353,347.228896,20,YAL023C.DIALGSSVVSIK.+2y3.light,80,28.1
594.845353,300.155397,20,YAL023C.DIALGSSVVSIK.+2b3.light,80,28.1
594.845353,413.239461,20,YAL023C.DIALGSSVVSIK.+2b4.light,80,28.1
663.808976,1083.525155,20,YAL025C.NEYNVTGLC[CAM]TR.+2y9.light,80,31.5
663.808976,707.350485,20,YAL025C.NEYNVTGLC[CAM]TR.+2y6.light,80,31.5
663.808976,606.302807,20,YAL025C.NEYNVTGLC[CAM]TR.+2y5.light,80,31.5
663.808976,436.197279,20,YAL025C.NEYNVTGLC[CAM]TR.+2y3.light,80,31.5
663.808976,620.267467,20,YAL025C.NEYNVTGLC[CAM]TR.+2b5.light,80,31.5
435.745245,733.424302,20,YAL025C.HYVGVAPK.+2y7.light,80,20.4
435.745245,570.360973,20,YAL025C.HYVGVAPK.+2y6.light,80,20.4
435.745245,301.129516,20,YAL025C.HYVGVAPK.+2b2.light,80,20.4
435.745245,400.19793,20,YAL025C.HYVGVAPK.+2b3.light,80,20.4
435.745245,627.324922,20,YAL025C.HYVGVAPK.+2b6.light,80,20.4
742.836245,1209.538222,20,YAL026C.GFAFSQAEEGGQEK.+2y11.light,80,35.4
742.836245,1062.469808,20,YAL026C.GFAFSQAEEGGQEK.+2y10.light,80,35.4
742.836245,776.342088,20,YAL026C.GFAFSQAEEGGQEK.+2y7.light,80,35.4
742.836245,518.256902,20,YAL026C.GFAFSQAEEGGQEK.+2y5.light,80,35.4
742.836245,709.330401,20,YAL026C.GFAFSQAEEGGQEK.+2b7.light,80,35.4
777.917372,1174.64665,20,YAL027W.VGHSTDFQINVLPK.+2y10.light,80,37.1
777.917372,958.572029,20,YAL027W.VGHSTDFQINVLPK.+2y8.light,80,37.1
777.917372,985.473771,20,YAL027W.VGHSTDFQINVLPK.+2b9.light,80,37.1
777.917372,1198.585112,20,YAL027W.VGHSTDFQINVLPK.+2b11.light,80,37.1
777.917372,1311.669176,20,YAL027W.VGHSTDFQINVLPK.+2b12.light,80,37.1
1052.026899,1312.696788,20,YAL027W.LFAGADTDNAVTSHIQSVTR.+2y12.light,80,50.5
1052.026899,1127.616747,20,YAL027W.LFAGADTDNAVTSHIQSVTR.+2y10.light,80,50.5
1052.026899,927.500654,20,YAL027W.LFAGADTDNAVTSHIQSVTR.+2y8.light,80,50.5
1052.026899,840.468626,20,YAL027W.LFAGADTDNAVTSHIQSVTR.+2y7.light,80,50.5
1052.026899,1513.728148,20,YAL027W.LFAGADTDNAVTSHIQSVTR.+2b15.light,80,50.5
509.771134,787.467229,20,YAL029C.AC[CAM]GVLETIR.+2y7.light,80,24
509.771134,631.377351,20,YAL029C.AC[CAM]GVLETIR.+2y5.light,80,24
509.771134,518.293287,20,YAL029C.AC[CAM]GVLETIR.+2y4.light,80,24
509.771134,388.164916,20,YAL029C.AC[CAM]GVLETIR.+2b4.light,80,24
509.771134,501.24898,20,YAL029C.AC[CAM]GVLETIR.+2b5.light,80,24
813.956694,1058.547664,20,YAL029C.LTQLLQGDLSNIPSK.+2y10.light,80,38.9
813.956694,930.489087,20,YAL029C.LTQLLQGDLSNIPSK.+2y9.light,80,38.9
813.956694,331.197596,20,YAL029C.LTQLLQGDLSNIPSK.+2y3.light,80,38.9
813.956694,569.365724,20,YAL029C.LTQLLQGDLSNIPSK.+2b5.light,80,38.9
813.956694,1296.715792,20,YAL029C.LTQLLQGDLSNIPSK.+2b12.light,80,38.9
896.490567,1351.673987,20,YAL029C.LTLIYLNDLENETLK.+2y11.light,80,42.9
896.490567,1188.610659,20,YAL029C.LTLIYLNDLENETLK.+2y10.light,80,42.9
896.490567,1075.526595,20,YAL029C.LTLIYLNDLENETLK.+2y9.light,80,42.9
896.490567,733.37266,20,YAL029C.LTLIYLNDLENETLK.+2y6.light,80,42.9
896.490567,604.330067,20,YAL029C.LTLIYLNDLENETLK.+2y5.light,80,42.9
881.438008,1148.5616,20,YAL030W.TAELQAEIDDTVGIMR.+2y10.light,80,42.2
881.438008,906.434943,20,YAL030W.TAELQAEIDDTVGIMR.+2y8.light,80,42.2
881.438008,476.264964,20,YAL030W.TAELQAEIDDTVGIMR.+2y4.light,80,42.2
881.438008,856.441074,20,YAL030W.TAELQAEIDDTVGIMR.+2b8.light,80,42.2
881.438008,1456.71658,20,YAL030W.TAELQAEIDDTVGIMR.+2b14.light,80,42.2
