450.761092,716.39373,20,YGL234W.LAQSPTVGK.+2y7.light,64,21.4
450.761092,588.335152,20,YGL234W.LAQSPTVGK.+2y6.light,64,21.4
450.761092,501.303124,20,YGL234W.LAQSPTVGK.+2y5.light,64,21.4
450.761092,185.128454,20,YGL234W.LAQSPTVGK.+2b2.light,64,21.4
450.761092,697.387916,20,YGL234W.LAQSPTVGK.+2b7.light,64,21.4
618.291139,879.405417,20,YIL075C.LDQDSTSENVK.+2y8.light,76.2,31
618.291139,764.378474,20,YIL075C.LDQDSTSENVK.+2y7.light,76.2,31
618.291139,677.346445,20,YIL075C.LDQDSTSENVK.+2y6.light,76.2,31
618.291139,576.298767,20,YIL075C.LDQDSTSENVK.+2y5.light,76.2,31
618.291139,472.203804,20,YIL075C.LDQDSTSENVK.+2b4.light,76.2,31
668.328587,803.400606,20,YEL032W.STASSVNATPSSAR.+2y8.light,79.8,33.8
668.328587,689.357679,20,YEL032W.STASSVNATPSSAR.+2y7.light,79.8,33.8
668.328587,618.320565,20,YEL032W.STASSVNATPSSAR.+2y6.light,79.8,33.8
668.328587,517.272886,20,YEL032W.STASSVNATPSSAR.+2y5.light,79.8,33.8
668.328587,819.384287,20,YEL032W.STASSVNATPSSAR.+2b9.light,79.8,33.8
819.375408,1075.537828,20,YFL038C.ESMSQQNLNETTQK.+2y9.light,90.8,42.4
819.375408,947.47925,20,YFL038C.ESMSQQNLNETTQK.+2y8.light,90.8,42.4
819.375408,720.352259,20,YFL038C.ESMSQQNLNETTQK.+2y6.light,90.8,42.4
819.375408,606.309331,20,YFL038C.ESMSQQNLNETTQK.+2y5.light,90.8,42.4
819.375408,477.266738,20,YFL038C.ESMSQQNLNETTQK.+2y4.light,90.8,42.4
582.298767,920.468351,20,YOR204W.VGSTSENITQK.+2y8.light,73.6,28.9
582.298767,819.420673,20,YOR204W.VGSTSENITQK.+2y7.light,73.6,28.9
582.298767,732.388644,20,YOR204W.VGSTSENITQK.+2y6.light,73.6,28.9
582.298767,603.346051,20,YOR204W.VGSTSENITQK.+2y5.light,73.6,28.9
582.298767,376.21906,20,YOR204W.VGSTSENITQK.+2y3.light,73.6,28.9
903.936164,1292.58994,20,YOR153W.TLTAQSMQNSTQSAPNK.+2y12.light,97,47.3
903.936164,1074.517427,20,YOR153W.TLTAQSMQNSTQSAPNK.+2y10.light,97,47.3
903.936164,516.277637,20,YOR153W.TLTAQSMQNSTQSAPNK.+2y5.light,97,47.3
903.936164,358.208495,20,YOR153W.TLTAQSMQNSTQSAPNK.+2y3.light,97,47.3
903.936164,1449.663833,20,YOR153W.TLTAQSMQNSTQSAPNK.+2b14.light,97,47.3
545.27476,862.415253,20,YKL196C.VQQELDETK.+2y7.light,70.9,26.8
545.27476,734.356676,20,YKL196C.VQQELDETK.+2y6.light,70.9,26.8
545.27476,492.230018,20,YKL196C.VQQELDETK.+2y4.light,70.9,26.8
545.27476,228.134267,20,YKL196C.VQQELDETK.+2b2.light,70.9,26.8
545.27476,842.389038,20,YKL196C.VQQELDETK.+2b7.light,70.9,26.8
795.902116,1222.590986,20,YDR233C.TAPVSSTAGPQTASTSK.+2y13.light,89.1,41.1
795.902116,947.47925,20,YDR233C.TAPVSSTAGPQTASTSK.+2y10.light,89.1,41.1
795.902116,876.442137,20,YDR233C.TAPVSSTAGPQTASTSK.+2y9.light,89.1,41.1
795.902116,819.420673,20,YDR233C.TAPVSSTAGPQTASTSK.+2y8.light,89.1,41.1
795.902116,715.362095,20,YDR233C.TAPVSSTAGPQTASTSK.+2b8.light,89.1,41.1
618.801339,1050.49496,20,YCR053W.VSNEETSETIK.+2y9.light,76.2,31
618.801339,936.452033,20,YCR053W.VSNEETSETIK.+2y8.light,76.2,31
618.801339,807.409439,20,YCR053W.VSNEETSETIK.+2y7.light,76.2,31
618.801339,678.366846,20,YCR053W.VSNEETSETIK.+2y6.light,76.2,31
618.801339,577.319168,20,YCR053W.VSNEETSETIK.+2y5.light,76.2,31
956.429954,1249.601885,20,YBR086C.SSAESSNATNNNTLGTESK.+2y12.light,100.8,50.3
956.429954,1178.564771,20,YBR086C.SSAESSNATNNNTLGTESK.+2y11.light,100.8,50.3
956.429954,1077.517092,20,YBR086C.SSAESSNATNNNTLGTESK.+2y10.light,100.8,50.3
956.429954,634.340632,20,YBR086C.SSAESSNATNNNTLGTESK.+2y6.light,100.8,50.3
956.429954,521.256568,20,YBR086C.SSAESSNATNNNTLGTESK.+2y5.light,100.8,50.3
769.376265,1037.485792,20,YML057W.ASTVAAANSTATETSR.+2y10.light,87.2,39.6
769.376265,966.448679,20,YML057W.ASTVAAANSTATETSR.+2y9.light,87.2,39.6
769.376265,852.405751,20,YML057W.ASTVAAANSTATETSR.+2y8.light,87.2,39.6
769.376265,593.28893,20,YML057W.ASTVAAANSTATETSR.+2y5.light,87.2,39.6
769.376265,492.241252,20,YML057W.ASTVAAANSTATETSR.+2y4.light,87.2,39.6
915.79323,919.455344,20,YAL003W.SIVTLDVKPWDDETNLEEMVANVK.+3y8.light,97.9,35.5
915.79323,790.412751,20,YAL003W.SIVTLDVKPWDDETNLEEMVANVK.+3y7.light,97.9,35.5
915.79323,530.329673,20,YAL003W.SIVTLDVKPWDDETNLEEMVANVK.+3y5.light,97.9,35.5
915.79323,431.261259,20,YAL003W.SIVTLDVKPWDDETNLEEMVANVK.+3y4.light,97.9,35.5
915.79323,360.224145,20,YAL003W.SIVTLDVKPWDDETNLEEMVANVK.+3y3.light,97.9,35.5
805.755834,731.445037,20,YAL003W.AIEMEGLTWGAHQFIPIGFGIK.+3y7.light,89.9,32.1
805.755834,574.254125,20,YAL003W.AIEMEGLTWGAHQFIPIGFGIK.+3b5.light,89.9,32.1
805.755834,744.359652,20,YAL003W.AIEMEGLTWGAHQFIPIGFGIK.+3b7.light,89.9,32.1
805.755834,1031.486644,20,YAL003W.AIEMEGLTWGAHQFIPIGFGIK.+3b9.light,89.9,32.1
805.755834,1159.545222,20,YAL003W.AIEMEGLTWGAHQFIPIGFGIK.+3b11.light,89.9,32.1
553.969922,779.429781,20,YAL005C.IINEPTAAAIAYGLDK.+3y7.light,71.5,24.3
553.969922,666.345717,20,YAL005C.IINEPTAAAIAYGLDK.+3y6.light,71.5,24.3
553.969922,595.308603,20,YAL005C.IINEPTAAAIAYGLDK.+3y5.light,71.5,24.3
553.969922,432.245275,20,YAL005C.IINEPTAAAIAYGLDK.+3y4.light,71.5,24.3
553.969922,881.472708,20,YAL005C.IINEPTAAAIAYGLDK.+3b9.light,71.5,24.3
989.820502,887.462144,20,YAL005C.TLSSSAQTSVEIDSLFEGIDFYTSITR.+3y7.light,103.3,37.8
989.820502,740.39373,20,YAL005C.TLSSSAQTSVEIDSLFEGIDFYTSITR.+3y6.light,103.3,37.8
989.820502,577.330401,20,YAL005C.TLSSSAQTSVEIDSLFEGIDFYTSITR.+3y5.light,103.3,37.8
989.820502,476.282723,20,YAL005C.TLSSSAQTSVEIDSLFEGIDFYTSITR.+3y4.light,103.3,37.8
989.820502,962.478916,20,YAL005C.TLSSSAQTSVEIDSLFEGIDFYTSITR.+3b10.light,103.3,37.8
