610.817127,807.435929,20,YAL030W.ADNLAVSAQGFK.+2y8.light,80,28.9
610.817127,736.398815,20,YAL030W.ADNLAVSAQGFK.+2y7.light,80,28.9
610.817127,637.330401,20,YAL030W.ADNLAVSAQGFK.+2y6.light,80,28.9
610.817127,301.11426,20,YAL030W.ADNLAVSAQGFK.+2b3.light,80,28.9
610.817127,414.198324,20,YAL030W.ADNLAVSAQGFK.+2b4.light,80,28.9
669.302038,993.4636,20,YAL032C.SEQPDLQYDSR.+2y8.light,80,31.8
669.302038,540.241252,20,YAL032C.SEQPDLQYDSR.+2y4.light,80,31.8
669.302038,262.15098,20,YAL032C.SEQPDLQYDSR.+2y2.light,80,31.8
669.302038,345.140475,20,YAL032C.SEQPDLQYDSR.+2b3.light,80,31.8
669.302038,798.362824,20,YAL032C.SEQPDLQYDSR.+2b7.light,80,31.8
1290.616275,1693.879563,20,YAL032C.HEDQVYDNPLFVQQDIESIYK.+2y14.light,80,62.2
1290.616275,1579.836636,20,YAL032C.HEDQVYDNPLFVQQDIESIYK.+2y13.light,80,62.2
1290.616275,1369.699808,20,YAL032C.HEDQVYDNPLFVQQDIESIYK.+2y11.light,80,62.2
1290.616275,887.352987,20,YAL032C.HEDQVYDNPLFVQQDIESIYK.+2b7.light,80,62.2
1290.616275,1457.66957,20,YAL032C.HEDQVYDNPLFVQQDIESIYK.+2b12.light,80,62.2
751.865336,927.504677,20,YAL032C.SEGASGSHGPIQFTK.+2y8.light,80,35.8
751.865336,790.445765,20,YAL032C.SEGASGSHGPIQFTK.+2y7.light,80,35.8
751.865336,523.287474,20,YAL032C.SEGASGSHGPIQFTK.+2y4.light,80,35.8
751.865336,713.284908,20,YAL032C.SEGASGSHGPIQFTK.+2b8.light,80,35.8
751.865336,980.443199,20,YAL032C.SEGASGSHGPIQFTK.+2b11.light,80,35.8
596.296224,989.489815,20,YAL035W.TTQENASEAIK.+2y9.light,80,28.2
596.296224,861.431238,20,YAL035W.TTQENASEAIK.+2y8.light,80,28.2
596.296224,732.388644,20,YAL035W.TTQENASEAIK.+2y7.light,80,28.2
596.296224,547.308603,20,YAL035W.TTQENASEAIK.+2y5.light,80,28.2
596.296224,1045.479644,20,YAL035W.TTQENASEAIK.+2b10.light,80,28.2
778.881618,1099.556455,20,YAL035W.SPIC[CAM]C[CAM]ILGHVDTGK.+2y10.light,80,37.2
778.881618,826.441743,20,YAL035W.SPIC[CAM]C[CAM]ILGHVDTGK.+2y8.light,80,37.2
778.881618,713.357679,20,YAL035W.SPIC[CAM]C[CAM]ILGHVDTGK.+2y7.light,80,37.2
778.881618,656.336215,20,YAL035W.SPIC[CAM]C[CAM]ILGHVDTGK.+2y6.light,80,37.2
778.881618,1252.58129,20,YAL035W.SPIC[CAM]C[CAM]ILGHVDTGK.+2b11.light,80,37.2
504.813659,824.498864,20,YAL035W.ALLTPQPLR.+2y7.light,80,23.7
504.813659,711.4148,20,YAL035W.ALLTPQPLR.+2y6.light,80,23.7
504.813659,610.367121,20,YAL035W.ALLTPQPLR.+2y5.light,80,23.7
504.813659,185.128454,20,YAL035W.ALLTPQPLR.+2b2.light,80,23.7
504.813659,399.260196,20,YAL035W.ALLTPQPLR.+2b4.light,80,23.7
549.937281,724.398815,20,YAL035W.HVDENDTLYSLVSR.+3y6.light,80,24.4
549.937281,474.303458,20,YAL035W.HVDENDTLYSLVSR.+3y4.light,80,24.4
549.937281,361.219394,20,YAL035W.HVDENDTLYSLVSR.+3y3.light,80,24.4
549.937281,811.321687,20,YAL035W.HVDENDTLYSLVSR.+3b7.light,80,24.4
549.937281,924.405751,20,YAL035W.HVDENDTLYSLVSR.+3b8.light,80,24.4
493.920791,778.372994,20,YDL229W.VTPSFVAFTPEER.+3y6.light,80,21.7
493.920791,530.256902,20,YDL229W.VTPSFVAFTPEER.+3y4.light,80,21.7
493.920791,201.123368,20,YDL229W.VTPSFVAFTPEER.+3b2.light,80,21.7
493.920791,631.344989,20,YDL229W.VTPSFVAFTPEER.+3b6.light,80,21.7
493.920791,702.382102,20,YDL229W.VTPSFVAFTPEER.+3b7.light,80,21.7
517.941086,749.422587,20,YDL229W.TFSPQEISAMVLTK.+3y7.light,80,22.9
517.941086,662.390559,20,YDL229W.TFSPQEISAMVLTK.+3y6.light,80,22.9
517.941086,591.353445,20,YDL229W.TFSPQEISAMVLTK.+3y5.light,80,22.9
517.941086,690.309331,20,YDL229W.TFSPQEISAMVLTK.+3b6.light,80,22.9
517.941086,803.393395,20,YDL229W.TFSPQEISAMVLTK.+3b7.light,80,22.9
722.710725,846.456724,20,YDL229W.LESYVASIEQTVTDPVLSSK.+3y8.light,80,32.7
722.710725,745.409046,20,YDL229W.LESYVASIEQTVTDPVLSSK.+3y7.light,80,32.7
722.710725,630.382102,20,YDL229W.LESYVASIEQTVTDPVLSSK.+3y6.light,80,32.7
722.710725,663.334818,20,YDL229W.LESYVASIEQTVTDPVLSSK.+3b6.light,80,32.7
722.710725,863.45091,20,YDL229W.LESYVASIEQTVTDPVLSSK.+3b8.light,80,32.7
678.316634,1111.501442,20,YDL236W.LMGYESLGGADSR.+2y11.light,80,32.2
678.316634,891.41665,20,YDL236W.LMGYESLGGADSR.+2y9.light,80,32.2
678.316634,762.374057,20,YDL236W.LMGYESLGGADSR.+2y8.light,80,32.2
678.316634,562.257965,20,YDL236W.LMGYESLGGADSR.+2y6.light,80,32.2
678.316634,262.15098,20,YDL236W.LMGYESLGGADSR.+2y2.light,80,32.2
939.455047,1439.716521,20,YDL236W.DSVHFVGTNVDSTFPQK.+2y13.light,80,45
939.455047,1292.648107,20,YDL236W.DSVHFVGTNVDSTFPQK.+2y12.light,80,45
939.455047,1193.579693,20,YDL236W.DSVHFVGTNVDSTFPQK.+2y11.light,80,45
939.455047,586.261987,20,YDL236W.DSVHFVGTNVDSTFPQK.+2b5.light,80,45
939.455047,685.330401,20,YDL236W.DSVHFVGTNVDSTFPQK.+2b6.light,80,45
683.348457,804.409774,20,YDL236W.LGDIYTLTNNEL.+2y7.light,80,32.5
683.348457,703.362095,20,YDL236W.LGDIYTLTNNEL.+2y6.light,80,32.5
683.348457,590.278031,20,YDL236W.LGDIYTLTNNEL.+2y5.light,80,32.5
683.348457,562.287139,20,YDL236W.LGDIYTLTNNEL.+2b5.light,80,32.5
683.348457,776.418882,20,YDL236W.LGDIYTLTNNEL.+2b7.light,80,32.5
1105.588801,1029.546267,20,YDL237W.ILAVGHNEAYLDPVELTLDK.+2y9.light,80,53.2
1105.588801,914.519324,20,YDL237W.ILAVGHNEAYLDPVELTLDK.+2y8.light,80,53.2
1105.588801,1068.54727,20,YDL237W.ILAVGHNEAYLDPVELTLDK.+2b10.light,80,53.2
1105.588801,1181.631334,20,YDL237W.ILAVGHNEAYLDPVELTLDK.+2b11.light,80,53.2
1105.588801,1296.658277,20,YDL237W.ILAVGHNEAYLDPVELTLDK.+2b12.light,80,53.2
