859.760807,836.399603,20,YAL005C.SINPDEAVAYGAAVQAAILTGDESSK.+3y8.light,93.8,33.7
859.760807,723.315539,20,YAL005C.SINPDEAVAYGAAVQAAILTGDESSK.+3y7.light,93.8,33.7
859.760807,622.267861,20,YAL005C.SINPDEAVAYGAAVQAAILTGDESSK.+3y6.light,93.8,33.7
859.760807,826.394124,20,YAL005C.SINPDEAVAYGAAVQAAILTGDESSK.+3b8.light,93.8,33.7
859.760807,1060.494566,20,YAL005C.SINPDEAVAYGAAVQAAILTGDESSK.+3b10.light,93.8,33.7
975.782999,1243.627706,20,YAL007C.TLTDEHEADVNNDDIIANNAVEEIDR.+3y11.light,102.3,37.3
975.782999,1130.543642,20,YAL007C.TLTDEHEADVNNDDIIANNAVEEIDR.+3y10.light,102.3,37.3
975.782999,1059.506528,20,YAL007C.TLTDEHEADVNNDDIIANNAVEEIDR.+3y9.light,102.3,37.3
975.782999,760.383559,20,YAL007C.TLTDEHEADVNNDDIIANNAVEEIDR.+3y6.light,102.3,37.3
975.782999,661.315145,20,YAL007C.TLTDEHEADVNNDDIIANNAVEEIDR.+3y5.light,102.3,37.3
882.129165,1235.688181,20,YAL012W.AIHAGEHVDVHGSVIEPISLSTTFK.+3y11.light,95.4,34.4
882.129165,1122.604117,20,YAL012W.AIHAGEHVDVHGSVIEPISLSTTFK.+3y10.light,95.4,34.4
882.129165,993.561523,20,YAL012W.AIHAGEHVDVHGSVIEPISLSTTFK.+3y9.light,95.4,34.4
882.129165,696.392667,20,YAL012W.AIHAGEHVDVHGSVIEPISLSTTFK.+3y6.light,95.4,34.4
882.129165,930.442805,20,YAL012W.AIHAGEHVDVHGSVIEPISLSTTFK.+3b9.light,95.4,34.4
870.45717,1053.630272,20,YAL012W.VANAHGVETSFTNDLLNDLPQLIK.+3y9.light,94.6,34.1
870.45717,940.546208,20,YAL012W.VANAHGVETSFTNDLLNDLPQLIK.+3y8.light,94.6,34.1
870.45717,826.50328,20,YAL012W.VANAHGVETSFTNDLLNDLPQLIK.+3y7.light,94.6,34.1
870.45717,598.392273,20,YAL012W.VANAHGVETSFTNDLLNDLPQLIK.+3y5.light,94.6,34.1
870.45717,778.384228,20,YAL012W.VANAHGVETSFTNDLLNDLPQLIK.+3b8.light,94.6,34.1
651.856252,960.551293,20,YAL012W.ENVVAVNYPGLK.+2y9.light,78.6,32.9
651.856252,861.482879,20,YAL012W.ENVVAVNYPGLK.+2y8.light,78.6,32.9
651.856252,790.445765,20,YAL012W.ENVVAVNYPGLK.+2y7.light,78.6,32.9
651.856252,691.377351,20,YAL012W.ENVVAVNYPGLK.+2y6.light,78.6,32.9
651.856252,414.271095,20,YAL012W.ENVVAVNYPGLK.+2y4.light,78.6,32.9
510.777273,907.463206,20,YAL013W.LYDNQLVR.+2y7.light,68.4,24.8
510.777273,744.399878,20,YAL013W.LYDNQLVR.+2y6.light,68.4,24.8
510.777273,629.372935,20,YAL013W.LYDNQLVR.+2y5.light,68.4,24.8
510.777273,274.187366,20,YAL013W.LYDNQLVR.+2y2.light,68.4,24.8
510.777273,277.154669,20,YAL013W.LYDNQLVR.+2b2.light,68.4,24.8
686.85698,1145.579693,20,YAL013W.LNNEISDLEGLR.+2y10.light,81.2,34.9
686.85698,902.494172,20,YAL013W.LNNEISDLEGLR.+2y8.light,81.2,34.9
686.85698,789.410108,20,YAL013W.LNNEISDLEGLR.+2y7.light,81.2,34.9
686.85698,474.267073,20,YAL013W.LNNEISDLEGLR.+2y4.light,81.2,34.9
686.85698,345.22448,20,YAL013W.LNNEISDLEGLR.+2y3.light,81.2,34.9
582.298373,838.478128,20,YAL013W.YFHSFPGAPELNPLR.+3y7.light,73.6,25.1
582.298373,612.382771,20,YAL013W.YFHSFPGAPELNPLR.+3y5.light,73.6,25.1
582.298373,499.298707,20,YAL013W.YFHSFPGAPELNPLR.+3y4.light,73.6,25.1
582.298373,385.25578,20,YAL013W.YFHSFPGAPELNPLR.+3y3.light,73.6,25.1
582.298373,907.409714,20,YAL013W.YFHSFPGAPELNPLR.+3b8.light,73.6,25.1
696.401981,1131.644208,20,YAL016W.FLAVDC[CAM]LISILK.+2y10.light,81.9,35.4
696.401981,1060.607094,20,YAL016W.FLAVDC[CAM]LISILK.+2y9.light,81.9,35.4
696.401981,961.53868,20,YAL016W.FLAVDC[CAM]LISILK.+2y8.light,81.9,35.4
696.401981,460.31296,20,YAL016W.FLAVDC[CAM]LISILK.+2y4.light,81.9,35.4
696.401981,932.491001,20,YAL016W.FLAVDC[CAM]LISILK.+2b8.light,81.9,35.4
637.36117,1013.562586,20,YAL016W.FLNDPSIILNK.+2y9.light,77.6,32.1
637.36117,899.519659,20,YAL016W.FLNDPSIILNK.+2y8.light,77.6,32.1
637.36117,784.492716,20,YAL016W.FLNDPSIILNK.+2y7.light,77.6,32.1
637.36117,261.155731,20,YAL016W.FLNDPSIILNK.+2y2.light,77.6,32.1
637.36117,490.229624,20,YAL016W.FLNDPSIILNK.+2b4.light,77.6,32.1
693.895574,1073.583716,20,YAL017W.SLLNLLNETLEK.+2y9.light,81.7,35.3
693.895574,959.540788,20,YAL017W.SLLNLLNETLEK.+2y8.light,81.7,35.3
693.895574,846.456724,20,YAL017W.SLLNLLNETLEK.+2y7.light,81.7,35.3
693.895574,733.37266,20,YAL017W.SLLNLLNETLEK.+2y6.light,81.7,35.3
693.895574,541.334424,20,YAL017W.SLLNLLNETLEK.+2b5.light,81.7,35.3
589.815541,894.475351,20,YAL017W.NGLLVC[CAM]VFEK.+2y7.light,74.1,29.4
589.815541,781.391287,20,YAL017W.NGLLVC[CAM]VFEK.+2y6.light,74.1,29.4
589.815541,682.322873,20,YAL017W.NGLLVC[CAM]VFEK.+2y5.light,74.1,29.4
589.815541,285.155731,20,YAL017W.NGLLVC[CAM]VFEK.+2b3.light,74.1,29.4
589.815541,398.239795,20,YAL017W.NGLLVC[CAM]VFEK.+2b4.light,74.1,29.4
636.979034,674.371932,20,YAL017W.ENPFYNIDEILEGDLK.+3y6.light,77.6,26.8
636.979034,561.287868,20,YAL017W.ENPFYNIDEILEGDLK.+3y5.light,77.6,26.8
636.979034,432.245275,20,YAL017W.ENPFYNIDEILEGDLK.+3y4.light,77.6,26.8
636.979034,651.277303,20,YAL017W.ENPFYNIDEILEGDLK.+3b5.light,77.6,26.8
636.979034,1235.557895,20,YAL017W.ENPFYNIDEILEGDLK.+3b10.light,77.6,26.8
678.823137,732.399878,20,YAL019W.SYESSATQLGSAR.+2y7.light,80.6,34.4
678.823137,503.293622,20,YAL019W.SYESSATQLGSAR.+2y5.light,80.6,34.4
678.823137,390.209558,20,YAL019W.SYESSATQLGSAR.+2y4.light,80.6,34.4
678.823137,967.436717,20,YAL019W.SYESSATQLGSAR.+2b9.light,80.6,34.4
678.823137,1024.458181,20,YAL019W.SYESSATQLGSAR.+2b10.light,80.6,34.4
547.298038,873.504009,20,YAL019W.GYNAIESVIK.+2y8.light,71,26.9
547.298038,688.423967,20,YAL019W.GYNAIESVIK.+2y6.light,71,26.9
547.298038,575.339903,20,YAL019W.GYNAIESVIK.+2y5.light,71,26.9
547.298038,519.256174,20,YAL019W.GYNAIESVIK.+2b5.light,71,26.9
547.298038,947.483273,20,YAL019W.GYNAIESVIK.+2b9.light,71,26.9
