peptideModSeq	precursorCharge	position	mass
AAAGELQEDSGLC[+57.0215]VLAR	2	13	57.021464
AC[+57.0215]NAIEDAQSTR	2	2	57.021464
AC[+57.0215]TDESLAVEER	2	2	57.021464
AEEEAQSLFVTEC[+57.0215]IK	2	13	57.021464
AGC[+57.0215]DEIWEK	2	3	57.021464
AGEGTYALDSESC[+57.0215]MEK	2	13	57.021464
ALKEITTFEGC[+57.0215]K	2	11	57.021464
ALLESMVDAAENLC[+57.0215]PNVMK	3	14	57.021464
ANVIANINNC[+57.0215]LSFR	3	10	57.021464
AQDSAAYAIQELLSIYDC[+57.0215]R	3	18	57.021464
AQEGLC[+57.0215]LIGDHLLLR	2	6	57.021464
AQEGLC[+57.0215]LIGDHLLLR	3	6	57.021464
AQQMHTGPVLDVC[+57.0215]WSDDGSK	3	13	57.021464
AVDQVC[+57.0215]TFLFK	2	6	57.021464
AVITC[+57.0215]YDTETR	2	5	57.021464
C[+57.0215]C[+57.0215]LTYC[+57.0215]FNKPEDK	3	1	57.021464
C[+57.0215]C[+57.0215]LTYC[+57.0215]FNKPEDK	3	2	57.021464
C[+57.0215]C[+57.0215]LTYC[+57.0215]FNKPEDK	3	6	57.021464
C[+57.0215]DEILMEEIK	2	1	57.021464
C[+57.0215]EAVVADVLDK	2	1	57.021464
C[+57.0215]EVFDDEEESK	2	1	57.021464
C[+57.0215]FNTLTNSFQPSLLGR	3	1	57.021464
C[+57.0215]HTTHSMALIHNR	2	1	57.021464
C[+57.0215]IFYDTEHLK	2	1	57.021464
C[+57.0215]ITDPQTGLC[+57.0215]LLPLK	3	1	57.021464
C[+57.0215]ITDPQTGLC[+57.0215]LLPLK	3	10	57.021464
C[+57.0215]LDALAALR	2	1	57.021464
C[+57.0215]LIELEPVLR	2	1	57.021464
C[+57.0215]LLDTFK	2	1	57.021464
C[+57.0215]LPEWLR	2	1	57.021464
C[+57.0215]LTGLAVGLR	2	1	57.021464
C[+57.0215]LYFADTFLR	2	1	57.021464
C[+57.0215]QC[+57.0215]EEGFQLDPHTK	2	1	57.021464
C[+57.0215]QC[+57.0215]EEGFQLDPHTK	2	3	57.021464
C[+57.0215]QGGNNAGHTVVVDGK	2	1	57.021464
C[+57.0215]QSSC[+57.0215]GQVK	2	1	57.021464
C[+57.0215]QSSC[+57.0215]GQVK	2	5	57.021464
C[+57.0215]QTAMPQYGC[+57.0215]VWC[+57.0215]EGERPR	3	1	57.021464
C[+57.0215]QTAMPQYGC[+57.0215]VWC[+57.0215]EGERPR	3	10	57.021464
C[+57.0215]QTAMPQYGC[+57.0215]VWC[+57.0215]EGERPR	3	13	57.021464
C[+57.0215]REDQWYPLEPR	3	1	57.021464
C[+57.0215]SYIAESDAAVK	2	1	57.021464
C[+57.0215]TPEGWSEHR	2	1	57.021464
C[+57.0215]TQEEAR	2	1	57.021464
C[+57.0215]VLFETFGR	2	1	57.021464
C[+57.0215]VTC[+57.0215]NYC[+57.0215]SQLC[+57.0215]K	2	1	57.021464
C[+57.0215]VTC[+57.0215]NYC[+57.0215]SQLC[+57.0215]K	2	11	57.021464
C[+57.0215]VTC[+57.0215]NYC[+57.0215]SQLC[+57.0215]K	2	4	57.021464
C[+57.0215]VTC[+57.0215]NYC[+57.0215]SQLC[+57.0215]K	2	7	57.021464
C[+57.0215]YLDINALQELYQK	2	1	57.021464
DAGVVC[+57.0215]TNETR	2	6	57.021464
DAMEQC[+57.0215]HNYNAR	3	6	57.021464
DC[+57.0215]IFTIDPSTAR	2	2	57.021464
DC[+57.0215]LTESNLIK	2	2	57.021464
DC[+57.0215]PQDFVARPK	3	2	57.021464
DC[+57.0215]QIAHGAAQFLR	2	2	57.021464
DC[+57.0215]VSPHK	2	2	57.021464
DDEPVC[+57.0215]GRPLGIR	3	6	57.021464
DLC[+57.0215]QAHGLPLDGEER	2	3	57.021464
DMPLLSC[+57.0215]LESLR	2	7	57.021464
DMVC[+57.0215]NMLGLNK	2	4	57.021464
DNAC[+57.0215]NDMGK	2	4	57.021464
DPQGFINDWLQSQC[+57.0215]R	3	14	57.021464
DPSQPQQWVSSQVLLC[+57.0215]K	3	16	57.021464
DRPC[+57.0215]ETC[+57.0215]GK	2	4	57.021464
DRPC[+57.0215]ETC[+57.0215]GK	2	7	57.021464
DSDGDGRGDAC[+57.0215]K	2	11	57.021464
DTLLTLAGC[+57.0215]TPYEVR	2	9	57.021464
DVYESLC[+57.0215]R	2	7	57.021464
EAC[+57.0215]PELDYFVVFSSVSC[+57.0215]GR	3	17	57.021464
EAC[+57.0215]PELDYFVVFSSVSC[+57.0215]GR	3	3	57.021464
EC[+57.0215]LLSAPR	2	2	57.021464
EDFLNIC[+57.0215]IEPDTISK	2	7	57.021464
EHMDEVC[+57.0215]SSQLLTSVR	3	7	57.021464
ELC[+57.0215]GPWPSHQLLTNQLQR	3	3	57.021464
ELTSTC[+57.0215]SPIISKPK	2	6	57.021464
ESGC[+57.0215]VLGLRPGAQESPVSWPEGSK	3	4	57.021464
EVC[+57.0215]PSAIDPEDGEK	2	3	57.021464
EVQTVSEHIQNC[+57.0215]LGSQTGGFAGIK	3	12	57.021464
EVSLGC[+57.0215]MLNGQEVR	2	6	57.021464
FAELVYTGFWHSPEC[+57.0215]EFVR	3	15	57.021464
FC[+57.0215]ADC[+57.0215]IITALR	2	2	57.021464
FC[+57.0215]ADC[+57.0215]IITALR	2	5	57.021464
FC[+57.0215]GVDFHAPYK	2	2	57.021464
FLGNAPC[+57.0215]GHYTFK	2	7	57.021464
FLIC[+57.0215]TDVAAR	2	4	57.021464
FPESC[+57.0215]QDEVR	2	5	57.021464
FSPTHC[+57.0215]QIASGC[+57.0215]LSGR	3	12	57.021464
FSPTHC[+57.0215]QIASGC[+57.0215]LSGR	3	6	57.021464
GFEVIYMSEPIDEYC[+57.0215]VQQLK	3	15	57.021464
GIC[+57.0215]EYHEK	2	3	57.021464
GIC[+57.0215]VSLGHSVADLR	3	3	57.021464
GISSDNESVASC[+57.0215]NSVK	2	12	57.021464
GLAYVC[+57.0215]HQR	2	6	57.021464
GLGTDEDSLIEIIC[+57.0215]SR	3	14	57.021464
GNGIVEC[+57.0215]LGPK	2	7	57.021464
GQGVYLGMPGC[+57.0215]LPVYDALAGEFIR	3	11	57.021464
GVVPVVMDC[+57.0215]ESTVQEK	2	9	57.021464
HLAC[+57.0215]LPR	2	4	57.021464
HLIDNC[+57.0215]AFR	2	6	57.021464
HLSLC[+57.0215]HGLSDLAR	3	5	57.021464
HQVAYNTLIGSC[+57.0215]VK	3	12	57.021464
HVLALTGC[+57.0215]GPGR	3	8	57.021464
IEFHMNC[+57.0215]WKK	3	7	57.021464
IETKPC[+57.0215]GEELK	3	6	57.021464
IGLDFC[+57.0215]K	2	6	57.021464
IHQC[+57.0215]ISINMLADK	2	4	57.021464
IIMLTC[+57.0215]AFLAC[+57.0215]K	2	11	57.021464
IIMLTC[+57.0215]AFLAC[+57.0215]K	2	6	57.021464
IPPC[+57.0215]ISNWK	2	4	57.021464
IPYAAC[+57.0215]PAIC[+57.0215]VANTHLLYNPR	3	10	57.021464
IPYAAC[+57.0215]PAIC[+57.0215]VANTHLLYNPR	3	6	57.021464
ITC[+57.0215]LC[+57.0215]QVPQNAANR	2	3	57.021464
ITC[+57.0215]LC[+57.0215]QVPQNAANR	2	5	57.021464
IVQTLC[+57.0215]TVR	2	6	57.021464
KADC[+57.0215]TITMADSDFLALMTGK	3	4	57.021464
KAVLFC[+57.0215]LSEDK	3	6	57.021464
KSDC[+57.0215]SLFMFGSHNK	3	4	57.021464
LC[+57.0215]ESDVC[+57.0215]QSSSLTGHK	3	2	57.021464
LC[+57.0215]ESDVC[+57.0215]QSSSLTGHK	3	7	57.021464
LC[+57.0215]GDTSLNNMQR	2	2	57.021464
LC[+57.0215]NHPALVLTPQHPEFK	3	2	57.021464
LEQELLC[+57.0215]ASNR	2	7	57.021464
LGTYMGHTGAVWC[+57.0215]VDADWDTK	3	13	57.021464
LGVFSAC[+57.0215]K	2	7	57.021464
LHTLIPC[+57.0215]K	2	7	57.021464
LIEC[+57.0215]GWK	2	4	57.021464
LIIVEGC[+57.0215]QR	2	7	57.021464
LLLHYSPQAC[+57.0215]K	3	10	57.021464
LMTFAWPC[+57.0215]LLSK	2	8	57.021464
LMVNLTQPALLC[+57.0215]FGNLPK	3	12	57.021464
LPLWQQAC[+57.0215]ADPSK	2	8	57.021464
LQESPC[+57.0215]IFALTPR	2	6	57.021464
LSLDGQNIYNAC[+57.0215]C[+57.0215]TLR	3	12	57.021464
LSLDGQNIYNAC[+57.0215]C[+57.0215]TLR	3	13	57.021464
LSTGC[+57.0215]TGTLVAEK	2	5	57.021464
LSYAEVC[+57.0215]QKPPK	2	7	57.021464
LTDC[+57.0215]VVMRDPASK	3	4	57.021464
LVAEDLSQDC[+57.0215]FWTK	2	10	57.021464
MC[+57.0215]GTLPYVAPELLK	2	2	57.021464
MDDSYC[+57.0215]LSALR	3	6	57.021464
METSHNQC[+57.0215]QELK	3	8	57.021464
MIVC[+57.0215]NQVMK	2	4	57.021464
MLFWAC[+57.0215]STNKPEGYR	3	6	57.021464
MNGPTNC[+57.0215]STELR	3	7	57.021464
MNSGEC[+57.0215]LGNVVSDER	2	6	57.021464
MVEINFLC[+57.0215]VHK	2	8	57.021464
NALHLVSSC[+57.0215]GK	2	9	57.021464
NAQLDC[+57.0215]SK	2	6	57.021464
NENTC[+57.0215]PLPQEMK	2	5	57.021464
NITTVLQPC[+57.0215]SLFMEK	2	9	57.021464
NIVVMEEVVITPPYQVENC[+57.0215]K	3	19	57.021464
NSIAMQEQMLAC[+57.0215]K	2	12	57.021464
NSQAQPSQC[+57.0215]R	2	9	57.021464
NVVAC[+57.0215]ESIGR	2	5	57.021464
PLLTAPDHC[+57.0215]SDDA	2	9	57.021464
PNMVTPGHAC[+57.0215]TQK	3	10	57.021464
PYENISLC[+57.0215]QAK	2	8	57.021464
QAGLLAVMAQMGC[+57.0215]YVPAEVC[+57.0215]R	3	13	57.021464
QAGLLAVMAQMGC[+57.0215]YVPAEVC[+57.0215]R	3	20	57.021464
QAVHC[+57.0215]IHAIFTNK	2	5	57.021464
QC[+57.0215]IHQLC[+57.0215]FTSLR	3	2	57.021464
QC[+57.0215]IHQLC[+57.0215]FTSLR	3	7	57.021464
QILIAC[+57.0215]SPVSSVR	2	6	57.021464
QLSSSVTGLTNIEEENC[+57.0215]QR	3	17	57.021464
QNFEDLHC[+57.0215]K	2	8	57.021464
RPIVAC[+57.0215]ELGR	2	6	57.021464
SAPGEDEEC[+57.0215]GR	2	9	57.021464
SC[+57.0215]GSSTPDEFPTDIPGTK	3	2	57.021464
SFDVNKPGC[+57.0215]EVDDLK	3	9	57.021464
SHTEEDC[+57.0215]TEELFDFLHAR	3	7	57.021464
SLAC[+57.0215]QPISFSGFGAEDDDLGGLGLGP	3	4	57.021464
SQVKLMDLEDC[+57.0215]ALWEGK	3	11	57.021464
SSALLGAQC[+57.0215]QGVR	2	9	57.021464
SSC[+57.0215]ELEVLLR	2	3	57.021464
TEC[+57.0215]HC[+57.0215]GADNC[+57.0215]SGFLGVRPK	3	10	57.021464
TEC[+57.0215]HC[+57.0215]GADNC[+57.0215]SGFLGVRPK	3	3	57.021464
TEC[+57.0215]HC[+57.0215]GADNC[+57.0215]SGFLGVRPK	3	5	57.021464
TMTC[+57.0215]EYALC[+57.0215]SFFVPGDR	3	4	57.021464
TMTC[+57.0215]EYALC[+57.0215]SFFVPGDR	3	9	57.021464
TVDSQGPTPVC[+57.0215]TPTFLER	3	11	57.021464
TVLGSSENALGVC[+57.0215]SDTAAPLAAVDLK	3	13	57.021464
TYSEFC[+57.0215]SR	2	6	57.021464
VAC[+57.0215]C[+57.0215]PLER	2	3	57.021464
VAC[+57.0215]C[+57.0215]PLER	2	4	57.021464
VC[+57.0215]GHTYEEDAIVR	2	2	57.021464
VGTEC[+57.0215]GNQK	2	5	57.021464
VLC[+57.0215]GGDIYVPEDPK	2	3	57.021464
VLDIMPLTLHAC[+57.0215]MHQK	3	12	57.021464
VLEGHVFDVNC[+57.0215]C[+57.0215]R	2	11	57.021464
VLEGHVFDVNC[+57.0215]C[+57.0215]R	2	12	57.021464
VLQEALC[+57.0215]VISGVPGLK	2	7	57.021464
VLWIPAC[+57.0215]PL	2	7	57.021464
VQTDAFVSNELDDPDDLQC[+57.0215]K	3	19	57.021464
VVAC[+57.0215]TSAFLLWDPTK	3	4	57.021464
VVLPC[+57.0215]SVQEYQVGQLYSVAEASK	3	5	57.021464
VVNSETPVVVDFHAQWC[+57.0215]GPC[+57.0215]K	3	17	57.021464
VVNSETPVVVDFHAQWC[+57.0215]GPC[+57.0215]K	3	20	57.021464
VWNNSSTVNAVPVAPPVC[+57.0215]DVAR	3	18	57.021464
WDAC[+57.0215]ANMK	2	4	57.021464
WLLLC[+57.0215]NPGLAELIAEK	3	5	57.021464
YYNEEC[+57.0215]R	2	6	57.021464
