peptideModSeq	precursorCharge	ExperimentQValue	NRunsDetected	NRunsSearched
AAAGELQEDSGLC[+57.0215]VLAR	2	3.58339454965689E-05	3	3
AADEEAFEDNSEEYIRR	3	2.876125284017372E-05	3	3
AAEIYGVTHTR	2	3.437252947444403E-05	3	3
AAFQYGIK	2	2.876125284017372E-05	3	3
AAGFKDPLLASGTDGVGTK	3	2.876125284017372E-05	3	3
AAIIADSSTFR	2	2.876125284017372E-05	3	3
AAIWESQHEGPEGAR	2	0.0002299709661655216	3	3
AASNIIFSNGNLDPWAGGGIR	3	2.876125284017372E-05	3	3
AASVVQPQPLVVVK	2	4.171620465970006E-05	3	3
AATENIPVVR	2	2.876125284017372E-05	3	3
AAVENLPTFLVELSR	3	2.876125284017372E-05	3	3
AC[+57.0215]NAIEDAQSTR	2	2.876125284017372E-05	3	3
AC[+57.0215]TDESLAVEER	2	0.0003563274517308276	3	3
AEDLPLRK	2	0.0003322038402763936	3	3
AEEEAQSLFVTEC[+57.0215]IK	2	0.0058038358161359395	3	3
AEGILLLVK	2	0.0001627026387409774	3	3
AEIQELDQSLELMER	3	0.003964774503450117	3	3
AENSHNAGQVDTR	3	0.00010827197921177999	3	3
AESVQGGETR	2	0.00031417331439186974	3	3
AEVLWLMGAK	2	2.876125284017372E-05	3	3
AFLLDSALAVK	2	0.001061989533381506	3	3
AFPEHFTYEPNEADAAQGYR	3	2.876125284017372E-05	3	3
AFSAFVGQMHQQGILK	3	0.000583154134927288	3	3
AFSWASVTSK	2	4.171620465970006E-05	3	3
AFVSGLLIGQC[+57.0215]SSQK	3	0.009453147889629974	3	3
AGC[+57.0215]DEIWEK	2	0.00010827197921177999	3	3
AGEGTYALDSESC[+57.0215]MEK	2	2.876125284017372E-05	3	3
AGLLALMLHQTIQHDPLTTDLR	3	0.001310644149370461	3	3
AGLVVEDALFETLPSDVREQMK	3	0.00279257943556345	3	3
AGVNTVTTLVENKK	3	2.876125284017372E-05	3	3
AHLEQVDK	2	0.0007329672375279225	3	3
AHSTGEQPPQLSLATR	2	0.001811518760671303	3	3
AIEINPDSAQPYK	2	2.876125284017372E-05	3	3
AILVLLSK	2	4.171620465970006E-05	3	3
AIPSFLNSFNR	2	2.876125284017372E-05	3	3
AKPAEAPAAAAPK	2	2.876125284017372E-05	3	3
ALATPGHTQGHLVYLLDGEPYK	3	0.007266008758294176	3	3
ALDDISESIK	2	2.876125284017372E-05	3	3
ALDELFEAIEQK	3	3.241175898616018E-05	3	3
ALGIHQTGQK	2	2.876125284017372E-05	3	3
ALKEITTFEGC[+57.0215]K	2	0.005797788453649599	3	3
ALLESMVDAAENLC[+57.0215]PNVMK	3	0.0002055468279719869	3	3
ALWEDEGVR	2	2.876125284017372E-05	3	3
AMASINER	2	0.007131141695785495	3	3
AMKPPGGESSNLFGSPEEATPSSR	3	0.0033710150823864464	3	3
AMLLTSYLPPPLLR	3	0.005404213080401456	3	3
AMVFMDVR	2	0.0006238677400391118	3	3
ANVIANINNC[+57.0215]LSFR	3	0.0042998585572843	3	3
APEPDLMSPTRK	2	0.004016714099427951	3	3
APGETALIDR	2	0.002735991624112284	3	3
AQAALAVNISAAR	2	2.876125284017372E-05	3	3
AQAEAQQPTFDALRDELR	3	2.876125284017372E-05	3	3
AQDSAAYAIQELLSIYDC[+57.0215]R	3	0.0006937748406669645	3	3
AQEAGLQQEQR	2	9.628963923481833E-05	3	3
AQEEADYIEWLK	2	2.876125284017372E-05	3	3
AQEGLC[+57.0215]LIGDHLLLR	3	0.00010827197921177999	3	3
AQQEHQSLLEK	2	9.628963923481833E-05	3	3
AQQMHTGPVLDVC[+57.0215]WSDDGSK	3	2.876125284017372E-05	3	3
AQTAHIVLEDGTK	2	2.876125284017372E-05	3	3
AQVARPGGDTIFGK	3	2.876125284017372E-05	3	3
ASLLQNESTNEQLQIHYK	3	4.422039444591846E-05	3	3
ASQEDANEIK	2	0.0006731461908192308	3	3
ASSISEEVAVGSIAATLK	2	0.00010827197921177999	3	3
ASTGPPLIK	2	0.007627245972054054	3	3
ASVPPTDK	2	6.77759327662747E-05	3	3
ATAGAYIASQTVK	2	2.876125284017372E-05	3	3
ATDLSIQPPSADLEVQAGQVDVK	3	0.00040286423475288825	3	3
AVDEDPENQTLR	2	4.171620465970006E-05	3	3
AVDQVC[+57.0215]TFLFK	2	9.628963923481833E-05	3	3
AVEVQGPSLESGDHGK	2	2.876125284017372E-05	3	3
AVGQWAGAK	2	0.00418576461229592	3	3
AVIEHNLLSASK	3	4.171620465970006E-05	3	3
AVITC[+57.0215]YDTETR	2	0.0009619211888019105	3	3
AVLDEFTAPAEK	2	0.0004828226555246054	3	3
AVLQEEQANLWFSK	2	2.876125284017372E-05	3	3
AVSSAIAQLLGEVAQGNENYAGIAAR	3	2.876125284017372E-05	3	3
AVVHMDER	2	0.0019620396951609905	3	3
AYIFSDC[+57.0215]HSR	2	0.007947894204110373	3	3
AYPEVLAQGR	2	0.0005189670085258865	3	3
C[+57.0215]C[+57.0215]LTYC[+57.0215]FNKPEDK	3	2.876125284017372E-05	3	3
C[+57.0215]DEILMEEIK	2	0.00045710222583389415	3	3
C[+57.0215]EAVVADVLDK	2	4.171620465970006E-05	3	3
C[+57.0215]EVFDDEEESK	2	0.00012246272540795394	3	3
C[+57.0215]FNTLTNSFQPSLLGR	3	3.437252947444403E-05	3	3
C[+57.0215]HTTHSMALIHNR	2	0.00010827197921177999	3	3
C[+57.0215]IFYDTEHLK	2	0.0003322038402763936	3	3
C[+57.0215]ITDPQTGLC[+57.0215]LLPLK	3	3.58339454965689E-05	3	3
C[+57.0215]LDALAALR	2	2.876125284017372E-05	3	3
C[+57.0215]LIELEPVLR	2	3.241175898616018E-05	3	3
C[+57.0215]LLDTFK	2	0.00047709923664122136	3	3
C[+57.0215]LPEWLR	2	0.0024188287248456865	3	3
C[+57.0215]LTGLAVGLR	2	0.0021459008185078835	3	3
C[+57.0215]LYFADTFLR	2	0.0007329672375279225	3	3
C[+57.0215]QC[+57.0215]EEGFQLDPHTK	2	0.00010827197921177999	3	3
C[+57.0215]QGGNNAGHTVVVDGK	2	6.458974745408745E-05	3	3
C[+57.0215]QSSC[+57.0215]GQVK	2	0.00045710222583389415	3	3
C[+57.0215]QTAMPQYGC[+57.0215]VWC[+57.0215]EGERPR	3	0.0008484642796538266	3	3
C[+57.0215]REDQWYPLEPR	3	0.007811604552948748	3	3
C[+57.0215]SYIAESDAAVK	2	0.00759592172398242	3	3
C[+57.0215]TPEGWSEHR	2	3.58339454965689E-05	3	3
C[+57.0215]TQEEAR	2	0.005409277507875137	3	3
C[+57.0215]VETIVSAIK	2	0.008941658066138782	3	3
C[+57.0215]VLFETFGR	2	4.171620465970006E-05	3	3
C[+57.0215]VTC[+57.0215]NYC[+57.0215]SQLC[+57.0215]K	2	4.171620465970006E-05	3	3
C[+57.0215]YLDINALQELYQK	2	0.0012117146844673324	3	3
DAGVVC[+57.0215]TNETR	2	0.00023956483751867195	3	3
DAGYGGISLAVEGPSK	2	2.876125284017372E-05	3	3
DAMEQC[+57.0215]HNYNAR	3	0.004272332863880828	3	3
DANPAEDVR	2	0.0010708275967569222	3	3
DATNVAAAFEEAVR	2	2.876125284017372E-05	3	3
DAVGQPPR	2	0.0001627026387409774	3	3
DC[+57.0215]IFTIDPSTAR	2	2.876125284017372E-05	3	3
DC[+57.0215]LTESNLIK	2	2.876125284017372E-05	3	3
DC[+57.0215]PQDFVARPK	3	0.0008742238461366031	3	3
DC[+57.0215]QIAHGAAQFLR	2	2.876125284017372E-05	3	3
DC[+57.0215]VSPHK	2	0.0016763581120016764	3	3
DDEPVC[+57.0215]GRPLGIR	3	6.458974745408745E-05	3	3
DDTLLVR	2	0.0005899136799778482	3	3
DDVIVTASNFSSER	2	2.876125284017372E-05	3	3
DEGNEAVEAVLLESIHR	3	2.876125284017372E-05	3	3
DEPIHILNVAIK	2	2.876125284017372E-05	3	3
DETYKPHLER	3	6.458974745408745E-05	3	3
DEVPYLR	2	2.876125284017372E-05	3	3
DFIHTASISFLTPLR	2	4.171620465970006E-05	3	3
DFMATNPEHLEILK	2	0.0010897400969868687	3	3
DFPPAAAQVAHQK	2	4.171620465970006E-05	3	3
DGDGTITTK	2	2.876125284017372E-05	3	3
DGIDDESYEAIFKPVMSK	3	2.876125284017372E-05	3	3
DGLVVFGK	2	0.0006238677400391118	3	3
DGTFDPDNLEK	2	0.0004672661143665387	3	3
DHLVTAYNHLFETK	3	2.876125284017372E-05	3	3
DHQLDTR	2	0.0007039609536324385	3	3
DHSPDLYSLELAGLDEIGK	3	2.876125284017372E-05	3	3
DHTFLYEK	2	5.2275281633079796E-05	3	3
DHVYLQLHHLPPEQLATR	3	4.171620465970006E-05	3	3
DIDFLAEK	2	0.003243505705268269	3	3
DIGTNLPTLLWK	2	8.338892595063375E-05	3	3
DILVATDVAGR	2	2.876125284017372E-05	3	3
DKPLELWDVR	2	6.458974745408745E-05	3	3
DLC[+57.0215]QAHGLPLDGEER	2	3.58339454965689E-05	3	3
DLDDNLFGQHLAK	2	5.2275281633079796E-05	3	3
DLEALMFDR	2	8.067931987333347E-05	3	3
DLEGAGDAAAWQAEHVR	2	0.0001627026387409774	3	3
DLGYLQQWLK	2	0.0004137574347039048	3	3
DLLFQALGR	2	3.241175898616018E-05	3	3
DLSLENGAHAYNR	2	3.58339454965689E-05	3	3
DLSQQIR	2	0.0008639938959392287	3	3
DMPLLSC[+57.0215]LESLR	2	4.171620465970006E-05	3	3
DMSPLSETEMALGK	2	2.876125284017372E-05	3	3
DMVC[+57.0215]NMLGLNK	2	0.0006825617247628687	3	3
DMYLVPK	2	0.0019620396951609905	3	3
DNAC[+57.0215]NDMGK	2	0.0002299709661655216	3	3
DNFQDTLQVVTAHYR	3	2.876125284017372E-05	3	3
DNFYQHNVEK	2	8.067931987333347E-05	3	3
DNTSVYHISGK	2	2.876125284017372E-05	3	3
DPQGFINDWLQSQC[+57.0215]R	3	0.0002299709661655216	3	3
DPSASNGGGSPAR	2	4.171620465970006E-05	3	3
DPSQPQQWVSSQVLLC[+57.0215]K	3	5.248333654064834E-05	3	3
DQFNYKPILTK	3	0.0036253137290727083	3	3
DQINIETK	2	0.0005899136799778482	3	3
DRPC[+57.0215]ETC[+57.0215]GK	2	0.00012246272540795394	3	3
DSDGDGRGDAC[+57.0215]K	2	0.00023956483751867195	3	3
DSLSVNEFK	2	2.876125284017372E-05	3	3
DSVPSLQGEK	2	0.0001524459960059149	3	3
DTLLTLAGC[+57.0215]TPYEVR	2	2.876125284017372E-05	3	3
DTLQEANDILNNLK	2	3.241175898616018E-05	3	3
DTSFSGLSLEEYK	2	3.241175898616018E-05	3	3
DTSVEDALER	2	9.468441683867668E-05	3	3
DVEGSTSPQIGDK	2	2.876125284017372E-05	3	3
DVHTLLDR	2	3.437252947444403E-05	3	3
DVLLLEGVTLTQDSR	2	0.0029561681774879444	3	3
DVQNFPAATDEK	2	2.876125284017372E-05	3	3
DVYESLC[+57.0215]R	2	0.004910988336402701	3	3
EAAAQQQAER	2	4.422039444591846E-05	3	3
EAC[+57.0215]PELDYFVVFSSVSC[+57.0215]GR	3	2.876125284017372E-05	3	3
EAEVLLLQQR	2	2.876125284017372E-05	3	3
EAFAIVPVSPAEVR	2	2.876125284017372E-05	3	3
EAFAIVSVPVSEIR	3	0.0013300867774357213	3	3
EAFDEVDMAHR	3	6.458974745408745E-05	3	3
EAHAQSIGMNR	3	0.00023956483751867195	3	3
EAIQQQQNQLVWVSEGK	3	0.003947368421052632	3	3
EANFTVSSMHGDMPQK	3	2.876125284017372E-05	3	3
EAQNDLEQVLR	2	2.876125284017372E-05	3	3
EAQSLISAAIEPDK	2	2.876125284017372E-05	3	3
EASFEYLQNEGER	2	0.00010827197921177999	3	3
EATTDFTVDSR	2	2.876125284017372E-05	3	3
EAYPDHTQFEK	3	0.0003322038402763936	3	3
EC[+57.0215]LLSAPR	2	0.0005899136799778482	3	3
EDEISLEDLIER	2	2.876125284017372E-05	3	3
EDELWASFLNDVGPK	2	0.0001627026387409774	3	3
EDFLNIC[+57.0215]IEPDTISK	2	2.876125284017372E-05	3	3
EDIAQIPTHAEAGEQEGR	3	0.008547754034016572	3	3
EDIPSEK	2	0.0004380878752738049	3	3
EDISQGVHISVYR	3	4.171620465970006E-05	3	3
EDLEEWVTIGR	3	0.0008307443697153847	3	3
EDQMDGDGPRPR	2	0.0004672661143665387	3	3
EEDQATLVEQVK	2	2.876125284017372E-05	3	3
EEEDDVDLELR	2	0.0006638453240394988	3	3
EEFAVPENSSVQQFK	2	2.876125284017372E-05	3	3
EEGEDSMAQEEK	2	0.0002299709661655216	3	3
EEIPEEELAEDVEEIDHAER	3	2.876125284017372E-05	3	3
EELINFK	2	3.437252947444403E-05	3	3
EELVITPLPSGDVAATFQFR	3	3.58339454965689E-05	3	3
EEMSLSDLNSQDR	2	0.002317987583649117	3	3
EGFQLLLNNK	2	3.241175898616018E-05	3	3
EGLQYLQSLNFER	2	0.00045710222583389415	3	3
EGLSFLGGLR	2	3.437252947444403E-05	3	3
EGLYQYK	2	3.58339454965689E-05	3	3
EGNVPNIIIAGPPGTGK	3	4.171620465970006E-05	3	3
EGNYAIVANVESMDYDPLVVK	3	0.00028839023318410285	3	3
EHLTSEAASGNHR	3	4.171620465970006E-05	3	3
EHMDEVC[+57.0215]SSQLLTSVR	3	0.00031417331439186974	3	3
EHNNLILLNK	2	0.008751347029582508	3	3
EHPDPGSKDPEEDYPK	3	0.00047709923664122136	3	3
EIFTLQK	2	0.0005271481286241434	3	3
EIHATIPETGLMHR	2	0.006400778911687281	3	3
EISNLNQLIEEFKK	3	0.0001524459960059149	3	3
EKSDDILEEGEK	2	0.0006638453240394988	3	3
ELAQQIQK	2	2.876125284017372E-05	3	3
ELC[+57.0215]GPWPSHQLLTNQLQR	3	2.876125284017372E-05	3	3
ELDFVSHHVR	3	3.437252947444403E-05	3	3
ELEEAMAGER	2	2.876125284017372E-05	3	3
ELEEELLLSSEDLR	2	0.002622091117666339	3	3
ELGLAEHQLR	2	0.0004828226555246054	3	3
ELLEPLFK	2	4.171620465970006E-05	3	3
ELSEPMEFQYLPDTDDR	3	0.0003322038402763936	3	3
ELSTTLNADEAVTR	2	4.171620465970006E-05	3	3
ENAAYFQFFSDVR	2	2.876125284017372E-05	3	3
ENAGVDPTLAIPMIQK	2	2.876125284017372E-05	3	3
ENLELILTQSVENVGVR	3	2.876125284017372E-05	3	3
EPEVLSTMAIIVNK	2	2.876125284017372E-05	3	3
EPGIAGLMK	2	0.00045710222583389415	3	3
EPQVNQQQLQQLMDMGFTR	3	4.422039444591846E-05	3	3
EPSGPSELIPSSTFSAHNR	3	0.0010795485524235319	3	3
EQSIFGDHRDEEEETHMK	3	0.0003563274517308276	3	3
ERLEQEQLER	2	0.00040286423475288825	3	3
ERNVEDLSGGELQR	3	0.0002299709661655216	3	3
ESEFDDEPK	2	2.876125284017372E-05	3	3
ESENLASGDQPR	2	2.876125284017372E-05	3	3
ESESASELHK	2	0.0014185910084795477	3	3
ESGC[+57.0215]VLGLRPGAQESPVSWPEGSK	3	0.0065195270641417	3	3
ESLEALLQR	2	2.876125284017372E-05	3	3
ESNEEEQVWHFLGK	2	2.876125284017372E-05	3	3
ESTDDFGSWSVHTDK	2	0.0007039609536324385	3	3
ESTESSNTTIEDEDVK	2	0.0006347229374498509	3	3
ESTTSEQSAR	2	2.876125284017372E-05	3	3
ESYSVYVYK	2	4.171620465970006E-05	3	3
ETADAITK	2	4.171620465970006E-05	3	3
ETGITDEEQAISR	2	4.171620465970006E-05	3	3
ETLPNVR	2	4.171620465970006E-05	3	3
ETSSLQELEAQK	2	3.241175898616018E-05	3	3
EVC[+57.0215]PSAIDPEDGEK	2	3.437252947444403E-05	3	3
EVEQFDVATHLQTAPELVDR	3	2.876125284017372E-05	3	3
EVQTVSEHIQNC[+57.0215]LGSQTGGFAGIK	3	4.171620465970006E-05	3	3
EVSDFIQDSGQIK	2	2.876125284017372E-05	3	3
EVSLGC[+57.0215]MLNGQEVR	2	2.876125284017372E-05	3	3
EYELVLTDR	2	0.00848804512985312	3	3
EYNALVAQGVR	2	3.58339454965689E-05	3	3
EYQDLLNVK	2	2.876125284017372E-05	3	3
FAAGHDAEGSHSHVHFDEK	3	0.004033869279802112	3	3
FAELVYTGFWHSPEC[+57.0215]EFVR	3	2.876125284017372E-05	3	3
FC[+57.0215]ADC[+57.0215]IITALR	2	2.876125284017372E-05	3	3
FC[+57.0215]GVDFHAPYK	2	0.002278665613416783	3	3
FEDSPSYVK	2	2.876125284017372E-05	3	3
FFPASFPNR	2	4.171620465970006E-05	3	3
FGIQAQMVTTDFQK	2	2.876125284017372E-05	3	3
FGNQADHFLGSLAFAK	3	2.876125284017372E-05	3	3
FIIQSEKPPHYLESR	3	3.437252947444403E-05	3	3
FLAAGTHLGGTNLDFQMEQYIYK	3	2.876125284017372E-05	3	3
FLASVSTVLTSK	2	3.437252947444403E-05	3	3
FLDASGAK	2	4.171620465970006E-05	3	3
FLELVQLK	2	6.77759327662747E-05	3	3
FLGNAPC[+57.0215]GHYTFK	2	3.241175898616018E-05	3	3
FLIC[+57.0215]TDVAAR	2	2.876125284017372E-05	3	3
FLLDTNK	2	0.0008960473112980366	3	3
FLPEEEK	2	0.0010795485524235319	3	3
FLPFLDMFQK	2	0.007091945512448817	3	3
FLPLLMTNHPAPNLFGTPR	3	0.0003322038402763936	3	3
FLTEQMMER	2	0.0008742238461366031	3	3
FLYEELGLDSTSVFEDLK	3	0.0004828226555246054	3	3
FNETIGLQHIK	2	0.0013510905230650454	3	3
FNPETDYLTGTDGKK	3	4.171620465970006E-05	3	3
FPEGPER	2	0.0005730309680565715	3	3
FPESC[+57.0215]QDEVR	2	0.0004137574347039048	3	3
FPHPIEISEDVITGPTIK	3	0.0003322038402763936	3	3
FPSPILK	2	0.0003322038402763936	3	3
FRELAEEAAR	2	9.628963923481833E-05	3	3
FRPLSFEVPK	3	0.0001627026387409774	3	3
FSNTGEDWYVLVGVAK	2	2.876125284017372E-05	3	3
FSPTHC[+57.0215]QIASGC[+57.0215]LSGR	3	0.0027015793848711553	3	3
FSTGTLSNTADAR	2	2.876125284017372E-05	3	3
FTITPPTAQVVGVLK	3	2.876125284017372E-05	3	3
FTLRDEGK	2	2.876125284017372E-05	3	3
FVLVHPDVK	2	0.0008307443697153847	3	3
FYEDDENGWQAFGDFSPTDVHK	3	3.241175898616018E-05	3	3
GAGSIAGASASPK	2	3.241175898616018E-05	3	3
GAHHYTGLLK	2	0.005764004158838444	3	3
GDSHLNVQVSNFK	2	2.876125284017372E-05	3	3
GDTPGHATPGHGGATSSAR	3	2.876125284017372E-05	3	3
GDVEQKPESESALDMR	2	0.0001627026387409774	3	3
GEEDNSLSVR	2	0.0017260316962184215	3	3
GEITPAAIQK	2	0.00010827197921177999	3	3
GELDLSLENLDLSK	2	8.067931987333347E-05	3	3
GEPLHIINSSNVTDEPLLK	3	4.171620465970006E-05	3	3
GEVTFEDVK	2	2.876125284017372E-05	3	3
GFEVIYMSEPIDEYC[+57.0215]VQQLK	3	2.876125284017372E-05	3	3
GFVLYPVK	2	3.241175898616018E-05	3	3
GGAEVQIFAPDVPQMHVIDHTK	3	2.876125284017372E-05	3	3
GGAVVDEGPTGVK	2	2.876125284017372E-05	3	3
GGFDGEYQDDSLDLLR	2	2.876125284017372E-05	3	3
GGSGGSYGGGGSGGGYGGGSGSR	2	0.002963806233807019	3	3
GGTLLSVTGEVEPR	2	2.876125284017372E-05	3	3
GIC[+57.0215]EYHEK	2	0.0008069443323688427	3	3
GIC[+57.0215]VSLGHSVADLR	3	0.003343995347484734	3	3
GILDALLQTAR	2	0.00017672788324177847	3	3
GILTVDELLAIR	2	2.876125284017372E-05	3	3
GISSDNESVASC[+57.0215]NSVK	2	0.000921802290067858	3	3
GIVEFSGK	2	9.628963923481833E-05	3	3
GIVESSVTSAVSGK	2	0.0003563274517308276	3	3
GIYFADMVSK	2	2.876125284017372E-05	3	3
GLAYVC[+57.0215]HQR	2	2.876125284017372E-05	3	3
GLFPFTHVK	2	0.0014953865733375756	3	3
GLGTDEDAIISVLAYR	2	2.876125284017372E-05	3	3
GLGTDEDSLIEIIC[+57.0215]SR	3	2.876125284017372E-05	3	3
GLVVTDLK	2	0.0004137574347039048	3	3
GLWIPEGEK	2	0.0008168618698083251	3	3
GMLDTHHK	2	4.422039444591846E-05	3	3
GMLSSSTSGAISDK	2	0.007954945441745864	3	3
GNETMLDFR	2	0.0010990685122312179	3	3
GNFVPQGWVLPPLPSNDIWATAVK	3	0.008023411136107987	3	3
GNGIVEC[+57.0215]LGPK	2	0.0003792237681765875	3	3
GNIIGYSQVDK	2	0.00010827197921177999	3	3
GNNVLYISTQK	2	2.876125284017372E-05	3	3
GPLAMGLAQPR	2	0.0009025170196882416	3	3
GPPGPESQSR	2	2.876125284017372E-05	3	3
GPPPAPEGGSR	2	0.00019140446708579338	3	3
GPTPEEAIQK	2	9.628963923481833E-05	3	3
GPYDFDQIK	2	0.0001627026387409774	3	3
GQGVYLGMPGC[+57.0215]LPVYDALAGEFIR	3	2.876125284017372E-05	3	3
GQIQAVASPDDPIRR	2	0.007205187735169322	3	3
GQLEANLLQVLEK	2	0.001033466731166718	3	3
GQMGPTEQGPYAK	2	4.171620465970006E-05	3	3
GQQASPFVLR	2	0.003633637097704464	3	3
GQQELLYVVPFVAK	3	6.77759327662747E-05	3	3
GRDPALPTLLNPK	3	2.876125284017372E-05	3	3
GSGPLSPSIQSR	2	2.876125284017372E-05	3	3
GSLAALYDLAVLK	2	0.0003273277778535481	3	3
GSQTEFEQQER	2	0.0006638453240394988	3	3
GSWYLPAGR	2	0.004693913807773944	3	3
GTEIGVLAK	2	4.171620465970006E-05	3	3
GVQQDEALQLPK	2	4.422039444591846E-05	3	3
GVVPVVMDC[+57.0215]ESTVQEK	2	4.171620465970006E-05	3	3
GYFSAVPK	2	0.0002643993264775052	3	3
GYGFAEPYNLYSSLK	2	0.0056984219754529514	3	3
HASSGSFLPSANEHLK	3	3.437252947444403E-05	3	3
HDSLHDPAAPSR	3	0.00040286423475288825	3	3
HGGGTESLFFDK	2	0.0005899136799778482	3	3
HGGYKPSDEHK	3	0.0008575748685427998	3	3
HGLVPFAFVR	2	2.876125284017372E-05	3	3
HGYNYLGK	2	0.0026308996684073624	3	3
HIAGLNANR	2	0.0004380878752738049	3	3
HIEPELAGR	2	0.0006347229374498509	3	3
HILTHTGEK	2	0.0014185910084795477	3	3
HLAC[+57.0215]LPR	2	4.422039444591846E-05	3	3
HLATSDMLAAASK	3	0.0004828226555246054	3	3
HLIDNC[+57.0215]AFR	2	4.422039444591846E-05	3	3
HLLVSNVGGDGEEIER	2	2.876125284017372E-05	3	3
HLSLC[+57.0215]HGLSDLAR	3	2.876125284017372E-05	3	3
HLSPYATLTVGDSSHK	2	3.58339454965689E-05	3	3
HLTDPSYGIPR	2	0.000583154134927288	3	3
HLVLLDTAQAAAAGHR	2	0.0002299709661655216	3	3
HMNSAGVLATLR	3	4.422039444591846E-05	3	3
HNEFDFISGTR	2	3.58339454965689E-05	3	3
HPQPQGLEVTGDRR	3	0.0008278431237280535	3	3
HPSPELSR	2	0.0002299709661655216	3	3
HPSTNSLLR	2	3.241175898616018E-05	3	3
HQEYLNSILQHAK	2	0.00010827197921177999	3	3
HQNTEVVLYLAR	3	0.0024892283392148433	3	3
HQVAYNTLIGSC[+57.0215]VK	3	0.002613508759726128	3	3
HSFFSTIDWNK	3	2.876125284017372E-05	3	3
HSLSLLDLEQK	3	0.00010827197921177999	3	3
HSQEELLQR	2	2.876125284017372E-05	3	3
HSVDGESLSSELQQLGLPK	3	2.876125284017372E-05	3	3
HTPPTIGGSLPYR	2	0.0009619211888019105	3	3
HVEFLVAENER	2	0.0027451367631085217	3	3
HVGMAVAGLLADAR	2	2.876125284017372E-05	3	3
HVLALTGC[+57.0215]GPGR	3	0.0002299709661655216	3	3
HVMSNTGNWMHIR	3	0.00012246272540795394	3	3
HVVAVVLGDVGR	3	0.007811604552948748	3	3
HVVDGISR	2	0.0011087559106473179	3	3
HWQEITFNLPVK	2	4.171620465970006E-05	3	3
HYAPLQAYLR	2	0.0005271481286241434	3	3
IADQLEELNK	2	3.241175898616018E-05	3	3
IAEGEHPK	2	0.0002299709661655216	3	3
IAEGFSDTALIMVDNTK	3	0.0021973550356052898	3	3
IAMENDDGRTEEEK	2	4.171620465970006E-05	3	3
IANLQENLANK	2	0.002872715109300907	3	3
IANPDQLLTQDVEK	2	2.876125284017372E-05	3	3
IAQLEEQLDNETK	2	2.876125284017372E-05	3	3
IAVSNLHK	2	2.876125284017372E-05	3	3
IDHVLLNADGIR	2	0.0001627026387409774	3	3
IDMNLTDLLGELQR	2	2.876125284017372E-05	3	3
IDMNLTDLLGELQR	3	2.876125284017372E-05	3	3
IDTEILPSLFMR	2	8.338892595063375E-05	3	3
IEELEEALR	2	3.241175898616018E-05	3	3
IEEQSQSEK	2	4.171620465970006E-05	3	3
IEFHMNC[+57.0215]WKK	3	0.00643446131663137	3	3
IEGEGSVLQAK	2	2.876125284017372E-05	3	3
IEGFTNVK	2	0.00045710222583389415	3	3
IETKPC[+57.0215]GEELK	3	4.171620465970006E-05	3	3
IEYVTVTPEGFR	2	0.00681693829773875	3	3
IFSIIAEGEMHEAIK	2	0.0035732516590096988	3	3
IGIPEFK	2	0.0001524459960059149	3	3
IGLDFC[+57.0215]K	2	4.171620465970006E-05	3	3
IHAESLLLDSPAVAK	2	0.00045710222583389415	3	3
IHALPESVSIFSLK	3	0.0019620396951609905	3	3
IHGQNVPFDAVVVDK	2	0.00027841683396099236	3	3
IHQC[+57.0215]ISINMLADK	2	4.171620465970006E-05	3	3
IIDDSEITK	2	2.876125284017372E-05	3	3
IIMLTC[+57.0215]AFLAC[+57.0215]K	2	0.0009025170196882416	3	3
IKFPLPHR	2	4.422039444591846E-05	3	3
ILETTTFFQR	2	5.248333654064834E-05	3	3
ILHVDNHIGISIAGLTADAR	3	3.58339454965689E-05	3	3
ILLEDQSK	2	0.0005271481286241434	3	3
ILQEYITQEGHK	2	2.876125284017372E-05	3	3
ILSHNPETQQVDIEILSSLPALR	3	4.171620465970006E-05	3	3
ILTDDFADK	2	0.003512191356535667	3	3
IMSTPGGEEAIER	2	4.171620465970006E-05	3	3
IMVHPHVTAVSEQPR	3	0.0007518710020705371	3	3
INQQENSLTLEK	2	0.0006347229374498509	3	3
IPPC[+57.0215]ISNWK	2	0.0003322038402763936	3	3
IPQDRPTSEELLK	3	0.0030494956603330987	3	3
IPVPQQVAR	2	2.876125284017372E-05	3	3
IPVVVQSVPVVYTAVR	2	0.0032994652925364154	3	3
IPYAAC[+57.0215]PAIC[+57.0215]VANTHLLYNPR	3	0.006866422566985667	3	3
IQELENLPGSLAGDLR	2	2.876125284017372E-05	3	3
IQFHQYLGK	2	0.0017349135678602036	3	3
IQRPPEDSIQPYEK	2	6.458974745408745E-05	3	3
IQYLQFLAYTK	3	0.009154862547266954	3	3
ISALALLK	2	0.00045710222583389415	3	3
ISSMEGER	2	0.0001627026387409774	3	3
ISWAGDLDKK	2	0.0008069443323688427	3	3
ITC[+57.0215]LC[+57.0215]QVPQNAANR	2	2.876125284017372E-05	3	3
ITLSGTNSK	2	0.0011608353675074587	3	3
ITQNNAMK	2	2.876125284017372E-05	3	3
IVLELFADIVPK	2	0.0012412706293781774	3	3
IVQEFYDPMTPVNAR	2	0.0008484642796538266	3	3
IVQTLC[+57.0215]TVR	2	0.0014953865733375756	3	3
IYIGDDNPLTLIVK	2	2.876125284017372E-05	3	3
IYQIYEGTSQIQR	2	2.876125284017372E-05	3	3
KADC[+57.0215]TITMADSDFLALMTGK	3	2.876125284017372E-05	3	3
KADIDLTK	2	2.876125284017372E-05	3	3
KAVLFC[+57.0215]LSEDK	3	0.00045710222583389415	3	3
KDEAGENYSK	2	0.00010827197921177999	3	3
KEDGSEVGVGGAQVTGSNTR	3	2.876125284017372E-05	3	3
KEQDDLLVLLADQDQK	3	5.2275281633079796E-05	3	3
KFESTDPR	2	0.005511132303855042	3	3
KFGPVVAPK	2	0.005397850055633719	3	3
KFVADGIFK	2	0.007186492599782713	3	3
KGPLEWQDYIYK	3	0.0029878526645768025	3	3
KPQDQLVIER	2	2.876125284017372E-05	3	3
KPYPDDENLVEVK	3	2.876125284017372E-05	3	3
KSDC[+57.0215]SLFMFGSHNK	3	0.0030655081519086204	3	3
LAGGQTSQPTTPLTSPQR	3	0.00397407795673306	3	3
LALQEEPDHSK	3	0.0012499595918235402	3	3
LALSLFR	2	0.00023956483751867195	3	3
LANIDEEMLQK	2	2.876125284017372E-05	3	3
LASTEQTELLASK	2	0.0021373639859281683	3	3
LAVQNSSLHDIQHAPK	3	0.000921802290067858	3	3
LAVTKPNNIK	2	9.628963923481833E-05	3	3
LC[+57.0215]ESDVC[+57.0215]QSSSLTGHK	3	0.007509674905464883	3	3
LC[+57.0215]GDTSLNNMQR	2	2.876125284017372E-05	3	3
LC[+57.0215]NHPALVLTPQHPEFK	3	0.004278590048736258	3	3
LDEQQEFSAIILATAGLQR	3	2.876125284017372E-05	3	3
LDGDLGQIER	2	8.067931987333347E-05	3	3
LDQILLNGNNITMLVPGGEGPEV	3	3.540449637103912E-05	3	3
LEELTNR	2	2.876125284017372E-05	3	3
LEFPSGETIVMHNPK	3	0.0006731461908192308	3	3
LEGFHTQISK	2	2.876125284017372E-05	3	3
LEGHELPADLPPHLVPPSK	3	0.0003792237681765875	3	3
LEGIITR	2	3.241175898616018E-05	3	3
LELKPIDK	2	0.004278590048736258	3	3
LELLAQNK	2	0.001191340040938776	3	3
LENTEDIEEVEQHIQTIK	3	2.876125284017372E-05	3	3
LENWITSLAESQLQTR	3	2.876125284017372E-05	3	3
LEQEIATYR	2	3.58339454965689E-05	3	3
LEQELLC[+57.0215]ASNR	2	0.004926291524919599	3	3
LESEGSPETLTNLRK	2	2.876125284017372E-05	3	3
LFEGNALLR	2	0.0014392170659161417	3	3
LFELLEK	2	2.876125284017372E-05	3	3
LFFTTASAHLK	3	0.008402112331258305	3	3
LFHSDLIEGLSK	3	3.241175898616018E-05	3	3
LFPSASATEAIQR	2	0.0001627026387409774	3	3
LFQGVNK	2	0.0005899136799778482	3	3
LFTMDLNVVEHK	3	5.2275281633079796E-05	3	3
LFVLLPEQSPVSYSK	2	2.876125284017372E-05	3	3
LGPPQIYELVALTSSDK	3	0.000921802290067858	3	3
LGQHVVGMAPLSVGSLDDEPGGEAETK	3	2.876125284017372E-05	3	3
LGTYMGHTGAVWC[+57.0215]VDADWDTK	3	0.00028839023318410285	3	3
LGVFSAC[+57.0215]K	2	0.0005388392911814051	3	3
LGYEEHIPGQTR	3	2.876125284017372E-05	3	3
LHHPAQGSAAGTPYPSSASLR	3	0.00025122822688700315	3	3
LHTLIPC[+57.0215]K	2	0.004717994712108897	3	3
LHVGEESKK	2	0.002409590168872111	3	3
LIDEVIEDTR	2	3.437252947444403E-05	3	3
LIDFLESGK	2	2.876125284017372E-05	3	3
LIEC[+57.0215]GWK	2	0.00045710222583389415	3	3
LIIVEGC[+57.0215]QR	2	2.876125284017372E-05	3	3
LISLLNEK	2	2.876125284017372E-05	3	3
LISSDYYIWNSK	2	0.0024892283392148433	3	3
LIVLVPPSKPTVNIPSSATIGNR	3	3.241175898616018E-05	3	3
LIVSNFSQAK	2	0.008657631606452287	3	3
LKHLEAQGTSLPK	3	0.008402112331258305	3	3
LLAELPASVHALTGVDLSK	3	2.876125284017372E-05	3	3
LLEIITTTIEETETQNQGIK	3	4.171620465970006E-05	3	3
LLENMNK	2	0.00047709923664122136	3	3
LLHVAVSDVNDDVR	2	2.876125284017372E-05	3	3
LLIYETEAK	2	2.876125284017372E-05	3	3
LLLHYSPQAC[+57.0215]K	3	0.007485295159804408	3	3
LLNYAGEVPR	2	4.422039444591846E-05	3	3
LLPIPDSLPISPDDGQHADIYK	3	0.0020078460445432924	3	3
LLQESYK	2	0.002296524862157924	3	3
LLSDLSVDSAR	2	0.00242677069022573	3	3
LLVEEIK	2	0.002317987583649117	3	3
LMDHVGTEPSIK	3	0.0010708275967569222	3	3
LMSMPVMTVDYSK	2	0.00012246272540795394	3	3
LMTFAWPC[+57.0215]LLSK	2	0.0037521656313114393	3	3
LMVNLTQPALLC[+57.0215]FGNLPK	3	0.008783590064378241	3	3
LNGQVLVFTLPLTDQVSVIK	3	2.876125284017372E-05	3	3
LNHNDWIK	2	4.422039444591846E-05	3	3
LNQIMVGTGNGLAK	2	4.422039444591846E-05	3	3
LNQLVEAK	2	0.0006825617247628687	3	3
LPEEPITR	2	2.876125284017372E-05	3	3
LPEPSASLPNPPSKK	3	0.006824255250461825	3	3
LPGEAPVIQR	2	4.171620465970006E-05	3	3
LPLWQQAC[+57.0215]ADPSK	2	0.0015804446317564007	3	3
LPNVPSSSLPAQPNR	2	0.0006347229374498509	3	3
LPPVLANLMGSMGAGK	3	3.58339454965689E-05	3	3
LPQMETEGMDEGKEPQK	3	0.002317987583649117	3	3
LPQTSDDEK	2	2.876125284017372E-05	3	3
LPVDLAEELGHR	3	2.876125284017372E-05	3	3
LQAPVWEFK	2	6.467886941336265E-05	3	3
LQESPC[+57.0215]IFALTPR	2	0.007163476959264407	3	3
LQQEEEDR	2	0.0003322038402763936	3	3
LQQTQNQVDEVVDIMR	3	2.876125284017372E-05	3	3
LQQTQSLHSLR	2	2.876125284017372E-05	3	3
LQSLDGPGAHK	2	5.2275281633079796E-05	3	3
LQWFEQQAK	2	0.00202404191924381	3	3
LQYYVPENFWK	2	2.876125284017372E-05	3	3
LSDQFHDILIR	3	2.876125284017372E-05	3	3
LSGLEQPQGALQTR	2	2.876125284017372E-05	3	3
LSLDGQNIYNAC[+57.0215]C[+57.0215]TLR	3	2.876125284017372E-05	3	3
LSSETGGMGSS	2	4.422039444591846E-05	3	3
LSSQIQETAQKPDLDFLQEFK	3	0.0004137574347039048	3	3
LSTGC[+57.0215]TGTLVAEK	2	2.876125284017372E-05	3	3
LSYAEVC[+57.0215]QKPPK	2	2.876125284017372E-05	3	3
LTDC[+57.0215]VVMRDPASK	3	4.422039444591846E-05	3	3
LTDFGFAK	2	4.171620465970006E-05	3	3
LTFEEHINNIK	2	0.0015039983053540221	3	3
LTIIPQDPILFSGSLR	2	2.876125284017372E-05	3	3
LVAAGSYQR	2	3.437252947444403E-05	3	3
LVAEDLSQDC[+57.0215]FWTK	2	3.58339454965689E-05	3	3
LVAIVDPHIK	2	3.437252947444403E-05	3	3
LVEVIPEGAMLR	3	0.0005271481286241434	3	3
LVFDMLVLQK	2	0.00202404191924381	3	3
LVHSAVDVPTIQEK	2	0.00023956483751867195	3	3
LVLSLEPLEHPLISSPSFFSK	3	0.00010827197921177999	3	3
LVPSQEETK	2	2.876125284017372E-05	3	3
LVTPHGESEQIGVIPSK	2	2.876125284017372E-05	3	3
LWSPDEEVSPEVLAK	3	0.0006238677400391118	3	3
LWVSSLEK	2	0.0035732516590096988	3	3
LYRPGSVAYVSR	3	2.876125284017372E-05	3	3
MAAILGDTIMVAKGLVK	2	0.0056833237392980825	3	3
MADGVANVEHILK	3	2.876125284017372E-05	3	3
MC[+57.0215]GTLPYVAPELLK	2	0.008570780873992954	3	3
MDANVLMHLR	3	8.338892595063375E-05	3	3
MDDSYC[+57.0215]LSALR	3	0.00516115927577579	3	3
MDLDEDTAEK	2	0.00010827197921177999	3	3
MDNSQHPQPADSR	3	0.001571531029827448	3	3
MELLAHLLGEK	2	2.876125284017372E-05	3	3
METSHNQC[+57.0215]QELK	3	0.0030655081519086204	3	3
MFTSMDPPPVELIR	2	2.876125284017372E-05	3	3
MIIPSLEELDSLK	2	2.876125284017372E-05	3	3
MIVC[+57.0215]NQVMK	2	0.005596878206067712	3	3
MLEQLDMR	2	4.171620465970006E-05	3	3
MLFWAC[+57.0215]STNKPEGYR	3	0.00399237732253454	3	3
MMSNQYVPVK	2	0.00047709923664122136	3	3
MNGPTNC[+57.0215]STELR	3	0.005579017763079544	3	3
MNSGEC[+57.0215]LGNVVSDER	2	4.422039444591846E-05	3	3
MSADDGIR	2	0.005527596732942826	3	3
MSDGLFLQK	2	2.876125284017372E-05	3	3
MSPLSIVTALVDK	3	4.171620465970006E-05	3	3
MTPFPATSAAPEPHPSTSTAQPVTPK	3	0.00010827197921177999	3	3
MVEINFLC[+57.0215]VHK	2	0.00040286423475288825	3	3
MVNHFIAEFK	3	2.876125284017372E-05	3	3
MVQSSPPISGEDNK	2	0.001310644149370461	3	3
NAAHGPDSFASAAR	2	9.628963923481833E-05	3	3
NAGVILAPLQR	2	4.171620465970006E-05	3	3
NALHLVSSC[+57.0215]GK	2	4.422039444591846E-05	3	3
NAPSRPPSLPTPR	3	0.0009025170196882416	3	3
NAQLDC[+57.0215]SK	2	2.876125284017372E-05	3	3
NDGYVHIHPSSVNYQVR	3	0.0003322038402763936	3	3
NEALVPVNSSLQEAWGKPEEEQR	3	4.171620465970006E-05	3	3
NEDLTELLNGMDEELDSPEELGK	3	0.000921802290067858	3	3
NELFDAAK	2	0.0003322038402763936	3	3
NENTC[+57.0215]PLPQEMK	2	0.0005271481286241434	3	3
NEVDLVVHSLK	3	3.437252947444403E-05	3	3
NEVSFVIHNLPIIAK	3	3.241175898616018E-05	3	3
NFATSLYSMIK	2	2.876125284017372E-05	3	3
NFDTIFLR	2	0.0008960473112980366	3	3
NFRPDDPTR	2	8.067931987333347E-05	3	3
NFVDSPIIVDITK	2	2.876125284017372E-05	3	3
NFYVEHPEVAR	3	2.876125284017372E-05	3	3
NHNENWLSVSR	2	0.0006825617247628687	3	3
NIEEHASSDVER	3	0.0001627026387409774	3	3
NILSVVGTDALK	3	0.0003273277778535481	3	3
NITTVLQPC[+57.0215]SLFMEK	2	0.001043589067580631	3	3
NIVVMEEVVITPPYQVENC[+57.0215]K	3	0.0012499595918235402	3	3
NKPNMSDPEESR	2	4.171620465970006E-05	3	3
NLADSPQHR	2	0.002409590168872111	3	3
NLELQLK	2	0.001400126118230497	3	3
NLQEILHGAVR	2	4.171620465970006E-05	3	3
NNEALDDLK	2	0.003424061284893506	3	3
NNNLAVTSK	2	2.876125284017372E-05	3	3
NPLPPSVGVVDKK	3	3.437252947444403E-05	3	3
NPTFLDYVR	2	4.171620465970006E-05	3	3
NPVHNGHALLMQDTR	2	4.171620465970006E-05	3	3
NPVLQQVLEGR	2	2.876125284017372E-05	3	3
NSEPEEVIPSR	2	2.876125284017372E-05	3	3
NSIAMQEQMLAC[+57.0215]K	2	0.0005899136799778482	3	3
NSQAQPSQC[+57.0215]R	2	0.00017672788324177847	3	3
NSSEQELR	2	4.171620465970006E-05	3	3
NSSNTSVGSPSNTIGR	2	2.876125284017372E-05	3	3
NVEDGFGIAFR	2	0.008751347029582508	3	3
NVFIIGATNRPDIIDPAILR	3	0.0007039609536324385	3	3
NVNLWDLR	2	8.067931987333347E-05	3	3
NVSSLLAK	2	0.000583154134927288	3	3
NVVAC[+57.0215]ESIGR	2	2.876125284017372E-05	3	3
NYLPLLEPVKPEPK	3	3.437252947444403E-05	3	3
NYLTNLLK	2	4.422039444591846E-05	3	3
PAGLLFQQPDLDSALQIAR	3	3.241175898616018E-05	3	3
PETATPPSRPPPAEGFR	3	0.007360896787811064	3	3
PETGRPR	2	9.628963923481833E-05	3	3
PFLNSISK	2	0.004001600640256103	3	3
PFSVDFFR	2	2.876125284017372E-05	3	3
PGFSIADK	2	6.458974745408745E-05	3	3
PGPELGGEFPVQDLK	2	0.0003792237681765875	3	3
PGVAQPEDTVQFR	3	0.002261479798799286	3	3
PGWLSSPTLGR	2	0.006829670526655433	3	3
PHSVSLNDTETR	2	2.876125284017372E-05	3	3
PIIAVFEK	2	0.0027089821543328885	3	3
PLFPGNSEIDQINK	2	6.77759327662747E-05	3	3
PLLLPLQPR	2	0.008298391967716805	3	3
PLLTAPDHC[+57.0215]SDDA	2	0.0004137574347039048	3	3
PLSADLTK	2	0.0008307443697153847	3	3
PLVQATVPATPEQPVLDLK	3	0.001571531029827448	3	3
PNMVTPGHAC[+57.0215]TQK	3	2.876125284017372E-05	3	3
PNVSASTQASR	2	5.7713395279044266E-05	3	3
PSSGTVQELNFR	2	0.00040286423475288825	3	3
PSTPGLSVVSGISATSEDIPNK	3	0.0004380878752738049	3	3
PTPQLAAFSASK	2	0.0005899136799778482	3	3
PVELGFAESAPAWR	3	0.0033171677982541223	3	3
PVHLTAFLGYK	2	2.876125284017372E-05	3	3
PVLASIEPELPMQLVSQDDESGQK	3	0.00023956483751867195	3	3
PVQVATPIVASSEAVAEK	2	4.171620465970006E-05	3	3
PVTVEPMDQLDDEEGLPEK	3	2.876125284017372E-05	3	3
PVVLSLETLR	2	0.00036847438445038096	3	3
PYENISLC[+57.0215]QAK	2	2.876125284017372E-05	3	3
QAATQQNWDYR	2	0.0005271481286241434	3	3
QAAVGQGDFHLLDHR	3	0.0014872415917734293	3	3
QAGLLAVMAQMGC[+57.0215]YVPAEVC[+57.0215]R	3	2.876125284017372E-05	3	3
QAQQVIQK	2	0.0005271481286241434	3	3
QATAFGLLK	2	0.004934485642598271	3	3
QAVHC[+57.0215]IHAIFTNK	2	8.067931987333347E-05	3	3
QAVPGRPGPFPSK	2	8.067931987333347E-05	3	3
QC[+57.0215]IHQLC[+57.0215]FTSLR	3	9.628963923481833E-05	3	3
QDAQDRLDEMDQQK	2	3.58339454965689E-05	3	3
QEDEWDKPR	3	0.004219209702290293	3	3
QEELTPLGVHLAR	3	6.77759327662747E-05	3	3
QEGGDNDLIER	2	0.0001627026387409774	3	3
QELATLK	2	4.171620465970006E-05	3	3
QENEDSSDATTPVPR	2	0.0003322038402763936	3	3
QFAALVASK	2	2.876125284017372E-05	3	3
QFESLPATHIR	2	2.876125284017372E-05	3	3
QGQDAIPPPDPGEQIFNLPK	3	0.0006638453240394988	3	3
QHAAVLEEGVLDPK	2	2.876125284017372E-05	3	3
QHLEETTQK	2	2.876125284017372E-05	3	3
QHLENDPGSNEDTDIPK	3	2.876125284017372E-05	3	3
QIFFGLAPGWVVNMADK	3	6.458974745408745E-05	3	3
QILIAC[+57.0215]SPVSSVR	2	4.171620465970006E-05	3	3
QIYHHVTGR	2	4.171620465970006E-05	3	3
QLESQLHR	2	0.0011191394578149616	3	3
QLPEPLISFR	2	0.0003322038402763936	3	3
QLSSSVTGLTNIEEENC[+57.0215]QR	3	4.171620465970006E-05	3	3
QLYEFDIK	2	9.628963923481833E-05	3	3
QNFEDLHC[+57.0215]K	2	8.338892595063375E-05	3	3
QNGTVVGTDIAELLLR	2	2.876125284017372E-05	3	3
QNQVEFEGLK	2	0.001033466731166718	3	3
QPAENVNQYLTDPK	2	2.876125284017372E-05	3	3
QQQQQQQHQQPNR	2	4.171620465970006E-05	3	3
QREEITAIVK	2	0.004092134746116745	3	3
QSGYGGQTK	2	4.171620465970006E-05	3	3
QSMAFSILNTPK	2	2.876125284017372E-05	3	3
QTSDGNWLMVHR	3	2.876125284017372E-05	3	3
QVVEEPSPQLPADK	2	0.00013765256492612646	3	3
QYTEAVK	2	2.876125284017372E-05	3	3
RAEVLALPFK	2	0.0020336685120325385	3	3
RAQGGDGVLDATGEEANSNAENPK	3	4.422039444591846E-05	3	3
RDHPLPEVAHVK	3	0.0009533945279588488	3	3
RDIVEELSALK	2	4.422039444591846E-05	3	3
REPETPLAVPGLR	3	0.0008639938959392287	3	3
RGLDEDR	2	6.77759327662747E-05	3	3
RHATAEEVEEEER	2	0.0005899136799778482	3	3
RLEEPEEPK	2	2.876125284017372E-05	3	3
RLPENLYNDR	2	4.171620465970006E-05	3	3
RLPVMMDEALSYLEK	3	9.628963923481833E-05	3	3
RNQNSQISTEK	2	6.458974745408745E-05	3	3
RPAAAAAAGSASPR	3	9.628963923481833E-05	3	3
RPIVAC[+57.0215]ELGR	2	0.005435032086887067	3	3
RPLLLNSVLLR	3	2.876125284017372E-05	3	3
RPSQAEEQALSMDFK	3	0.005829629089849159	3	3
RPTPAEEPGELEDNYLEYLR	3	6.77759327662747E-05	3	3
RSENEEFVEVGR	3	0.00028839023318410285	3	3
RVESQLK	2	4.171620465970006E-05	3	3
SAFEYGGQK	2	0.00307419046317803	3	3
SAGYPGTLIPYR	2	0.00045710222583389415	3	3
SAPGEDEEC[+57.0215]GR	2	0.0001524459960059149	3	3
SC[+57.0215]GSSTPDEFPTDIPGTK	3	2.876125284017372E-05	3	3
SDHLIQTDTVNLHR	2	2.876125284017372E-05	3	3
SDPAAFESR	2	0.0008307443697153847	3	3
SDVHTEAVQAALAK	2	0.00010827197921177999	3	3
SDVQIHVPTFTFR	3	2.876125284017372E-05	3	3
SDYLNTFEFMDK	2	2.876125284017372E-05	3	3
SEDEPPAASASAAPPPQR	2	0.00010827197921177999	3	3
SEDEVGSLIEYEFR	2	2.876125284017372E-05	3	3
SEFEQNLSEK	2	2.876125284017372E-05	3	3
SEIEVISEPPEEK	2	3.437252947444403E-05	3	3
SEPPTLAQPSR	2	0.0003322038402763936	3	3
SEYFPTLSSR	2	0.00208222213104665	3	3
SFDVNKPGC[+57.0215]EVDDLK	3	2.876125284017372E-05	3	3
SFEDIHHYR	3	4.171620465970006E-05	3	3
SFQGVTGYLK	2	0.009292604779300637	3	3
SFSRPDHLNSHVR	2	0.00360739949784999	3	3
SGEGIREPISVK	3	0.003424061284893506	3	3
SGLEELVLSEMNSPSR	3	0.0035044022242817423	3	3
SGLLVLTTPLASLAPR	2	2.876125284017372E-05	3	3
SGLVSSSSSPVVVQHSVASQASAK	3	0.005649510924216107	3	3
SGSALELSVENVK	2	0.0004828226555246054	3	3
SHILEDDENSVDISMLK	3	0.00010827197921177999	3	3
SHSLSQHTATSSK	2	4.171620465970006E-05	3	3
SHTEEDC[+57.0215]TEELFDFLHAR	3	2.876125284017372E-05	3	3
SIATDVLLGLLK	2	3.241175898616018E-05	3	3
SIDPDSIQSALLASGLGSK	3	0.009179630046200966	3	3
SIIGMGTGAGAYILTR	2	0.0008484642796538266	3	3
SINDMMSSMSDQTVR	2	0.0008575748685427998	3	3
SLAC[+57.0215]QPISFSGFGAEDDDLGGLGLGP	3	3.58339454965689E-05	3	3
SLFEQVDR	2	6.458974745408745E-05	3	3
SLSLGGHVGFDSLPDQLVSK	3	3.241175898616018E-05	3	3
SLVALLVETQMK	2	2.876125284017372E-05	3	3
SMVDELFAEIVR	3	0.0028205128205128207	3	3
SNEDVNSSELDEEYLIELEK	3	0.00028839023318410285	3	3
SNILLLGPTGSGK	2	2.876125284017372E-05	3	3
SNLHAMIK	2	0.00025122822688700315	3	3
SPAQAELSYLNK	2	0.004171248720185052	3	3
SPGEPGGAAPER	2	6.77759327662747E-05	3	3
SPPPPGGGNLGMNSR	2	0.0021640160872139313	3	3
SPQRPSDWSK	2	0.0004828226555246054	3	3
SQENILQGFSTSHK	2	3.58339454965689E-05	3	3
SQIYGSR	2	0.0002299709661655216	3	3
SQLIMQAEAEAASVR	2	2.876125284017372E-05	3	3
SQPDPVDTPTSSKPQSK	2	2.876125284017372E-05	3	3
SQTEAVTFLANHDDSR	3	4.171620465970006E-05	3	3
SQVKLMDLEDC[+57.0215]ALWEGK	3	0.003147105247773642	3	3
SQVPPVLDVR	2	0.0001524459960059149	3	3
SSALLGAQC[+57.0215]QGVR	2	0.00028839023318410285	3	3
SSAVVVDAIPVFLEK	2	4.171620465970006E-05	3	3
SSC[+57.0215]ELEVLLR	2	4.422039444591846E-05	3	3
SSENGVDYVIMGMPHR	3	0.0005899136799778482	3	3
SSGPTSLFAVTVAPPGAR	3	2.876125284017372E-05	3	3
SSPLLNYNTGVYR	2	6.458974745408745E-05	3	3
SSRPPVPISNATK	3	0.00023956483751867195	3	3
SSSHDSGTDITSVTLGDTTAVK	3	0.0021813140888426803	3	3
SSSISEEK	2	0.00047709923664122136	3	3
SSTPTTIFPIR	2	2.876125284017372E-05	3	3
SSTPVPSK	2	0.0006825617247628687	3	3
SSYNLVPR	2	0.00010827197921177999	3	3
STEEEEER	2	0.0008168618698083251	3	3
STELDSNWNWFQLR	2	0.00045710222583389415	3	3
STFVNILK	2	3.241175898616018E-05	3	3
STHGLAILGPENPK	3	2.876125284017372E-05	3	3
STHTLDLSR	2	0.00027799013135033706	3	3
STLMDTLFNTK	2	2.876125284017372E-05	3	3
STLPGSTTSNK	2	0.0013915649753800043	3	3
STSEAQFFLRPLR	3	0.0005899136799778482	3	3
STSYGYSR	2	0.00650380139084063	3	3
STTTGHLIYK	2	2.876125284017372E-05	3	3
SVAHGQAPEMPLVK	3	8.067931987333347E-05	3	3
SVDWTHFGGSPPSDEIR	3	0.0008484642796538266	3	3
SVMEELK	2	0.0012117146844673324	3	3
SVTVSSNSEPSTALTK	2	0.001639395945647719	3	3
SYEDDDDMDLQPNK	2	3.437252947444403E-05	3	3
SYLYFTQFK	2	2.876125284017372E-05	3	3
SYMAPER	2	9.628963923481833E-05	3	3
SYQLEGVNWLAQR	2	4.171620465970006E-05	3	3
SYSSGGEDGYVR	2	2.876125284017372E-05	3	3
TADDPSLSLIK	2	2.876125284017372E-05	3	3
TAGDGWFGMK	2	3.58339454965689E-05	3	3
TASEGDGGAAAGAAAAGAR	2	3.58339454965689E-05	3	3
TATITEPR	2	6.458974745408745E-05	3	3
TDSFVPR	2	2.876125284017372E-05	3	3
TEC[+57.0215]HC[+57.0215]GADNC[+57.0215]SGFLGVRPK	3	0.001742905747414342	3	3
TFNNTSNLR	2	0.00010827197921177999	3	3
TFSSEEEEANYWK	2	0.0070625	3	3
TGGPAYGPSSDVSTASETESEK	3	0.009126173241436636	3	3
TGGVDFHMK	2	0.0033710150823864464	3	3
TGIVDISILTTGMSATSR	3	2.876125284017372E-05	3	3
THQPSDEVGTSIEHPR	3	2.876125284017372E-05	3	3
TIFVLTK	2	2.876125284017372E-05	3	3
TIILFTK	2	3.241175898616018E-05	3	3
TILSLMTR	2	4.422039444591846E-05	3	3
TIQVPQQK	2	0.0015143011447269492	3	3
TIVITSHPGQIVK	2	2.876125284017372E-05	3	3
TKPADMVIEAYGHGQR	3	4.422039444591846E-05	3	3
TLAAEMQELR	2	4.422039444591846E-05	3	3
TLFEDSFQQIMSFSPQDLR	3	0.00025122822688700315	3	3
TLFHNPFYIGK	3	0.0004828226555246054	3	3
TLFIFPGLLPEAPSKPGLPK	3	9.628963923481833E-05	3	3
TLFITGLPR	2	4.171620465970006E-05	3	3
TLHWDTDPSVLQLHSDSDLGR	3	0.0088817503038722	3	3
TLLSYSELWK	3	0.002622091117666339	3	3
TLLYNFIR	2	0.0009025170196882416	3	3
TLMMDANQR	2	0.0007039609536324385	3	3
TLQEDLVK	2	0.0003322038402763936	3	3
TLQIFNIEMK	2	2.876125284017372E-05	3	3
TLSTSDDVEDRENEK	2	2.876125284017372E-05	3	3
TLVSTVGSMVFNEGEAQR	3	2.876125284017372E-05	3	3
TMEDQDLKPNR	3	0.007354115288398418	3	3
TMTC[+57.0215]EYALC[+57.0215]SFFVPGDR	3	0.0024633254894107044	3	3
TNGDSQQPSSSGLASSK	2	3.437252947444403E-05	3	3
TNQNSVDTTLK	2	0.003424061284893506	3	3
TPDGTENGDFLALDLGGTNFR	3	0.00036847438445038096	3	3
TPLTSADEHVHSK	2	4.171620465970006E-05	3	3
TPNEEIDR	2	0.0001627026387409774	3	3
TPSKPPAQLSPSVPK	3	0.0002299709661655216	3	3
TPYVTTTVSAHSAK	3	0.0008575748685427998	3	3
TPYYSVAQVGIPDLR	2	0.0022239372829376282	3	3
TQFPSLDIEVDGGVGPDTVHK	3	2.876125284017372E-05	3	3
TQQMNNDLEK	2	0.0009025170196882416	3	3
TRTELFDLK	2	0.0029820586013752782	3	3
TSGETTHTHREPAGDGK	3	6.458974745408745E-05	3	3
TSPQEGER	2	4.171620465970006E-05	3	3
TSVGPVIQKMWDQEK	2	0.0006638453240394988	3	3
TTSNNTYEVEK	2	4.171620465970006E-05	3	3
TTTIAVEVK	2	0.00023956483751867195	3	3
TVDSQGPTPVC[+57.0215]TPTFLER	3	0.0001627026387409774	3	3
TVEFLQEYIVNR	2	2.876125284017372E-05	3	3
TVGTPIASVPGSTNTGTVPGSEK	3	2.876125284017372E-05	3	3
TVLGSSENALGVC[+57.0215]SDTAAPLAAVDLK	3	0.003939561592613084	3	3
TVQYQNELHK	2	4.171620465970006E-05	3	3
TVSFEEHIK	2	9.628963923481833E-05	3	3
TVSGVNGPLVILDHVK	3	9.628963923481833E-05	3	3
TYDLLFK	2	2.876125284017372E-05	3	3
TYLTNHPAK	2	0.007526453269579847	3	3
TYSEFC[+57.0215]SR	2	0.0006825617247628687	3	3
TYYVNHESR	2	2.876125284017372E-05	3	3
VAC[+57.0215]C[+57.0215]PLER	2	2.876125284017372E-05	3	3
VADFGLVRPLGGAR	3	9.628963923481833E-05	3	3
VAEELALEQAK	2	2.876125284017372E-05	3	3
VAKPVVEMDGDEMTR	2	6.458974745408745E-05	3	3
VALSHHLVAR	2	0.0003322038402763936	3	3
VASWELR	2	0.0008639938959392287	3	3
VATHSSNIR	2	0.00010827197921177999	3	3
VATLNSEEESDPPTYK	2	2.876125284017372E-05	3	3
VAYGGTGDAATR	2	2.876125284017372E-05	3	3
VC[+57.0215]GHTYEEDAIVR	2	0.0008307443697153847	3	3
VDAQFGGIDQR	2	2.876125284017372E-05	3	3
VDGTLLVGEDAPR	2	0.00028839023318410285	3	3
VDIDVPDVNLEAPEGK	2	2.876125284017372E-05	3	3
VDLQSLPTR	2	2.876125284017372E-05	3	3
VEAENISPK	2	0.00418576461229592	3	3
VEEESITK	2	4.171620465970006E-05	3	3
VEELEGER	2	4.422039444591846E-05	3	3
VEFWNQMK	2	0.004965151135488302	3	3
VEHIEWFR	2	4.171620465970006E-05	3	3
VEILSEGNEVQFIQLAK	3	0.0025359678111802233	3	3
VESTDVSDLLHQYR	2	2.876125284017372E-05	3	3
VETFSSLK	2	6.77759327662747E-05	3	3
VEYYPVSGGK	2	0.0026849760234613405	3	3
VFFEQSK	2	0.00045710222583389415	3	3
VFGLPLPLLVER	2	0.00040286423475288825	3	3
VFLKPAEENSGNASR	3	0.005780294120328583	3	3
VFNELLVLLPDTAK	3	4.171620465970006E-05	3	3
VFYELQHSDKPVGTK	3	8.067931987333347E-05	3	3
VGDQILLAIK	2	2.876125284017372E-05	3	3
VGEIEFEGLMR	2	3.241175898616018E-05	3	3
VGMGSSYNGQDEVDIK	2	0.0020078460445432924	3	3
VGQETFYDVYR	2	0.0014003529344794217	3	3
VGTEC[+57.0215]GNQK	2	2.876125284017372E-05	3	3
VHEHYLVHKPEK	2	0.002613508759726128	3	3
VHQLYETIQR	2	2.876125284017372E-05	3	3
VISNEFNSR	2	6.467886941336265E-05	3	3
VKPLQDQNELFGK	2	4.171620465970006E-05	3	3
VLC[+57.0215]GGDIYVPEDPK	2	2.876125284017372E-05	3	3
VLDIMPLTLHAC[+57.0215]MHQK	3	0.0001627026387409774	3	3
VLEGHVFDVNC[+57.0215]C[+57.0215]R	2	9.628963923481833E-05	3	3
VLPANSMAESR	2	2.876125284017372E-05	3	3
VLPDPEVISDLVFLK	3	0.0024892283392148433	3	3
VLQEALC[+57.0215]VISGVPGLK	2	2.876125284017372E-05	3	3
VLVPLLR	2	4.422039444591846E-05	3	3
VLWIPAC[+57.0215]PL	2	0.006767247955914162	3	3
VLYAYGYYTGEPSK	2	2.876125284017372E-05	3	3
VMIWDDLK	2	0.0005899136799778482	3	3
VMPAPPPK	2	2.876125284017372E-05	3	3
VMVLDFVTPTPLGTR	3	2.876125284017372E-05	3	3
VNAVPRPIPEK	2	2.876125284017372E-05	3	3
VNDFLAEIFKK	3	2.876125284017372E-05	3	3
VNIVDLQQVINVDLIHIENR	3	0.0003322038402763936	3	3
VNVEDAGGETLGR	2	9.628963923481833E-05	3	3
VPFLEFK	2	0.0022239372829376282	3	3
VPFSEEIR	2	0.002155899091661473	3	3
VPGIFISR	2	0.0008307443697153847	3	3
VPITYLELLN	2	2.876125284017372E-05	3	3
VPLQTLHMTSENQEK	3	0.0003792237681765875	3	3
VPVFSHEVVPDHLR	3	4.422039444591846E-05	3	3
VQAAHQWR	2	0.0005899136799778482	3	3
VQAWYMDDAPGDPR	2	2.876125284017372E-05	3	3
VQTDAFVSNELDDPDDLQC[+57.0215]K	3	4.171620465970006E-05	3	3
VSAAPGLADQTTGMSTLTSTSYSHR	3	0.009494434297136162	3	3
VTEGQQER	2	8.067931987333347E-05	3	3
VTHELQAMK	2	2.876125284017372E-05	3	3
VTMINAIPVASLDPIK	3	2.876125284017372E-05	3	3
VTSLETATEK	2	0.0009619211888019105	3	3
VTSVQIHGTSEER	3	0.009225315580148712	3	3
VVAC[+57.0215]TSAFLLWDPTK	3	9.628963923481833E-05	3	3
VVAQVLTLLDGASGDR	3	9.628963923481833E-05	3	3
VVHFLGR	2	0.0001627026387409774	3	3
VVLPC[+57.0215]SVQEYQVGQLYSVAEASK	3	2.876125284017372E-05	3	3
VVNGAAASQPPSK	2	3.241175898616018E-05	3	3
VVNSETPVVVDFHAQWC[+57.0215]GPC[+57.0215]K	3	3.437252947444403E-05	3	3
VWNNSSTVNAVPVAPPVC[+57.0215]DVAR	3	2.876125284017372E-05	3	3
VYWSTTDAR	2	0.0014392170659161417	3	3
WDAC[+57.0215]ANMK	2	0.0021640160872139313	3	3
WDGEGSMYVPEDLLPVYK	3	3.241175898616018E-05	3	3
WEDRGPSGQGQGQFLIQQVTLK	3	2.876125284017372E-05	3	3
WIDIHNPATNEVIGR	2	4.171620465970006E-05	3	3
WLAPDGLIFPDR	2	2.876125284017372E-05	3	3
WLLLC[+57.0215]NPGLAELIAEK	3	0.0021882060781240457	3	3
WLLVESK	2	9.628963923481833E-05	3	3
WNENVQYLSEDR	2	3.58339454965689E-05	3	3
WQPTASEPVK	2	2.876125284017372E-05	3	3
WSNAGELMELIR	2	2.876125284017372E-05	3	3
WTSPQVIK	2	0.0001627026387409774	3	3
WVWDQEEER	2	3.58339454965689E-05	3	3
YASETLQAQSEEAR	2	2.876125284017372E-05	3	3
YEAELSELEQSER	2	4.171620465970006E-05	3	3
YEDEINK	2	4.171620465970006E-05	3	3
YEELFPAFSDSR	2	4.422039444591846E-05	3	3
YFFDFLDEQAEK	2	2.876125284017372E-05	3	3
YFGDTDMYHR	3	0.0019181519383702967	3	3
YFLQTTTPLDYEK	2	0.0001627026387409774	3	3
YGEVMPVYR	2	9.628963923481833E-05	3	3
YGEYEWVHK	2	0.0002299709661655216	3	3
YGGQPVPNFPSK	2	2.876125284017372E-05	3	3
YGREVELK	2	0.0008742238461366031	3	3
YGTDLLLYR	2	6.458974745408745E-05	3	3
YIPLIQGIDPSLQAENR	3	0.0032099606050289384	3	3
YLAVESPFLK	2	2.876125284017372E-05	3	3
YLHVLWQQDAEPR	3	0.0022239372829376282	3	3
YMPGLLR	2	0.0009822532226734946	3	3
YNNGSTELHSSSVGLAK	3	4.171620465970006E-05	3	3
YNVLGAETVLNQMR	2	2.876125284017372E-05	3	3
YQTIHSTGFLASR	2	0.0004137574347039048	3	3
YRADTLGELDLER	3	0.003727624669400897	3	3
YRDHVTATQLIQK	3	0.0001627026387409774	3	3
YSEVDDSLPSGGEKPSK	2	4.171620465970006E-05	3	3
YSPHLLANSK	2	0.00023956483751867195	3	3
YSPLHNVK	2	2.876125284017372E-05	3	3
YTIHSQLEHLQSK	3	2.876125284017372E-05	3	3
YVGEVFNIVSQQSTAR	2	0.0002299709661655216	3	3
YWIDIQLR	2	0.0003563274517308276	3	3
YYFEGIK	2	5.7713395279044266E-05	3	3
YYNEEC[+57.0215]R	2	0.0006638453240394988	3	3
