ElementLocator,annotation_BioReplicate,annotation_Condition
Replicate:/sample1_R01,S1,S1
Replicate:/sample1_R02,S1,S1
Replicate:/sample1_R03,S1,S1
Replicate:/sample2_R01,S2,S2
Replicate:/sample2_R02,S2,S2
Replicate:/sample2_R03,S2,S2
Replicate:/sample3_R01,S3,S3
Replicate:/sample3_R02,S3,S3
Replicate:/sample3_R03,S3,S3
Replicate:/sample4_R01,S4,S4
Replicate:/sample4_R02,S4,S4
Replicate:/sample4_R03,S4,S4
Replicate:/sample5_R01,S5,S5
Replicate:/sample5_R02,S5,S5
Replicate:/sample5_R03,S5,S5
Replicate:/sample6_R01,S6,S6
Replicate:/sample6_R02,S6,S6
Replicate:/sample6_R03,S6,S6
Replicate:/sample7_R01,S7,S7
Replicate:/sample7_R02,S7,S7
Replicate:/sample7_R03,S7,S7
Replicate:/sample8_R01,S8,S8
Replicate:/sample8_R02,S8,S8
Replicate:/sample8_R03,S8,S8
