485.912407,218.149918,0,sp|P00442|SODC_BOVIN.GDGPVQGTIHFEAK.+3y2.light,sp|P00442|SODC_BOVIN.GDGPVQGTIHFEAK.light,0.945600204467773,1,1000,1.0,100,30.3
485.912407,631.319837,0,sp|P00442|SODC_BOVIN.GDGPVQGTIHFEAK.+3y5.light,sp|P00442|SODC_BOVIN.GDGPVQGTIHFEAK.light,0.945600204467773,1,1000,1.0,100,30.3
485.912407,494.260925,0,sp|P00442|SODC_BOVIN.GDGPVQGTIHFEAK.+3y4.light,sp|P00442|SODC_BOVIN.GDGPVQGTIHFEAK.light,0.945600204467773,2,1000,1.0,100,30.3
485.912407,902.473043,0,sp|P00442|SODC_BOVIN.GDGPVQGTIHFEAK.+3y8.light,sp|P00442|SODC_BOVIN.GDGPVQGTIHFEAK.light,0.945600204467773,2,1000,1.0,100,27.3
485.912407,744.403901,0,sp|P00442|SODC_BOVIN.GDGPVQGTIHFEAK.+3y6.light,sp|P00442|SODC_BOVIN.GDGPVQGTIHFEAK.light,0.945600204467773,2,1000,1.0,100,30.3
485.912407,845.451579,0,sp|P00442|SODC_BOVIN.GDGPVQGTIHFEAK.+3y7.light,sp|P00442|SODC_BOVIN.GDGPVQGTIHFEAK.light,0.945600204467773,2,1000,1.0,100,24.3
409.210564,434.224539,0,sp|P00442|SODC_BOVIN.HVGDLGNVTADK.+3y4.light,sp|P00442|SODC_BOVIN.HVGDLGNVTADK.light,0.937333755493164,1,1000,1.0,100,20.5
409.210564,333.176861,0,sp|P00442|SODC_BOVIN.HVGDLGNVTADK.+3y3.light,sp|P00442|SODC_BOVIN.HVGDLGNVTADK.light,0.937333755493164,1,1000,1.0,100,20.5
409.210564,262.139747,0,sp|P00442|SODC_BOVIN.HVGDLGNVTADK.+3y2.light,sp|P00442|SODC_BOVIN.HVGDLGNVTADK.light,0.937333755493164,2,1000,1.0,100,29.5
409.210564,533.292953,0,sp|P00442|SODC_BOVIN.HVGDLGNVTADK.+3y5.light,sp|P00442|SODC_BOVIN.HVGDLGNVTADK.light,0.937333755493164,2,1000,1.0,100,17.5
409.210564,647.335881,0,sp|P00442|SODC_BOVIN.HVGDLGNVTADK.+3y6.light,sp|P00442|SODC_BOVIN.HVGDLGNVTADK.light,0.937333755493164,2,1000,1.0,100,17.5
409.210564,704.357344,0,sp|P00442|SODC_BOVIN.HVGDLGNVTADK.+3y7.light,sp|P00442|SODC_BOVIN.HVGDLGNVTADK.light,0.937333755493164,2,1000,1.0,100,17.5
499.589047,672.33113,0,sp|P00442|SODC_BOVIN.TMVVHEKPDDLGR.+3y6.light,sp|P00442|SODC_BOVIN.TMVVHEKPDDLGR.light,1.21800010681152,1,1000,1.0,100,34
499.589047,800.426093,0,sp|P00442|SODC_BOVIN.TMVVHEKPDDLGR.+3y7.light,sp|P00442|SODC_BOVIN.TMVVHEKPDDLGR.light,1.21800010681152,1,1000,1.0,100,34
499.589047,345.22448,0,sp|P00442|SODC_BOVIN.TMVVHEKPDDLGR.+3y3.light,sp|P00442|SODC_BOVIN.TMVVHEKPDDLGR.light,1.21800010681152,2,1000,1.0,100,37
499.589047,929.468686,0,sp|P00442|SODC_BOVIN.TMVVHEKPDDLGR.+3y8.light,sp|P00442|SODC_BOVIN.TMVVHEKPDDLGR.light,1.21800010681152,2,1000,1.0,100,28
499.589047,460.251423,0,sp|P00442|SODC_BOVIN.TMVVHEKPDDLGR.+3y4.light,sp|P00442|SODC_BOVIN.TMVVHEKPDDLGR.light,1.21800010681152,2,1000,1.0,100,37
499.589047,575.278366,0,sp|P00442|SODC_BOVIN.TMVVHEKPDDLGR.+3y5.light,sp|P00442|SODC_BOVIN.TMVVHEKPDDLGR.light,1.21800010681152,2,1000,1.0,100,31
534.253828,868.404688,0,tr|Q4ADJ7|Q4ADJ7_CHICK.AQSDFGVDTK.+2y8.light,tr|Q4ADJ7|Q4ADJ7_CHICK.AQSDFGVDTK.light,0.97913330078125,1,1000,1.0,100,25.7
534.253828,248.160482,0,tr|Q4ADJ7|Q4ADJ7_CHICK.AQSDFGVDTK.+2y2.light,tr|Q4ADJ7|Q4ADJ7_CHICK.AQSDFGVDTK.light,0.97913330078125,1,1000,1.0,100,37.7
534.253828,363.187425,0,tr|Q4ADJ7|Q4ADJ7_CHICK.AQSDFGVDTK.+2y3.light,tr|Q4ADJ7|Q4ADJ7_CHICK.AQSDFGVDTK.light,0.97913330078125,2,1000,1.0,100,34.7
534.253828,666.345717,0,tr|Q4ADJ7|Q4ADJ7_CHICK.AQSDFGVDTK.+2y6.light,tr|Q4ADJ7|Q4ADJ7_CHICK.AQSDFGVDTK.light,0.97913330078125,2,1000,1.0,100,31.7
534.253828,519.277303,0,tr|Q4ADJ7|Q4ADJ7_CHICK.AQSDFGVDTK.+2y5.light,tr|Q4ADJ7|Q4ADJ7_CHICK.AQSDFGVDTK.light,0.97913330078125,2,1000,1.0,100,31.7
534.253828,781.37266,0,tr|Q4ADJ7|Q4ADJ7_CHICK.AQSDFGVDTK.+2y7.light,tr|Q4ADJ7|Q4ADJ7_CHICK.AQSDFGVDTK.light,0.97913330078125,2,1000,1.0,100,25.7
401.204862,301.187031,0,tr|Q4ADJ7|Q4ADJ7_CHICK.SDFHLFGPPGK.+3y3.light,tr|Q4ADJ7|Q4ADJ7_CHICK.SDFHLFGPPGK.light,1.10013168334961,1,1000,1.0,100,23.1
401.204862,398.239795,0,tr|Q4ADJ7|Q4ADJ7_CHICK.SDFHLFGPPGK.+3y4.light,tr|Q4ADJ7|Q4ADJ7_CHICK.SDFHLFGPPGK.light,1.10013168334961,1,1000,1.0,100,26.1
401.204862,455.261259,0,tr|Q4ADJ7|Q4ADJ7_CHICK.SDFHLFGPPGK.+3y5.light,tr|Q4ADJ7|Q4ADJ7_CHICK.SDFHLFGPPGK.light,1.10013168334961,2,1000,1.0,100,20.1
401.204862,602.329673,0,tr|Q4ADJ7|Q4ADJ7_CHICK.SDFHLFGPPGK.+3y6.light,tr|Q4ADJ7|Q4ADJ7_CHICK.SDFHLFGPPGK.light,1.10013168334961,2,1000,1.0,100,23.1
401.204862,715.413737,0,tr|Q4ADJ7|Q4ADJ7_CHICK.SDFHLFGPPGK.+3y7.light,tr|Q4ADJ7|Q4ADJ7_CHICK.SDFHLFGPPGK.light,1.10013168334961,2,1000,1.0,100,20.1
401.204862,204.134267,0,tr|Q4ADJ7|Q4ADJ7_CHICK.SDFHLFGPPGK.+3y2.light,tr|Q4ADJ7|Q4ADJ7_CHICK.SDFHLFGPPGK.light,1.10013168334961,2,1000,1.0,100,29.1
524.266541,737.394064,0,tr|Q4ADJ7|Q4ADJ7_CHICK.YFGYTGALR.+2y7.light,tr|Q4ADJ7|Q4ADJ7_CHICK.YFGYTGALR.light,0.999099426269531,1,1000,1.0,100,25.2
524.266541,517.309272,0,tr|Q4ADJ7|Q4ADJ7_CHICK.YFGYTGALR.+2y5.light,tr|Q4ADJ7|Q4ADJ7_CHICK.YFGYTGALR.light,0.999099426269531,1,1000,1.0,100,28.2
524.266541,884.462478,0,tr|Q4ADJ7|Q4ADJ7_CHICK.YFGYTGALR.+2y8.light,tr|Q4ADJ7|Q4ADJ7_CHICK.YFGYTGALR.light,0.999099426269531,2,1000,1.0,100,28.2
524.266541,416.261593,0,tr|Q4ADJ7|Q4ADJ7_CHICK.YFGYTGALR.+2y4.light,tr|Q4ADJ7|Q4ADJ7_CHICK.YFGYTGALR.light,0.999099426269531,2,1000,1.0,100,34.2
524.266541,680.3726,0,tr|Q4ADJ7|Q4ADJ7_CHICK.YFGYTGALR.+2y6.light,tr|Q4ADJ7|Q4ADJ7_CHICK.YFGYTGALR.light,0.999099426269531,2,1000,1.0,100,28.2
524.266541,175.118952,0,tr|Q4ADJ7|Q4ADJ7_CHICK.YFGYTGALR.+2y1.light,tr|Q4ADJ7|Q4ADJ7_CHICK.YFGYTGALR.light,0.999099426269531,2,1000,1.0,100,40.2
608.986523,800.389707,0,sp|P00432|CATA_BOVIN.AAQKPDVLTTGGGNPVGDK.+3y9.light,sp|P00432|CATA_BOVIN.AAQKPDVLTTGGGNPVGDK.light,0.984132461547852,1,1000,1.0,100,24.4
608.986523,743.368243,0,sp|P00432|CATA_BOVIN.AAQKPDVLTTGGGNPVGDK.+3y8.light,sp|P00432|CATA_BOVIN.AAQKPDVLTTGGGNPVGDK.light,0.984132461547852,1,1000,1.0,100,27.4
608.986523,515.282388,0,sp|P00432|CATA_BOVIN.AAQKPDVLTTGGGNPVGDK.+3y5.light,sp|P00432|CATA_BOVIN.AAQKPDVLTTGGGNPVGDK.light,0.984132461547852,2,1000,1.0,100,39.4
608.986523,901.437386,0,sp|P00432|CATA_BOVIN.AAQKPDVLTTGGGNPVGDK.+3y10.light,sp|P00432|CATA_BOVIN.AAQKPDVLTTGGGNPVGDK.light,0.984132461547852,2,1000,1.0,100,30.4
608.986523,319.161211,0,sp|P00432|CATA_BOVIN.AAQKPDVLTTGGGNPVGDK.+3y3.light,sp|P00432|CATA_BOVIN.AAQKPDVLTTGGGNPVGDK.light,0.984132461547852,2,1000,1.0,100,39.4
608.986523,1002.485064,0,sp|P00432|CATA_BOVIN.AAQKPDVLTTGGGNPVGDK.+3y11.light,sp|P00432|CATA_BOVIN.AAQKPDVLTTGGGNPVGDK.light,0.984132461547852,2,1000,1.0,100,27.4
429.210564,345.22448,0,sp|P00432|CATA_BOVIN.LAHEDPDYGLR.+3y3.light,sp|P00432|CATA_BOVIN.LAHEDPDYGLR.light,1.00456588745117,1,1000,1.0,100,21.5
429.210564,508.287808,0,sp|P00432|CATA_BOVIN.LAHEDPDYGLR.+3y4.light,sp|P00432|CATA_BOVIN.LAHEDPDYGLR.light,1.00456588745117,1,1000,1.0,100,24.5
429.210564,175.118952,0,sp|P00432|CATA_BOVIN.LAHEDPDYGLR.+3y1.light,sp|P00432|CATA_BOVIN.LAHEDPDYGLR.light,1.00456588745117,2,1000,1.0,100,30.5
429.210564,288.203016,0,sp|P00432|CATA_BOVIN.LAHEDPDYGLR.+3y2.light,sp|P00432|CATA_BOVIN.LAHEDPDYGLR.light,1.00456588745117,2,1000,1.0,100,24.5
429.210564,623.314751,0,sp|P00432|CATA_BOVIN.LAHEDPDYGLR.+3y5.light,sp|P00432|CATA_BOVIN.LAHEDPDYGLR.light,1.00456588745117,2,1000,1.0,100,21.5
429.210564,720.367515,0,sp|P00432|CATA_BOVIN.LAHEDPDYGLR.+3y6.light,sp|P00432|CATA_BOVIN.LAHEDPDYGLR.light,1.00456588745117,2,1000,1.0,100,10
469.881107,708.33113,0,sp|P00432|CATA_BOVIN.NFSDVHPEYGSR.+3y6.light,sp|P00432|CATA_BOVIN.NFSDVHPEYGSR.light,0.914134674072266,1,1000,1.0,100,26.5
469.881107,482.235772,0,sp|P00432|CATA_BOVIN.NFSDVHPEYGSR.+3y4.light,sp|P00432|CATA_BOVIN.NFSDVHPEYGSR.light,0.914134674072266,1,1000,1.0,100,32.5
469.881107,262.15098,0,sp|P00432|CATA_BOVIN.NFSDVHPEYGSR.+3y2.light,sp|P00432|CATA_BOVIN.NFSDVHPEYGSR.light,0.914134674072266,2,1000,1.0,100,20.5
469.881107,611.278366,0,sp|P00432|CATA_BOVIN.NFSDVHPEYGSR.+3y5.light,sp|P00432|CATA_BOVIN.NFSDVHPEYGSR.light,0.914134674072266,2,1000,1.0,100,32.5
469.881107,319.172444,0,sp|P00432|CATA_BOVIN.NFSDVHPEYGSR.+3y3.light,sp|P00432|CATA_BOVIN.NFSDVHPEYGSR.light,0.914134674072266,2,1000,1.0,100,32.5
469.881107,845.390041,0,sp|P00432|CATA_BOVIN.NFSDVHPEYGSR.+3y7.light,sp|P00432|CATA_BOVIN.NFSDVHPEYGSR.light,0.914134674072266,2,1000,1.0,100,26.5
473.902743,307.143452,0,sp|P02769|ALBU_BOVIN.SLHTLFGDELC[CAM]K.+3y2.light,sp|P02769|ALBU_BOVIN.SLHTLFGDELC[CAM]K.light,0.922198944091797,1,1000,1.0,100,32.7
473.902743,420.227516,0,sp|P02769|ALBU_BOVIN.SLHTLFGDELC[CAM]K.+3y3.light,sp|P02769|ALBU_BOVIN.SLHTLFGDELC[CAM]K.light,0.922198944091797,1,1000,1.0,100,23.7
473.902743,549.270109,0,sp|P02769|ALBU_BOVIN.SLHTLFGDELC[CAM]K.+3y4.light,sp|P02769|ALBU_BOVIN.SLHTLFGDELC[CAM]K.light,0.922198944091797,2,1000,1.0,100,23.7
473.902743,721.318516,0,sp|P02769|ALBU_BOVIN.SLHTLFGDELC[CAM]K.+3y6.light,sp|P02769|ALBU_BOVIN.SLHTLFGDELC[CAM]K.light,0.922198944091797,2,1000,1.0,100,10
473.902743,664.297052,0,sp|P02769|ALBU_BOVIN.SLHTLFGDELC[CAM]K.+3y5.light,sp|P02769|ALBU_BOVIN.SLHTLFGDELC[CAM]K.light,0.922198944091797,2,1000,1.0,100,23.7
473.902743,868.38693,0,sp|P02769|ALBU_BOVIN.SLHTLFGDELC[CAM]K.+3y7.light,sp|P02769|ALBU_BOVIN.SLHTLFGDELC[CAM]K.light,0.922198944091797,2,1000,1.0,100,17.7
526.260707,698.281402,0,sp|P02769|ALBU_BOVIN.LKPDPNTLC[CAM]DEFK.+3y5.light,sp|P02769|ALBU_BOVIN.LKPDPNTLC[CAM]DEFK.light,1.35140007019043,1,1000,1.0,100,26.3
526.260707,294.181218,0,sp|P02769|ALBU_BOVIN.LKPDPNTLC[CAM]DEFK.+3y2.light,sp|P02769|ALBU_BOVIN.LKPDPNTLC[CAM]DEFK.light,1.35140007019043,1,1000,1.0,100,32.3
526.260707,811.365466,0,sp|P02769|ALBU_BOVIN.LKPDPNTLC[CAM]DEFK.+3y6.light,sp|P02769|ALBU_BOVIN.LKPDPNTLC[CAM]DEFK.light,1.35140007019043,2,1000,1.0,100,23.3
526.260707,538.250754,0,sp|P02769|ALBU_BOVIN.LKPDPNTLC[CAM]DEFK.+3y4.light,sp|P02769|ALBU_BOVIN.LKPDPNTLC[CAM]DEFK.light,1.35140007019043,2,1000,1.0,100,26.3
526.260707,423.223811,0,sp|P02769|ALBU_BOVIN.LKPDPNTLC[CAM]DEFK.+3y3.light,sp|P02769|ALBU_BOVIN.LKPDPNTLC[CAM]DEFK.light,1.35140007019043,2,1000,1.0,100,35.3
526.260707,912.413145,0,sp|P02769|ALBU_BOVIN.LKPDPNTLC[CAM]DEFK.+3y7.light,sp|P02769|ALBU_BOVIN.LKPDPNTLC[CAM]DEFK.light,1.35140007019043,2,1000,1.0,100,29.3
435.910226,147.112804,0,sp|P02769|ALBU_BOVIN.HLVDEPQNLIK.+3y1.light,sp|P02769|ALBU_BOVIN.HLVDEPQNLIK.light,1.08326690673828,1,1000,1.0,100,18.8
435.910226,712.435201,0,sp|P02769|ALBU_BOVIN.HLVDEPQNLIK.+3y6.light,sp|P02769|ALBU_BOVIN.HLVDEPQNLIK.light,1.08326690673828,1,1000,1.0,100,18.8
435.910226,487.323859,0,sp|P02769|ALBU_BOVIN.HLVDEPQNLIK.+3y4.light,sp|P02769|ALBU_BOVIN.HLVDEPQNLIK.light,1.08326690673828,2,1000,1.0,100,18.8
435.910226,260.196868,0,sp|P02769|ALBU_BOVIN.HLVDEPQNLIK.+3y2.light,sp|P02769|ALBU_BOVIN.HLVDEPQNLIK.light,1.08326690673828,2,1000,1.0,100,21.8
435.910226,615.382437,0,sp|P02769|ALBU_BOVIN.HLVDEPQNLIK.+3y5.light,sp|P02769|ALBU_BOVIN.HLVDEPQNLIK.light,1.08326690673828,2,1000,1.0,100,18.8
435.910226,373.280932,0,sp|P02769|ALBU_BOVIN.HLVDEPQNLIK.+3y3.light,sp|P02769|ALBU_BOVIN.HLVDEPQNLIK.light,1.08326690673828,2,1000,1.0,100,18.8
449.555566,549.299101,0,sp|P80025|PERL_BOVIN.FGHMEVPSTVSR.+3y5.light,sp|P80025|PERL_BOVIN.FGHMEVPSTVSR.light,,1,1000,1.0,100,25.5
449.555566,646.351865,0,sp|P80025|PERL_BOVIN.FGHMEVPSTVSR.+3y6.light,sp|P80025|PERL_BOVIN.FGHMEVPSTVSR.light,,1,1000,1.0,100,22.5
449.555566,462.267073,0,sp|P80025|PERL_BOVIN.FGHMEVPSTVSR.+3y4.light,sp|P80025|PERL_BOVIN.FGHMEVPSTVSR.light,,2,1000,1.0,100,28.5
449.555566,361.219394,0,sp|P80025|PERL_BOVIN.FGHMEVPSTVSR.+3y3.light,sp|P80025|PERL_BOVIN.FGHMEVPSTVSR.light,,2,1000,1.0,100,25.5
449.555566,262.15098,0,sp|P80025|PERL_BOVIN.FGHMEVPSTVSR.+3y2.light,sp|P80025|PERL_BOVIN.FGHMEVPSTVSR.light,,2,1000,1.0,100,25.5
449.555566,175.118952,0,sp|P80025|PERL_BOVIN.FGHMEVPSTVSR.+3y1.light,sp|P80025|PERL_BOVIN.FGHMEVPSTVSR.light,,2,1000,1.0,100,34.5
489.940408,530.304521,0,sp|P80025|PERL_BOVIN.IHGFDLAAINLQR.+3y4.light,sp|P80025|PERL_BOVIN.IHGFDLAAINLQR.light,0.981563262939453,1,1000,1.0,100,24.5
489.940408,714.425699,0,sp|P80025|PERL_BOVIN.IHGFDLAAINLQR.+3y6.light,sp|P80025|PERL_BOVIN.IHGFDLAAINLQR.light,0.981563262939453,1,1000,1.0,100,24.5
489.940408,643.388585,0,sp|P80025|PERL_BOVIN.IHGFDLAAINLQR.+3y5.light,sp|P80025|PERL_BOVIN.IHGFDLAAINLQR.light,0.981563262939453,2,1000,1.0,100,24.5
489.940408,416.261593,0,sp|P80025|PERL_BOVIN.IHGFDLAAINLQR.+3y3.light,sp|P80025|PERL_BOVIN.IHGFDLAAINLQR.light,0.981563262939453,2,1000,1.0,100,21.5
489.940408,303.177529,0,sp|P80025|PERL_BOVIN.IHGFDLAAINLQR.+3y2.light,sp|P80025|PERL_BOVIN.IHGFDLAAINLQR.light,0.981563262939453,2,1000,1.0,100,18.5
489.940408,785.462812,0,sp|P80025|PERL_BOVIN.IHGFDLAAINLQR.+3y7.light,sp|P80025|PERL_BOVIN.IHGFDLAAINLQR.light,0.981563262939453,2,1000,1.0,100,24.5
770.366984,777.414131,0,sp|P80025|PERL_BOVIN.FWWENPGVFTEK.+2y7.light,sp|P80025|PERL_BOVIN.FWWENPGVFTEK.light,0.991267852783203,1,1000,1.0,100,43.5
770.366984,891.457058,0,sp|P80025|PERL_BOVIN.FWWENPGVFTEK.+2y8.light,sp|P80025|PERL_BOVIN.FWWENPGVFTEK.light,0.991267852783203,1,1000,1.0,100,37.5
770.366984,377.203075,0,sp|P80025|PERL_BOVIN.FWWENPGVFTEK.+2y3.light,sp|P80025|PERL_BOVIN.FWWENPGVFTEK.light,0.991267852783203,2,1000,1.0,100,49.5
770.366984,1020.499651,0,sp|P80025|PERL_BOVIN.FWWENPGVFTEK.+2y9.light,sp|P80025|PERL_BOVIN.FWWENPGVFTEK.light,0.991267852783203,2,1000,1.0,100,37.5
770.366984,1206.578964,0,sp|P80025|PERL_BOVIN.FWWENPGVFTEK.+2y10.light,sp|P80025|PERL_BOVIN.FWWENPGVFTEK.light,0.991267852783203,2,1000,1.0,100,34.5
770.366984,524.271489,0,sp|P80025|PERL_BOVIN.FWWENPGVFTEK.+2y4.light,sp|P80025|PERL_BOVIN.FWWENPGVFTEK.light,0.991267852783203,2,1000,1.0,100,10
500.731477,770.34678,0,sp|P00366|DHE3_BOVIN.MVEGFFDR.+2y6.light,sp|P00366|DHE3_BOVIN.MVEGFFDR.light,0.937534027099609,1,1000,1.0,100,24
500.731477,641.304186,0,sp|P00366|DHE3_BOVIN.MVEGFFDR.+2y5.light,sp|P00366|DHE3_BOVIN.MVEGFFDR.light,0.937534027099609,1,1000,1.0,100,27
500.731477,869.415194,0,sp|P00366|DHE3_BOVIN.MVEGFFDR.+2y7.light,sp|P00366|DHE3_BOVIN.MVEGFFDR.light,0.937534027099609,2,1000,1.0,100,27
500.731477,437.214309,0,sp|P00366|DHE3_BOVIN.MVEGFFDR.+2y3.light,sp|P00366|DHE3_BOVIN.MVEGFFDR.light,0.937534027099609,2,1000,1.0,100,27
500.731477,290.145895,0,sp|P00366|DHE3_BOVIN.MVEGFFDR.+2y2.light,sp|P00366|DHE3_BOVIN.MVEGFFDR.light,0.937534027099609,2,1000,1.0,100,27
500.731477,584.282723,0,sp|P00366|DHE3_BOVIN.MVEGFFDR.+2y4.light,sp|P00366|DHE3_BOVIN.MVEGFFDR.light,0.937534027099609,2,1000,1.0,100,24
563.256568,848.399603,0,sp|P00366|DHE3_BOVIN.NYTDNELEK.+2y7.light,sp|P00366|DHE3_BOVIN.NYTDNELEK.light,0.942332916259766,1,1000,1.0,100,30.2
563.256568,747.351925,0,sp|P00366|DHE3_BOVIN.NYTDNELEK.+2y6.light,sp|P00366|DHE3_BOVIN.NYTDNELEK.light,0.942332916259766,1,1000,1.0,100,30.2
563.256568,276.155397,0,sp|P00366|DHE3_BOVIN.NYTDNELEK.+2y2.light,sp|P00366|DHE3_BOVIN.NYTDNELEK.light,0.942332916259766,2,1000,1.0,100,39.2
563.256568,632.324982,0,sp|P00366|DHE3_BOVIN.NYTDNELEK.+2y5.light,sp|P00366|DHE3_BOVIN.NYTDNELEK.light,0.942332916259766,2,1000,1.0,100,36.2
563.256568,389.239461,0,sp|P00366|DHE3_BOVIN.NYTDNELEK.+2y3.light,sp|P00366|DHE3_BOVIN.NYTDNELEK.light,0.942332916259766,2,1000,1.0,100,36.2
563.256568,1011.462932,0,sp|P00366|DHE3_BOVIN.NYTDNELEK.+2y8.light,sp|P00366|DHE3_BOVIN.NYTDNELEK.light,0.942332916259766,2,1000,1.0,100,30.2
579.968804,963.453036,0,sp|P00366|DHE3_BOVIN.HGGTIPIVPTAEFQDR.+3y8.light,sp|P00366|DHE3_BOVIN.HGGTIPIVPTAEFQDR.light,,1,1000,1.0,100,29
579.968804,765.352593,0,sp|P00366|DHE3_BOVIN.HGGTIPIVPTAEFQDR.+3y6.light,sp|P00366|DHE3_BOVIN.HGGTIPIVPTAEFQDR.light,,1,1000,1.0,100,35
579.968804,866.400272,0,sp|P00366|DHE3_BOVIN.HGGTIPIVPTAEFQDR.+3y7.light,sp|P00366|DHE3_BOVIN.HGGTIPIVPTAEFQDR.light,,2,1000,1.0,100,29
579.968804,175.118952,0,sp|P00366|DHE3_BOVIN.HGGTIPIVPTAEFQDR.+3y1.light,sp|P00366|DHE3_BOVIN.HGGTIPIVPTAEFQDR.light,,2,1000,1.0,100,41
579.968804,565.272886,0,sp|P00366|DHE3_BOVIN.HGGTIPIVPTAEFQDR.+3y4.light,sp|P00366|DHE3_BOVIN.HGGTIPIVPTAEFQDR.light,,2,1000,1.0,100,38
579.968804,694.315479,0,sp|P00366|DHE3_BOVIN.HGGTIPIVPTAEFQDR.+3y5.light,sp|P00366|DHE3_BOVIN.HGGTIPIVPTAEFQDR.light,,2,1000,1.0,100,32
471.575795,656.347448,0,sp|P00692|AMY_BACAM.SELQDAIGSLHSR.+3y6.light,sp|P00692|AMY_BACAM.SELQDAIGSLHSR.light,1.14360206604004,1,1000,1.0,100,26.6
471.575795,399.209892,0,sp|P00692|AMY_BACAM.SELQDAIGSLHSR.+3y3.light,sp|P00692|AMY_BACAM.SELQDAIGSLHSR.light,1.14360206604004,1,1000,1.0,100,29.6
471.575795,262.15098,0,sp|P00692|AMY_BACAM.SELQDAIGSLHSR.+3y2.light,sp|P00692|AMY_BACAM.SELQDAIGSLHSR.light,1.14360206604004,2,1000,1.0,100,35.6
471.575795,840.468626,0,sp|P00692|AMY_BACAM.SELQDAIGSLHSR.+3y8.light,sp|P00692|AMY_BACAM.SELQDAIGSLHSR.light,1.14360206604004,2,1000,1.0,100,29.6
471.575795,769.431512,0,sp|P00692|AMY_BACAM.SELQDAIGSLHSR.+3y7.light,sp|P00692|AMY_BACAM.SELQDAIGSLHSR.light,1.14360206604004,2,1000,1.0,100,10
471.575795,955.495569,0,sp|P00692|AMY_BACAM.SELQDAIGSLHSR.+3y9.light,sp|P00692|AMY_BACAM.SELQDAIGSLHSR.light,1.14360206604004,2,1000,1.0,100,23.6
480.279649,733.383893,0,sp|P00692|AMY_BACAM.LLDGTVVSR.+2y7.light,sp|P00692|AMY_BACAM.LLDGTVVSR.light,0.954967193603516,1,1000,1.0,100,26
480.279649,618.35695,0,sp|P00692|AMY_BACAM.LLDGTVVSR.+2y6.light,sp|P00692|AMY_BACAM.LLDGTVVSR.light,0.954967193603516,1,1000,1.0,100,35
480.279649,846.467957,0,sp|P00692|AMY_BACAM.LLDGTVVSR.+2y8.light,sp|P00692|AMY_BACAM.LLDGTVVSR.light,0.954967193603516,2,1000,1.0,100,26
480.279649,361.219394,0,sp|P00692|AMY_BACAM.LLDGTVVSR.+2y3.light,sp|P00692|AMY_BACAM.LLDGTVVSR.light,0.954967193603516,2,1000,1.0,100,26
480.279649,460.287808,0,sp|P00692|AMY_BACAM.LLDGTVVSR.+2y4.light,sp|P00692|AMY_BACAM.LLDGTVVSR.light,0.954967193603516,2,1000,1.0,100,23
480.279649,262.15098,0,sp|P00692|AMY_BACAM.LLDGTVVSR.+2y2.light,sp|P00692|AMY_BACAM.LLDGTVVSR.light,0.954967193603516,2,1000,1.0,100,38
748.841861,838.405357,0,sp|P00692|AMY_BACAM.NAGETWYDITGNR.+2y7.light,sp|P00692|AMY_BACAM.NAGETWYDITGNR.light,0.988864593505859,1,1000,1.0,100,42.4
748.841861,675.342029,0,sp|P00692|AMY_BACAM.NAGETWYDITGNR.+2y6.light,sp|P00692|AMY_BACAM.NAGETWYDITGNR.light,0.988864593505859,1,1000,1.0,100,39.4
748.841861,447.231021,0,sp|P00692|AMY_BACAM.NAGETWYDITGNR.+2y4.light,sp|P00692|AMY_BACAM.NAGETWYDITGNR.light,0.988864593505859,2,1000,1.0,100,33.4
748.841861,560.315085,0,sp|P00692|AMY_BACAM.NAGETWYDITGNR.+2y5.light,sp|P00692|AMY_BACAM.NAGETWYDITGNR.light,0.988864593505859,2,1000,1.0,100,51.4
748.841861,1024.48467,0,sp|P00692|AMY_BACAM.NAGETWYDITGNR.+2y8.light,sp|P00692|AMY_BACAM.NAGETWYDITGNR.light,0.988864593505859,2,1000,1.0,100,39.4
748.841861,1125.532349,0,sp|P00692|AMY_BACAM.NAGETWYDITGNR.+2y9.light,sp|P00692|AMY_BACAM.NAGETWYDITGNR.light,0.988864593505859,2,1000,1.0,100,36.4
480.261456,630.35695,0,sp|P00433|PER1A_ARMRU.DTIVNELR.+2y5.light,sp|P00433|PER1A_ARMRU.DTIVNELR.light,0.961000137329102,1,1000,1.0,100,26
480.261456,531.288536,0,sp|P00433|PER1A_ARMRU.DTIVNELR.+2y4.light,sp|P00433|PER1A_ARMRU.DTIVNELR.light,0.961000137329102,1,1000,1.0,100,23
480.261456,743.441014,0,sp|P00433|PER1A_ARMRU.DTIVNELR.+2y6.light,sp|P00433|PER1A_ARMRU.DTIVNELR.light,0.961000137329102,2,1000,1.0,100,23
480.261456,288.203016,0,sp|P00433|PER1A_ARMRU.DTIVNELR.+2y2.light,sp|P00433|PER1A_ARMRU.DTIVNELR.light,0.961000137329102,2,1000,1.0,100,35
480.261456,175.118952,0,sp|P00433|PER1A_ARMRU.DTIVNELR.+2y1.light,sp|P00433|PER1A_ARMRU.DTIVNELR.light,0.961000137329102,2,1000,1.0,100,38
480.261456,417.245609,0,sp|P00433|PER1A_ARMRU.DTIVNELR.+2y3.light,sp|P00433|PER1A_ARMRU.DTIVNELR.light,0.961000137329102,2,1000,1.0,100,26
468.245275,261.155731,0,sp|P00433|PER1A_ARMRU.TPTIFDNK.+2y2.light,sp|P00433|PER1A_ARMRU.TPTIFDNK.light,1.0236336517334,1,1000,1.0,100,25.4
468.245275,737.382831,0,sp|P00433|PER1A_ARMRU.TPTIFDNK.+2y6.light,sp|P00433|PER1A_ARMRU.TPTIFDNK.light,1.0236336517334,1,1000,1.0,100,25.4
468.245275,523.251088,0,sp|P00433|PER1A_ARMRU.TPTIFDNK.+2y4.light,sp|P00433|PER1A_ARMRU.TPTIFDNK.light,1.0236336517334,2,1000,1.0,100,25.4
468.245275,636.335152,0,sp|P00433|PER1A_ARMRU.TPTIFDNK.+2y5.light,sp|P00433|PER1A_ARMRU.TPTIFDNK.light,1.0236336517334,2,1000,1.0,100,28.4
468.245275,376.182674,0,sp|P00433|PER1A_ARMRU.TPTIFDNK.+2y3.light,sp|P00433|PER1A_ARMRU.TPTIFDNK.light,1.0236336517334,2,1000,1.0,100,34.4
468.245275,834.435595,0,sp|P00433|PER1A_ARMRU.TPTIFDNK.+2y7.light,sp|P00433|PER1A_ARMRU.TPTIFDNK.light,1.0236336517334,2,1000,1.0,100,25.4
593.292953,859.451973,0,sp|P00433|PER1A_ARMRU.YYVNLEEQK.+2y7.light,sp|P00433|PER1A_ARMRU.YYVNLEEQK.light,0.978633575439453,1,1000,1.0,100,28.7
593.292953,760.383559,0,sp|P00433|PER1A_ARMRU.YYVNLEEQK.+2y6.light,sp|P00433|PER1A_ARMRU.YYVNLEEQK.light,0.978633575439453,1,1000,1.0,100,28.7
593.292953,533.256568,0,sp|P00433|PER1A_ARMRU.YYVNLEEQK.+2y4.light,sp|P00433|PER1A_ARMRU.YYVNLEEQK.light,0.978633575439453,2,1000,1.0,100,28.7
593.292953,646.340632,0,sp|P00433|PER1A_ARMRU.YYVNLEEQK.+2y5.light,sp|P00433|PER1A_ARMRU.YYVNLEEQK.light,0.978633575439453,2,1000,1.0,100,34.7
593.292953,404.213974,0,sp|P00433|PER1A_ARMRU.YYVNLEEQK.+2y3.light,sp|P00433|PER1A_ARMRU.YYVNLEEQK.light,0.978633575439453,2,1000,1.0,100,34.7
593.292953,1022.515302,0,sp|P00433|PER1A_ARMRU.YYVNLEEQK.+2y8.light,sp|P00433|PER1A_ARMRU.YYVNLEEQK.light,0.978633575439453,2,1000,1.0,100,28.7
489.274366,793.420279,0,sp|P46406|G3P_RABIT.AITIFQER.+2y6.light,sp|P46406|G3P_RABIT.AITIFQER.light,1.0004345703125,1,1000,1.0,100,23.5
489.274366,579.288536,0,sp|P46406|G3P_RABIT.AITIFQER.+2y4.light,sp|P46406|G3P_RABIT.AITIFQER.light,1.0004345703125,1,1000,1.0,100,26.5
489.274366,692.3726,0,sp|P46406|G3P_RABIT.AITIFQER.+2y5.light,sp|P46406|G3P_RABIT.AITIFQER.light,1.0004345703125,2,1000,1.0,100,23.5
489.274366,175.118952,0,sp|P46406|G3P_RABIT.AITIFQER.+2y1.light,sp|P46406|G3P_RABIT.AITIFQER.light,1.0004345703125,2,1000,1.0,100,38.5
489.274366,432.220122,0,sp|P46406|G3P_RABIT.AITIFQER.+2y3.light,sp|P46406|G3P_RABIT.AITIFQER.light,1.0004345703125,2,1000,1.0,100,20.5
489.274366,304.161545,0,sp|P46406|G3P_RABIT.AITIFQER.+2y2.light,sp|P46406|G3P_RABIT.AITIFQER.light,1.0004345703125,2,1000,1.0,100,35.5
882.404826,743.347114,0,sp|P46406|G3P_RABIT.LISWYDNEFGYSNR.+2y6.light,sp|P46406|G3P_RABIT.LISWYDNEFGYSNR.light,0.979030303955078,1,1000,1.0,100,52.1
882.404826,596.2787,0,sp|P46406|G3P_RABIT.LISWYDNEFGYSNR.+2y5.light,sp|P46406|G3P_RABIT.LISWYDNEFGYSNR.light,0.979030303955078,1,1000,1.0,100,46.1
882.404826,376.193908,0,sp|P46406|G3P_RABIT.LISWYDNEFGYSNR.+2y3.light,sp|P46406|G3P_RABIT.LISWYDNEFGYSNR.light,0.979030303955078,2,1000,1.0,100,40.1
882.404826,1101.459578,0,sp|P46406|G3P_RABIT.LISWYDNEFGYSNR.+2y9.light,sp|P46406|G3P_RABIT.LISWYDNEFGYSNR.light,0.979030303955078,2,1000,1.0,100,43.1
882.404826,986.432635,0,sp|P46406|G3P_RABIT.LISWYDNEFGYSNR.+2y8.light,sp|P46406|G3P_RABIT.LISWYDNEFGYSNR.light,0.979030303955078,2,1000,1.0,100,58.1
882.404826,872.389707,0,sp|P46406|G3P_RABIT.LISWYDNEFGYSNR.+2y7.light,sp|P46406|G3P_RABIT.LISWYDNEFGYSNR.light,0.979030303955078,2,1000,1.0,100,49.1
509.751255,546.26305,0,sp|P00921|CAH2_BOVIN.DFPIANGER.+2y5.light,sp|P00921|CAH2_BOVIN.DFPIANGER.light,1.05583351135254,1,1000,1.0,100,30.5
509.751255,756.399878,0,sp|P00921|CAH2_BOVIN.DFPIANGER.+2y7.light,sp|P00921|CAH2_BOVIN.DFPIANGER.light,1.05583351135254,1,1000,1.0,100,27.5
509.751255,659.347114,0,sp|P00921|CAH2_BOVIN.DFPIANGER.+2y6.light,sp|P00921|CAH2_BOVIN.DFPIANGER.light,1.05583351135254,2,1000,1.0,100,33.5
509.751255,175.118952,0,sp|P00921|CAH2_BOVIN.DFPIANGER.+2y1.light,sp|P00921|CAH2_BOVIN.DFPIANGER.light,1.05583351135254,2,1000,1.0,100,39.5
509.751255,475.225936,0,sp|P00921|CAH2_BOVIN.DFPIANGER.+2y4.light,sp|P00921|CAH2_BOVIN.DFPIANGER.light,1.05583351135254,2,1000,1.0,100,33.5
509.751255,361.183009,0,sp|P00921|CAH2_BOVIN.DFPIANGER.+2y3.light,sp|P00921|CAH2_BOVIN.DFPIANGER.light,1.05583351135254,2,1000,1.0,100,39.5
490.245806,597.299101,0,sp|P00921|CAH2_BOVIN.DGPLTGTYR.+2y5.light,sp|P00921|CAH2_BOVIN.DGPLTGTYR.light,0.923398666381836,1,1000,1.0,100,32.5
490.245806,496.251423,0,sp|P00921|CAH2_BOVIN.DGPLTGTYR.+2y4.light,sp|P00921|CAH2_BOVIN.DGPLTGTYR.light,0.923398666381836,1,1000,1.0,100,23.5
490.245806,710.383165,0,sp|P00921|CAH2_BOVIN.DGPLTGTYR.+2y6.light,sp|P00921|CAH2_BOVIN.DGPLTGTYR.light,0.923398666381836,2,1000,1.0,100,29.5
490.245806,807.435929,0,sp|P00921|CAH2_BOVIN.DGPLTGTYR.+2y7.light,sp|P00921|CAH2_BOVIN.DGPLTGTYR.light,0.923398666381836,2,1000,1.0,100,32.5
490.245806,439.229959,0,sp|P00921|CAH2_BOVIN.DGPLTGTYR.+2y3.light,sp|P00921|CAH2_BOVIN.DGPLTGTYR.light,0.923398666381836,2,1000,1.0,100,26.5
490.245806,338.18228,0,sp|P00921|CAH2_BOVIN.DGPLTGTYR.+2y2.light,sp|P00921|CAH2_BOVIN.DGPLTGTYR.light,0.923398666381836,2,1000,1.0,100,38.5
487.281857,761.40396,0,sp|P00921|CAH2_BOVIN.VLDALDSIK.+2y7.light,sp|P00921|CAH2_BOVIN.VLDALDSIK.light,1.05129974365234,1,1000,1.0,100,23.4
487.281857,646.377017,0,sp|P00921|CAH2_BOVIN.VLDALDSIK.+2y6.light,sp|P00921|CAH2_BOVIN.VLDALDSIK.light,1.05129974365234,1,1000,1.0,100,29.4
487.281857,874.488024,0,sp|P00921|CAH2_BOVIN.VLDALDSIK.+2y8.light,sp|P00921|CAH2_BOVIN.VLDALDSIK.light,1.05129974365234,2,1000,1.0,100,26.4
487.281857,347.228896,0,sp|P00921|CAH2_BOVIN.VLDALDSIK.+2y3.light,sp|P00921|CAH2_BOVIN.VLDALDSIK.light,1.05129974365234,2,1000,1.0,100,32.4
487.281857,462.255839,0,sp|P00921|CAH2_BOVIN.VLDALDSIK.+2y4.light,sp|P00921|CAH2_BOVIN.VLDALDSIK.light,1.05129974365234,2,1000,1.0,100,35.4
487.281857,575.339903,0,sp|P00921|CAH2_BOVIN.VLDALDSIK.+2y5.light,sp|P00921|CAH2_BOVIN.VLDALDSIK.light,1.05129974365234,2,1000,1.0,100,26.4
533.294964,853.430175,0,tr|B5B0D4|B5B0D4_BOVIN.VLVLDTDYK.+2y7.light,tr|B5B0D4|B5B0D4_BOVIN.VLVLDTDYK.light,1.02546852111816,1,1000,1.0,100,22.7
533.294964,754.361761,0,tr|B5B0D4|B5B0D4_BOVIN.VLVLDTDYK.+2y6.light,tr|B5B0D4|B5B0D4_BOVIN.VLVLDTDYK.light,1.02546852111816,1,1000,1.0,100,25.7
533.294964,310.176132,0,tr|B5B0D4|B5B0D4_BOVIN.VLVLDTDYK.+2y2.light,tr|B5B0D4|B5B0D4_BOVIN.VLVLDTDYK.light,1.02546852111816,2,1000,1.0,100,37.7
533.294964,641.277697,0,tr|B5B0D4|B5B0D4_BOVIN.VLVLDTDYK.+2y5.light,tr|B5B0D4|B5B0D4_BOVIN.VLVLDTDYK.light,1.02546852111816,2,1000,1.0,100,28.7
533.294964,526.250754,0,tr|B5B0D4|B5B0D4_BOVIN.VLVLDTDYK.+2y4.light,tr|B5B0D4|B5B0D4_BOVIN.VLVLDTDYK.light,1.02546852111816,2,1000,1.0,100,34.7
533.294964,966.514239,0,tr|B5B0D4|B5B0D4_BOVIN.VLVLDTDYK.+2y8.light,tr|B5B0D4|B5B0D4_BOVIN.VLVLDTDYK.light,1.02546852111816,2,1000,1.0,100,25.7
623.29589,918.441468,0,tr|B5B0D4|B5B0D4_BOVIN.TPEVDDEALEK.+2y8.light,tr|B5B0D4|B5B0D4_BOVIN.TPEVDDEALEK.light,,1,1000,1.0,100,39.2
623.29589,704.346111,0,tr|B5B0D4|B5B0D4_BOVIN.TPEVDDEALEK.+2y6.light,tr|B5B0D4|B5B0D4_BOVIN.TPEVDDEALEK.light,,1,1000,1.0,100,30.2
623.29589,819.373054,0,tr|B5B0D4|B5B0D4_BOVIN.TPEVDDEALEK.+2y7.light,tr|B5B0D4|B5B0D4_BOVIN.TPEVDDEALEK.light,,2,1000,1.0,100,33.2
623.29589,276.155397,0,tr|B5B0D4|B5B0D4_BOVIN.TPEVDDEALEK.+2y2.light,tr|B5B0D4|B5B0D4_BOVIN.TPEVDDEALEK.light,,2,1000,1.0,100,45.2
623.29589,1144.536825,0,tr|B5B0D4|B5B0D4_BOVIN.TPEVDDEALEK.+2y10.light,tr|B5B0D4|B5B0D4_BOVIN.TPEVDDEALEK.light,,2,1000,1.0,100,36.2
623.29589,1047.484061,0,tr|B5B0D4|B5B0D4_BOVIN.TPEVDDEALEK.+2y9.light,tr|B5B0D4|B5B0D4_BOVIN.TPEVDDEALEK.light,,2,1000,1.0,100,36.2
858.406511,815.335229,0,tr|B5B0D4|B5B0D4_BOVIN.LSFNPTQLEEQC[CAM]HI.+2y6.light,tr|B5B0D4|B5B0D4_BOVIN.LSFNPTQLEEQC[CAM]HI.light,1.02436416625977,1,1000,1.0,100,41.9
858.406511,928.419293,0,tr|B5B0D4|B5B0D4_BOVIN.LSFNPTQLEEQC[CAM]HI.+2y7.light,tr|B5B0D4|B5B0D4_BOVIN.LSFNPTQLEEQC[CAM]HI.light,1.02436416625977,1,1000,1.0,100,44.9
858.406511,686.292636,0,tr|B5B0D4|B5B0D4_BOVIN.LSFNPTQLEEQC[CAM]HI.+2y5.light,tr|B5B0D4|B5B0D4_BOVIN.LSFNPTQLEEQC[CAM]HI.light,1.02436416625977,2,1000,1.0,100,47.9
858.406511,269.160817,0,tr|B5B0D4|B5B0D4_BOVIN.LSFNPTQLEEQC[CAM]HI.+2y2.light,tr|B5B0D4|B5B0D4_BOVIN.LSFNPTQLEEQC[CAM]HI.light,1.02436416625977,2,1000,1.0,100,56.9
858.406511,1056.47787,0,tr|B5B0D4|B5B0D4_BOVIN.LSFNPTQLEEQC[CAM]HI.+2y8.light,tr|B5B0D4|B5B0D4_BOVIN.LSFNPTQLEEQC[CAM]HI.light,1.02436416625977,2,1000,1.0,100,41.9
858.406511,1157.525549,0,tr|B5B0D4|B5B0D4_BOVIN.LSFNPTQLEEQC[CAM]HI.+2y9.light,tr|B5B0D4|B5B0D4_BOVIN.LSFNPTQLEEQC[CAM]HI.light,1.02436416625977,2,1000,1.0,100,47.9
446.565119,416.261593,0,tr|D4QBB3|D4QBB3_BOVIN.VHVDEVGGEALGR.+3y4.light,tr|D4QBB3|D4QBB3_BOVIN.VHVDEVGGEALGR.light,0.980666809082031,1,1000,1.0,100,22.3
446.565119,232.140415,0,tr|D4QBB3|D4QBB3_BOVIN.VHVDEVGGEALGR.+3y2.light,tr|D4QBB3|D4QBB3_BOVIN.VHVDEVGGEALGR.light,0.980666809082031,1,1000,1.0,100,25.3
446.565119,345.22448,0,tr|D4QBB3|D4QBB3_BOVIN.VHVDEVGGEALGR.+3y3.light,tr|D4QBB3|D4QBB3_BOVIN.VHVDEVGGEALGR.light,0.980666809082031,2,1000,1.0,100,16.3
446.565119,659.347114,0,tr|D4QBB3|D4QBB3_BOVIN.VHVDEVGGEALGR.+3y7.light,tr|D4QBB3|D4QBB3_BOVIN.VHVDEVGGEALGR.light,0.980666809082031,2,1000,1.0,100,22.3
446.565119,602.32565,0,tr|D4QBB3|D4QBB3_BOVIN.VHVDEVGGEALGR.+3y6.light,tr|D4QBB3|D4QBB3_BOVIN.VHVDEVGGEALGR.light,0.980666809082031,2,1000,1.0,100,22.3
446.565119,545.304186,0,tr|D4QBB3|D4QBB3_BOVIN.VHVDEVGGEALGR.+3y5.light,tr|D4QBB3|D4QBB3_BOVIN.VHVDEVGGEALGR.light,0.980666809082031,2,1000,1.0,100,19.3
549.782556,634.319502,0,tr|D4QBB3|D4QBB3_BOVIN.LHVDPENFK.+2y5.light,tr|D4QBB3|D4QBB3_BOVIN.LHVDPENFK.light,0.920066528320313,1,1000,1.0,100,32.5
549.782556,848.414859,0,tr|D4QBB3|D4QBB3_BOVIN.LHVDPENFK.+2y7.light,tr|D4QBB3|D4QBB3_BOVIN.LHVDPENFK.light,0.920066528320313,1,1000,1.0,100,26.5
549.782556,749.346445,0,tr|D4QBB3|D4QBB3_BOVIN.LHVDPENFK.+2y6.light,tr|D4QBB3|D4QBB3_BOVIN.LHVDPENFK.light,0.920066528320313,2,1000,1.0,100,29.5
549.782556,294.181218,0,tr|D4QBB3|D4QBB3_BOVIN.LHVDPENFK.+2y2.light,tr|D4QBB3|D4QBB3_BOVIN.LHVDPENFK.light,0.920066528320313,2,1000,1.0,100,38.5
549.782556,408.224145,0,tr|D4QBB3|D4QBB3_BOVIN.LHVDPENFK.+2y3.light,tr|D4QBB3|D4QBB3_BOVIN.LHVDPENFK.light,0.920066528320313,2,1000,1.0,100,38.5
549.782556,147.112804,0,tr|D4QBB3|D4QBB3_BOVIN.LHVDPENFK.+2y1.light,tr|D4QBB3|D4QBB3_BOVIN.LHVDPENFK.light,0.920066528320313,2,1000,1.0,100,32.5
765.370786,745.383893,0,sp|P01966|HBA_BOVIN.VGGHAAEYGAEALER.+2y7.light,sp|P01966|HBA_BOVIN.VGGHAAEYGAEALER.light,,1,1000,1.0,100,49.3
765.370786,908.447222,0,sp|P01966|HBA_BOVIN.VGGHAAEYGAEALER.+2y8.light,sp|P01966|HBA_BOVIN.VGGHAAEYGAEALER.light,,1,1000,1.0,100,46.3
765.370786,1108.526929,0,sp|P01966|HBA_BOVIN.VGGHAAEYGAEALER.+2y10.light,sp|P01966|HBA_BOVIN.VGGHAAEYGAEALER.light,,2,1000,1.0,100,49.3
765.370786,1179.564043,0,sp|P01966|HBA_BOVIN.VGGHAAEYGAEALER.+2y11.light,sp|P01966|HBA_BOVIN.VGGHAAEYGAEALER.light,,2,1000,1.0,100,40.3
765.370786,1037.489815,0,sp|P01966|HBA_BOVIN.VGGHAAEYGAEALER.+2y9.light,sp|P01966|HBA_BOVIN.VGGHAAEYGAEALER.light,,2,1000,1.0,100,49.3
765.370786,488.282723,0,sp|P01966|HBA_BOVIN.VGGHAAEYGAEALER.+2y4.light,sp|P01966|HBA_BOVIN.VGGHAAEYGAEALER.light,,2,1000,1.0,100,49.3
536.280803,793.445431,0,sp|P01966|HBA_BOVIN.MFLSFPTTK.+2y7.light,sp|P01966|HBA_BOVIN.MFLSFPTTK.light,1.06036727905273,1,1000,1.0,100,25.8
536.280803,446.260925,0,sp|P01966|HBA_BOVIN.MFLSFPTTK.+2y4.light,sp|P01966|HBA_BOVIN.MFLSFPTTK.light,1.06036727905273,1,1000,1.0,100,34.8
536.280803,680.361367,0,sp|P01966|HBA_BOVIN.MFLSFPTTK.+2y6.light,sp|P01966|HBA_BOVIN.MFLSFPTTK.light,1.06036727905273,2,1000,1.0,100,25.8
536.280803,593.329339,0,sp|P01966|HBA_BOVIN.MFLSFPTTK.+2y5.light,sp|P01966|HBA_BOVIN.MFLSFPTTK.light,1.06036727905273,2,1000,1.0,100,22.8
536.280803,248.160482,0,sp|P01966|HBA_BOVIN.MFLSFPTTK.+2y2.light,sp|P01966|HBA_BOVIN.MFLSFPTTK.light,1.06036727905273,2,1000,1.0,100,37.8
536.280803,940.513845,0,sp|P01966|HBA_BOVIN.MFLSFPTTK.+2y8.light,sp|P01966|HBA_BOVIN.MFLSFPTTK.light,1.06036727905273,2,1000,1.0,100,25.8
437.711933,737.357679,0,tr|B8YK79|B8YK79_CHICK.HGLDNYR.+2y6.light,tr|B8YK79|B8YK79_CHICK.HGLDNYR.light,0.932633094787598,1,1000,1.0,100,26.9
437.711933,452.225208,0,tr|B8YK79|B8YK79_CHICK.HGLDNYR.+2y3.light,tr|B8YK79|B8YK79_CHICK.HGLDNYR.light,0.932633094787598,1,1000,1.0,100,32.9
437.711933,680.336215,0,tr|B8YK79|B8YK79_CHICK.HGLDNYR.+2y5.light,tr|B8YK79|B8YK79_CHICK.HGLDNYR.light,0.932633094787598,2,1000,1.0,100,26.9
437.711933,175.118952,0,tr|B8YK79|B8YK79_CHICK.HGLDNYR.+2y1.light,tr|B8YK79|B8YK79_CHICK.HGLDNYR.light,0.932633094787598,2,1000,1.0,100,35.9
437.711933,567.252151,0,tr|B8YK79|B8YK79_CHICK.HGLDNYR.+2y4.light,tr|B8YK79|B8YK79_CHICK.HGLDNYR.light,0.932633094787598,2,1000,1.0,100,29.9
437.711933,338.18228,0,tr|B8YK79|B8YK79_CHICK.HGLDNYR.+2y2.light,tr|B8YK79|B8YK79_CHICK.HGLDNYR.light,0.932633094787598,2,1000,1.0,100,29.9
714.828754,804.395855,0,tr|B8YK79|B8YK79_CHICK.FESNFNTQATNR.+2y7.light,tr|B8YK79|B8YK79_CHICK.FESNFNTQATNR.light,0.942233734130859,1,1000,1.0,100,34.7
714.828754,690.352928,0,tr|B8YK79|B8YK79_CHICK.FESNFNTQATNR.+2y6.light,tr|B8YK79|B8YK79_CHICK.FESNFNTQATNR.light,0.942233734130859,1,1000,1.0,100,43.7
714.828754,461.246672,0,tr|B8YK79|B8YK79_CHICK.FESNFNTQATNR.+2y4.light,tr|B8YK79|B8YK79_CHICK.FESNFNTQATNR.light,0.942233734130859,2,1000,1.0,100,37.7
714.828754,390.209558,0,tr|B8YK79|B8YK79_CHICK.FESNFNTQATNR.+2y3.light,tr|B8YK79|B8YK79_CHICK.FESNFNTQATNR.light,0.942233734130859,2,1000,1.0,100,37.7
714.828754,951.464269,0,tr|B8YK79|B8YK79_CHICK.FESNFNTQATNR.+2y8.light,tr|B8YK79|B8YK79_CHICK.FESNFNTQATNR.light,0.942233734130859,2,1000,1.0,100,34.7
714.828754,1152.539225,0,tr|B8YK79|B8YK79_CHICK.FESNFNTQATNR.+2y10.light,tr|B8YK79|B8YK79_CHICK.FESNFNTQATNR.light,0.942233734130859,2,1000,1.0,100,40.7
523.274898,673.37802,0,tr|B8YK79|B8YK79_CHICK.GTDVQAWIR.+2y5.light,tr|B8YK79|B8YK79_CHICK.GTDVQAWIR.light,0.993068389892578,1,1000,1.0,100,25.2
523.274898,545.319443,0,tr|B8YK79|B8YK79_CHICK.GTDVQAWIR.+2y4.light,tr|B8YK79|B8YK79_CHICK.GTDVQAWIR.light,0.993068389892578,1,1000,1.0,100,34.2
523.274898,887.473377,0,tr|B8YK79|B8YK79_CHICK.GTDVQAWIR.+2y7.light,tr|B8YK79|B8YK79_CHICK.GTDVQAWIR.light,0.993068389892578,2,1000,1.0,100,22.2
523.274898,474.282329,0,tr|B8YK79|B8YK79_CHICK.GTDVQAWIR.+2y3.light,tr|B8YK79|B8YK79_CHICK.GTDVQAWIR.light,0.993068389892578,2,1000,1.0,100,25.2
523.274898,772.446434,0,tr|B8YK79|B8YK79_CHICK.GTDVQAWIR.+2y6.light,tr|B8YK79|B8YK79_CHICK.GTDVQAWIR.light,0.993068389892578,2,1000,1.0,100,22.2
523.274898,288.203016,0,tr|B8YK79|B8YK79_CHICK.GTDVQAWIR.+2y2.light,tr|B8YK79|B8YK79_CHICK.GTDVQAWIR.light,0.993068389892578,2,1000,1.0,100,22.2
