Compound Group,Compound Name,ISTD?,Precursor Ion,MS1 Res,Product Ion,MS2 Res,Primary,Trigger,Threshold,Ret Time (min),Delta Ret Time,Fragmentor,Collision Energy,Cell Accelerator Voltage,Polarity,Trigger Entrance Delay (cycles),Trigger Delay (cycles),Trigger Window,IsLogicEnabled,Trigger Logic Flag,Trigger Ratio,Trigger Ratio Window,Ignore MRM
gi|129823|,IHGFDLAAINLQR.light,0,734.406975,Unit,1013.573819,Unit,1,0,0,7.36,2,130,23.8,4,Negative,0,0,0,0,AND,1,1,0
gi|129823|,IHGFDLAAINLQR.light,0,734.406975,Unit,898.546876,Unit,0,0,0,7.36,2,130,23.8,4,Negative,0,0,0,0,AND,1,1,0
gi|129823|,IHGFDLAAINLQR.light,0,734.406975,Unit,714.425699,Unit,1,1,0,7.36,2,130,23.8,4,Negative,0,0,0,0,AND,1,1,0
gi|129823|,IHGFDLAAINLQR.light,0,734.406975,Unit,530.304521,Unit,0,0,0,7.36,2,130,23.8,4,Negative,0,0,0,0,AND,1,1,0
gi|129823|,IHGFDLAAINLQR.heavy,1,739.411109,Unit,1023.582088,Unit,1,0,0,7.36,2,130,23.8,4,Negative,0,0,0,0,AND,1,1,0
gi|129823|,IHGFDLAAINLQR.heavy,1,739.411109,Unit,908.555145,Unit,0,0,0,7.36,2,130,23.8,4,Negative,0,0,0,0,AND,1,1,0
gi|129823|,IHGFDLAAINLQR.heavy,1,739.411109,Unit,724.433968,Unit,1,0,0,7.36,2,130,23.8,4,Negative,0,0,0,0,AND,1,1,0
gi|129823|,IHGFDLAAINLQR.heavy,1,739.411109,Unit,540.31279,Unit,0,0,0,7.36,2,130,23.8,4,Negative,0,0,0,0,AND,1,1,0
gi|118533|,C[+57.021464]AVVDVPFGGAK.light,0,610.310623,Unit,889.477794,Unit,0,0,0,5.83,2,130,19.9,4,Negative,0,0,0,0,AND,1,1,0
gi|118533|,C[+57.021464]AVVDVPFGGAK.light,0,610.310623,Unit,790.40938,Unit,1,1,0,5.83,2,130,19.9,4,Negative,0,0,0,0,AND,1,1,0
gi|118533|,C[+57.021464]AVVDVPFGGAK.light,0,610.310623,Unit,675.382437,Unit,0,0,0,5.83,2,130,19.9,4,Negative,0,0,0,0,AND,1,1,0
gi|118533|,C[+57.021464]AVVDVPFGGAK.light,0,610.310623,Unit,576.314023,Unit,1,0,0,5.83,2,130,19.9,4,Negative,0,0,0,0,AND,1,1,0
gi|118533|,C[+57.021464]AVVDVPFGGAK.heavy,1,614.317723,Unit,897.491993,Unit,0,0,0,5.83,2,130,19.9,4,Negative,0,0,0,0,AND,1,1,0
gi|118533|,C[+57.021464]AVVDVPFGGAK.heavy,1,614.317723,Unit,798.423579,Unit,1,0,0,5.83,2,130,19.9,4,Negative,0,0,0,0,AND,1,1,0
gi|118533|,C[+57.021464]AVVDVPFGGAK.heavy,1,614.317723,Unit,683.396636,Unit,0,0,0,5.83,2,130,19.9,4,Negative,0,0,0,0,AND,1,1,0
gi|118533|,C[+57.021464]AVVDVPFGGAK.heavy,1,614.317723,Unit,584.328222,Unit,1,0,0,5.83,2,130,19.9,4,Negative,0,0,0,0,AND,1,1,0
gi|118533|,YNLGLDLR.light,0,482.266541,Unit,686.419551,Unit,1,1,0,6.08,2,130,16,4,Negative,0,0,0,0,AND,1,1,0
gi|118533|,YNLGLDLR.light,0,482.266541,Unit,573.335487,Unit,0,0,0,6.08,2,130,16,4,Negative,0,0,0,0,AND,1,1,0
gi|118533|,YNLGLDLR.light,0,482.266541,Unit,403.229959,Unit,0,0,0,6.08,2,130,16,4,Negative,0,0,0,0,AND,1,1,0
gi|118533|,YNLGLDLR.light,0,482.266541,Unit,288.203016,Unit,1,0,0,6.08,2,130,16,4,Negative,0,0,0,0,AND,1,1,0
gi|118533|,YNLGLDLR.heavy,1,487.270676,Unit,696.42782,Unit,1,0,0,6.08,2,130,16,4,Negative,0,0,0,0,AND,1,1,0
gi|118533|,YNLGLDLR.heavy,1,487.270676,Unit,583.343756,Unit,0,0,0,6.08,2,130,16,4,Negative,0,0,0,0,AND,1,1,0
gi|118533|,YNLGLDLR.heavy,1,487.270676,Unit,413.238228,Unit,0,0,0,6.08,2,130,16,4,Negative,0,0,0,0,AND,1,1,0
gi|118533|,YNLGLDLR.heavy,1,487.270676,Unit,298.211285,Unit,1,0,0,6.08,2,130,16,4,Negative,0,0,0,0,AND,1,1,0
gi|1351907|,AEFVEVTK.light,0,461.74765,Unit,851.45091,Unit,0,0,0,19.15,5,130,15.3,4,Negative,0,0,0,0,AND,1,1,0
gi|1351907|,AEFVEVTK.light,0,461.74765,Unit,722.408317,Unit,1,1,0,19.15,5,130,15.3,4,Negative,0,0,0,0,AND,1,1,0
gi|1351907|,AEFVEVTK.light,0,461.74765,Unit,575.339903,Unit,1,0,0,19.15,5,130,15.3,4,Negative,0,0,0,0,AND,1,1,0
gi|1351907|,AEFVEVTK.light,0,461.74765,Unit,476.271489,Unit,0,0,0,19.15,5,130,15.3,4,Negative,0,0,0,0,AND,1,1,0
gi|1351907|,AEFVEVTK.heavy,1,465.75475,Unit,859.465109,Unit,0,0,0,19.15,5,130,15.3,4,Negative,0,0,0,0,AND,1,1,0
gi|1351907|,AEFVEVTK.heavy,1,465.75475,Unit,730.422516,Unit,1,0,0,19.15,5,130,15.3,4,Negative,0,0,0,0,AND,1,1,0
gi|1351907|,AEFVEVTK.heavy,1,465.75475,Unit,583.354102,Unit,1,0,0,19.15,5,130,15.3,4,Negative,0,0,0,0,AND,1,1,0
gi|1351907|,AEFVEVTK.heavy,1,465.75475,Unit,484.285688,Unit,0,0,0,19.15,5,130,15.3,4,Negative,0,0,0,0,AND,1,1,0
