Compound Group,Compound Name,ISTD?,Precursor Ion,MS1 Res,Product Ion,MS2 Res,Primary,Trigger,Fragmentor,Collision Energy,Cell Accelerator Voltage,Ret Time (min),Delta Ret Time,Ion Name,Library Rank
gi|129823|,IHGFDLAAINLQR.light,FALSE,734.406975,Unit,1013.573819,Unit,TRUE,FALSE,130,23.8,4,7.36,2,y9,
gi|129823|,IHGFDLAAINLQR.light,FALSE,734.406975,Unit,898.546876,Unit,FALSE,FALSE,130,23.8,4,7.36,2,y8,
gi|129823|,IHGFDLAAINLQR.light,FALSE,734.406975,Unit,714.425699,Unit,TRUE,TRUE,130,23.8,4,7.36,2,y6,
gi|129823|,IHGFDLAAINLQR.light,FALSE,734.406975,Unit,530.304521,Unit,FALSE,FALSE,130,23.8,4,7.36,2,y4,
gi|129823|,IHGFDLAAINLQR.heavy,TRUE,739.411109,Unit,1023.582088,Unit,TRUE,FALSE,130,23.8,4,7.36,2,y9,
gi|129823|,IHGFDLAAINLQR.heavy,TRUE,739.411109,Unit,908.555145,Unit,FALSE,FALSE,130,23.8,4,7.36,2,y8,
gi|129823|,IHGFDLAAINLQR.heavy,TRUE,739.411109,Unit,724.433968,Unit,TRUE,FALSE,130,23.8,4,7.36,2,y6,
gi|129823|,IHGFDLAAINLQR.heavy,TRUE,739.411109,Unit,540.31279,Unit,FALSE,FALSE,130,23.8,4,7.36,2,y4,
gi|118533|,C[+57.021464]AVVDVPFGGAK.light,FALSE,610.310623,Unit,889.477794,Unit,FALSE,FALSE,130,19.9,4,5.83,2,y9,
gi|118533|,C[+57.021464]AVVDVPFGGAK.light,FALSE,610.310623,Unit,790.40938,Unit,TRUE,TRUE,130,19.9,4,5.83,2,y8,
gi|118533|,C[+57.021464]AVVDVPFGGAK.light,FALSE,610.310623,Unit,675.382437,Unit,FALSE,FALSE,130,19.9,4,5.83,2,y7,
gi|118533|,C[+57.021464]AVVDVPFGGAK.light,FALSE,610.310623,Unit,576.314023,Unit,TRUE,FALSE,130,19.9,4,5.83,2,y6,
gi|118533|,C[+57.021464]AVVDVPFGGAK.heavy,TRUE,614.317723,Unit,897.491993,Unit,FALSE,FALSE,130,19.9,4,5.83,2,y9,
gi|118533|,C[+57.021464]AVVDVPFGGAK.heavy,TRUE,614.317723,Unit,798.423579,Unit,TRUE,FALSE,130,19.9,4,5.83,2,y8,
gi|118533|,C[+57.021464]AVVDVPFGGAK.heavy,TRUE,614.317723,Unit,683.396636,Unit,FALSE,FALSE,130,19.9,4,5.83,2,y7,
gi|118533|,C[+57.021464]AVVDVPFGGAK.heavy,TRUE,614.317723,Unit,584.328222,Unit,TRUE,FALSE,130,19.9,4,5.83,2,y6,
gi|118533|,YNLGLDLR.light,FALSE,482.266541,Unit,686.419551,Unit,TRUE,TRUE,130,16,4,6.08,2,y6,
gi|118533|,YNLGLDLR.light,FALSE,482.266541,Unit,573.335487,Unit,FALSE,FALSE,130,16,4,6.08,2,y5,
gi|118533|,YNLGLDLR.light,FALSE,482.266541,Unit,403.229959,Unit,FALSE,FALSE,130,16,4,6.08,2,y3,
gi|118533|,YNLGLDLR.light,FALSE,482.266541,Unit,288.203016,Unit,TRUE,FALSE,130,16,4,6.08,2,y2,
gi|118533|,YNLGLDLR.heavy,TRUE,487.270676,Unit,696.42782,Unit,TRUE,FALSE,130,16,4,6.08,2,y6,
gi|118533|,YNLGLDLR.heavy,TRUE,487.270676,Unit,583.343756,Unit,FALSE,FALSE,130,16,4,6.08,2,y5,
gi|118533|,YNLGLDLR.heavy,TRUE,487.270676,Unit,413.238228,Unit,FALSE,FALSE,130,16,4,6.08,2,y3,
gi|118533|,YNLGLDLR.heavy,TRUE,487.270676,Unit,298.211285,Unit,TRUE,FALSE,130,16,4,6.08,2,y2,
gi|1351907|,AEFVEVTK.light,FALSE,461.74765,Unit,851.45091,Unit,FALSE,FALSE,130,15.3,4,19.15,5,y7,6
gi|1351907|,AEFVEVTK.light,FALSE,461.74765,Unit,722.408317,Unit,TRUE,TRUE,130,15.3,4,19.15,5,y6,1
gi|1351907|,AEFVEVTK.light,FALSE,461.74765,Unit,575.339903,Unit,TRUE,FALSE,130,15.3,4,19.15,5,y5,2
gi|1351907|,AEFVEVTK.light,FALSE,461.74765,Unit,476.271489,Unit,FALSE,FALSE,130,15.3,4,19.15,5,y4,3
gi|1351907|,AEFVEVTK.heavy,TRUE,465.75475,Unit,859.465109,Unit,FALSE,FALSE,130,15.3,4,19.15,5,y7,6
gi|1351907|,AEFVEVTK.heavy,TRUE,465.75475,Unit,730.422516,Unit,TRUE,FALSE,130,15.3,4,19.15,5,y6,1
gi|1351907|,AEFVEVTK.heavy,TRUE,465.75475,Unit,583.354102,Unit,TRUE,FALSE,130,15.3,4,19.15,5,y5,2
gi|1351907|,AEFVEVTK.heavy,TRUE,465.75475,Unit,484.285688,Unit,FALSE,FALSE,130,15.3,4,19.15,5,y4,3
