734.406975,714.425699,0,gi|129823|.IHGFDLAAINLQR.+2y6.light,gi|129823|.IHGFDLAAINLQR.light,,1,1000,1.0,80,35
734.406975,1013.573819,0,gi|129823|.IHGFDLAAINLQR.+2y9.light,gi|129823|.IHGFDLAAINLQR.light,,1,1000,1.0,80,35
734.406975,898.546876,0,gi|129823|.IHGFDLAAINLQR.+2y8.light,gi|129823|.IHGFDLAAINLQR.light,,2,1000,1.0,80,35
734.406975,530.304521,0,gi|129823|.IHGFDLAAINLQR.+2y4.light,gi|129823|.IHGFDLAAINLQR.light,,2,1000,1.0,80,35
739.411109,724.433968,0,gi|129823|.IHGFDLAAINLQR.+2y6.heavy,gi|129823|.IHGFDLAAINLQR.heavy,,1,1000,1.0,80,35
739.411109,1023.582088,0,gi|129823|.IHGFDLAAINLQR.+2y9.heavy,gi|129823|.IHGFDLAAINLQR.heavy,,1,1000,1.0,80,35
739.411109,908.555145,0,gi|129823|.IHGFDLAAINLQR.+2y8.heavy,gi|129823|.IHGFDLAAINLQR.heavy,,2,1000,1.0,80,35
739.411109,540.31279,0,gi|129823|.IHGFDLAAINLQR.+2y4.heavy,gi|129823|.IHGFDLAAINLQR.heavy,,2,1000,1.0,80,35
610.310623,790.40938,0,gi|118533|.C[CAM]AVVDVPFGGAK.+2y8.light,gi|118533|.C[CAM]AVVDVPFGGAK.light,,1,1000,1.0,80,28.9
610.310623,576.314023,0,gi|118533|.C[CAM]AVVDVPFGGAK.+2y6.light,gi|118533|.C[CAM]AVVDVPFGGAK.light,,1,1000,1.0,80,28.9
610.310623,889.477794,0,gi|118533|.C[CAM]AVVDVPFGGAK.+2y9.light,gi|118533|.C[CAM]AVVDVPFGGAK.light,,2,1000,1.0,80,28.9
610.310623,675.382437,0,gi|118533|.C[CAM]AVVDVPFGGAK.+2y7.light,gi|118533|.C[CAM]AVVDVPFGGAK.light,,2,1000,1.0,80,28.9
614.317723,798.423579,0,gi|118533|.C[CAM]AVVDVPFGGAK.+2y8.heavy,gi|118533|.C[CAM]AVVDVPFGGAK.heavy,,1,1000,1.0,80,28.9
614.317723,584.328222,0,gi|118533|.C[CAM]AVVDVPFGGAK.+2y6.heavy,gi|118533|.C[CAM]AVVDVPFGGAK.heavy,,1,1000,1.0,80,28.9
614.317723,897.491993,0,gi|118533|.C[CAM]AVVDVPFGGAK.+2y9.heavy,gi|118533|.C[CAM]AVVDVPFGGAK.heavy,,2,1000,1.0,80,28.9
614.317723,683.396636,0,gi|118533|.C[CAM]AVVDVPFGGAK.+2y7.heavy,gi|118533|.C[CAM]AVVDVPFGGAK.heavy,,2,1000,1.0,80,28.9
482.266541,686.419551,0,gi|118533|.YNLGLDLR.+2y6.light,gi|118533|.YNLGLDLR.light,,1,1000,1.0,80,22.6
482.266541,288.203016,0,gi|118533|.YNLGLDLR.+2y2.light,gi|118533|.YNLGLDLR.light,,1,1000,1.0,80,22.6
482.266541,573.335487,0,gi|118533|.YNLGLDLR.+2y5.light,gi|118533|.YNLGLDLR.light,,2,1000,1.0,80,22.6
482.266541,403.229959,0,gi|118533|.YNLGLDLR.+2y3.light,gi|118533|.YNLGLDLR.light,,2,1000,1.0,80,22.6
487.270676,696.42782,0,gi|118533|.YNLGLDLR.+2y6.heavy,gi|118533|.YNLGLDLR.heavy,,1,1000,1.0,80,22.6
487.270676,298.211285,0,gi|118533|.YNLGLDLR.+2y2.heavy,gi|118533|.YNLGLDLR.heavy,,1,1000,1.0,80,22.6
487.270676,583.343756,0,gi|118533|.YNLGLDLR.+2y5.heavy,gi|118533|.YNLGLDLR.heavy,,2,1000,1.0,80,22.6
487.270676,413.238228,0,gi|118533|.YNLGLDLR.+2y3.heavy,gi|118533|.YNLGLDLR.heavy,,2,1000,1.0,80,22.6
461.74765,722.408317,0,gi|1351907|.AEFVEVTK.+2y6.light,gi|1351907|.AEFVEVTK.light,,1,1000,1.0,80,21.6
461.74765,575.339903,0,gi|1351907|.AEFVEVTK.+2y5.light,gi|1351907|.AEFVEVTK.light,,1,1000,1.0,80,21.6
461.74765,476.271489,0,gi|1351907|.AEFVEVTK.+2y4.light,gi|1351907|.AEFVEVTK.light,,2,1000,1.0,80,21.6
461.74765,851.45091,0,gi|1351907|.AEFVEVTK.+2y7.light,gi|1351907|.AEFVEVTK.light,,2,1000,1.0,80,21.6
465.75475,730.422516,0,gi|1351907|.AEFVEVTK.+2y6.heavy,gi|1351907|.AEFVEVTK.heavy,,1,1000,1.0,80,21.6
465.75475,583.354102,0,gi|1351907|.AEFVEVTK.+2y5.heavy,gi|1351907|.AEFVEVTK.heavy,,1,1000,1.0,80,21.6
465.75475,484.285688,0,gi|1351907|.AEFVEVTK.+2y4.heavy,gi|1351907|.AEFVEVTK.heavy,,2,1000,1.0,80,21.6
465.75475,859.465109,0,gi|1351907|.AEFVEVTK.+2y7.heavy,gi|1351907|.AEFVEVTK.heavy,,2,1000,1.0,80,21.6
