<?xml version="1.0" encoding="UTF-8"?>
<!-- edited with XML Spy v4.4 U (http://www.xmlspy.com) by Malini Srikantarajeurs (private) -->
<!--Sample XML file generated by XML Spy v4.4 U (http://www.xmlspy.com)-->
<Devices xmlns:xsi="http://www.w3.org/2001/XMLSchema-instance" xsi:noNamespaceSchemaLocation="Devices.xsd">
	<Version>1</Version>
	<Device DeviceID="1">
		<Name>TandemQuadrupole</Name>
		<ModelNumber>G6410A</ModelNumber>
		<OrdinalNumber>1</OrdinalNumber>
		<SerialNumber>50331873</SerialNumber>
		<Type>5</Type>
		<StoredDataType>8</StoredDataType>
		<Delay>0</Delay>
	</Device>
</Devices>
