<PumpMethod xmlns:xsi="http://www.w3.org/2001/XMLSchema-instance" xmlns:xsd="http://www.w3.org/2001/XMLSchema" ModuleType="G7132A" xsdName="PumpMethod.xsd" schemaVersion="1.0.5" schemaSI="3" ModuleOptions="">
  <ConfigurationXml>&lt;PumpConfig xmlns:xsi="http://www.w3.org/2001/XMLSchema-instance" xmlns:xsd="http://www.w3.org/2001/XMLSchema" xsdName="PumpConfig.xsd" schemaVersion="1.0.3" schemaSI="0"&gt;&lt;DisplayName&gt;Binary Pump&lt;/DisplayName&gt;&lt;SerialNumber&gt;DEBBW00177&lt;/SerialNumber&gt;&lt;ModuleType&gt;G7132A&lt;/ModuleType&gt;&lt;ModuleDisplayType&gt;G7132A&lt;/ModuleDisplayType&gt;&lt;ConnectionInfo&gt;&lt;ConnectionType&gt;ConnectionType_IPAddress&lt;/ConnectionType&gt;&lt;IPAddress&gt;192.168.254.11&lt;/IPAddress&gt;&lt;/ConnectionInfo&gt;&lt;FirmwareRevision&gt;B.07.38 [0002]&lt;/FirmwareRevision&gt;&lt;IsExternalContactsBoardInstalled&gt;false&lt;/IsExternalContactsBoardInstalled&gt;&lt;IsSealWashInstalled&gt;false&lt;/IsSealWashInstalled&gt;&lt;IsSolventSelectionValveInstalled&gt;true&lt;/IsSolventSelectionValveInstalled&gt;&lt;IsFlowSensorInstalled&gt;false&lt;/IsFlowSensorInstalled&gt;&lt;FlowSensorVersion&gt;FS1_20microl&lt;/FlowSensorVersion&gt;&lt;PressureUnit&gt;Unit_Bar&lt;/PressureUnit&gt;&lt;IsEmulationModeEnabled&gt;false&lt;/IsEmulationModeEnabled&gt;&lt;InstalledMixer&gt;&lt;MixerType&gt;BioTFAJetWeaver&lt;/MixerType&gt;&lt;/InstalledMixer&gt;&lt;/PumpConfig&gt;</ConfigurationXml>
  <Timetable>
    <TimetableEntry xsi:type="ChangeSolventCompositionType" ObjectID="195c39b5-582f-4aa7-bf1a-ba954d23e28a">
      <Time>5</Time>
      <PercentA>20</PercentA>
      <PercentB>80</PercentB>
      <PercentC>0</PercentC>
      <PercentD>0</PercentD>
    </TimetableEntry>
    <TimetableEntry xsi:type="ChangeSolventCompositionType" ObjectID="a870bed6-851f-403a-8477-19349a62cb89">
      <Time>7</Time>
      <PercentA>20</PercentA>
      <PercentB>80</PercentB>
      <PercentC>0</PercentC>
      <PercentD>0</PercentD>
    </TimetableEntry>
    <TimetableEntry xsi:type="ChangeSolventCompositionType" ObjectID="9ab81425-1f11-463d-8570-c938c329e34e">
      <Time>7.1</Time>
      <PercentA>95</PercentA>
      <PercentB>5</PercentB>
      <PercentC>0</PercentC>
      <PercentD>0</PercentD>
    </TimetableEntry>
  </Timetable>
  <StopTime>
    <StopTimeMode>StopTime_Set</StopTimeMode>
    <StopTimeValue>10</StopTimeValue>
  </StopTime>
  <PostTime>
    <PostTimeMode>PostTime_Off</PostTimeMode>
  </PostTime>
  <Flow>0.5</Flow>
  <UseSolventTypes>true</UseSolventTypes>
  <StrokeMode>Synchronized</StrokeMode>
  <StrokeA>
    <AutomaticStrokeCalculation>true</AutomaticStrokeCalculation>
  </StrokeA>
  <CompressA>
    <CompressibilityMode>CompressibilityValueSet</CompressibilityMode>
    <CompressibilityValueSet>45</CompressibilityValueSet>
  </CompressA>
  <CompressB>
    <CompressibilityMode>CompressibilityValueSet</CompressibilityMode>
    <CompressibilityValueSet>75</CompressibilityValueSet>
  </CompressB>
  <SolventComposition>
    <SolventElement>
      <Channel>Channel_A</Channel>
      <Channel1UserName>0.1% formic acid in Water</Channel1UserName>
      <Channel2UserName />
      <SelectedSolventChannel>Channel1</SelectedSolventChannel>
      <Used>true</Used>
      <Percentage>95</Percentage>
      <Channel1ExtendedSolventType>
        <Mode>Solventtype</Mode>
        <SolventDescription>
          <Definition>
            <Name>Water V.02</Name>
            <IsPure>true</IsPure>
            <CRC>781769605</CRC>
            <SolventStripes>0.0,"t10,48.6314t100,47.652t200,46.6104t300,45.6179t400,44.6746t500,43.7805t600,42.9355t700,42.1396t800,41.3929t900,40.6953t1000,40.0469t1100,39.4476t1200,38.8975"</SolventStripes>
          </Definition>
          <Percent>100</Percent>
        </SolventDescription>
      </Channel1ExtendedSolventType>
      <Channel2ExtendedSolventType>
        <Mode>Solventtype</Mode>
        <SolventDescription>
          <Definition>
            <Name>Water V.02</Name>
            <IsPure>true</IsPure>
            <CRC>781769605</CRC>
            <SolventStripes>0.0,"t10,48.6314t100,47.652t200,46.6104t300,45.6179t400,44.6746t500,43.7805t600,42.9355t700,42.1396t800,41.3929t900,40.6953t1000,40.0469t1100,39.4476t1200,38.8975"</SolventStripes>
          </Definition>
          <Percent>100</Percent>
        </SolventDescription>
      </Channel2ExtendedSolventType>
    </SolventElement>
    <SolventElement>
      <Channel>Channel_B</Channel>
      <Channel1UserName>ACN</Channel1UserName>
      <Channel2UserName />
      <SelectedSolventChannel>Channel1</SelectedSolventChannel>
      <Used>true</Used>
      <Percentage>5</Percentage>
      <Channel1ExtendedSolventType>
        <Mode>Solventtype</Mode>
        <SolventDescription>
          <Definition>
            <Name>Acetonitrile V.02</Name>
            <IsPure>true</IsPure>
            <CRC>1452276903</CRC>
            <SolventStripes>100.0,"t10,119.4267t100,114.7299t200,109.8105t300,105.2063t400,100.9172t500,96.9432t600,93.2843t700,89.9405t800,86.9118t900,84.1983t1000,81.7998t1100,79.7165t1200,77.9483"</SolventStripes>
          </Definition>
          <Percent>100</Percent>
        </SolventDescription>
      </Channel1ExtendedSolventType>
      <Channel2ExtendedSolventType>
        <Mode>Solventtype</Mode>
        <SolventDescription>
          <Definition>
            <Name>Acetonitrile V.02</Name>
            <IsPure>true</IsPure>
            <CRC>1452276903</CRC>
            <SolventStripes>100.0,"t10,119.4267t100,114.7299t200,109.8105t300,105.2063t400,100.9172t500,96.9432t600,93.2843t700,89.9405t800,86.9118t900,84.1983t1000,81.7998t1100,79.7165t1200,77.9483"</SolventStripes>
          </Definition>
          <Percent>100</Percent>
        </SolventDescription>
      </Channel2ExtendedSolventType>
    </SolventElement>
  </SolventComposition>
  <LowPressureLimit>0</LowPressureLimit>
  <HighPressureLimit>900</HighPressureLimit>
  <MaximumFlowRamp>100</MaximumFlowRamp>
  <FlowRampDown>100</FlowRampDown>
  <ExpectedMixerType>None</ExpectedMixerType>
</PumpMethod>