<?xml version="1.0"?>
<!--Voyager Method XML file-->
<Properties>
  <Version>8.0</Version>
  <PreRunScript>
    <ProjectName>
    </ProjectName>
    <ProcedureName>
    </ProcedureName>
    <InParameter>
    </InParameter>
    <DisplayString>
    </DisplayString>
  </PreRunScript>
  <PostRunScript>
    <ProjectName>
    </ProjectName>
    <ProcedureName>
    </ProcedureName>
    <InParameter>
    </InParameter>
    <DisplayString>
    </DisplayString>
  </PostRunScript>
  <Description>6490 ESI with Agilent Jet Stream Technology Checkout Positive MRM for 50 fg on column</Description>
  <EstimatedRunTime>11</EstimatedRunTime>
  <AppVersion>2023-0809-1752-15481</AppVersion>
  <CreatedBy>SYSTEM (SYSTEM)</CreatedBy>
  <LastModifiedBy>SYSTEM (SYSTEM)</LastModifiedBy>
  <CreationDate>2023-08-08 12:49:22-07:00</CreationDate>
  <LastModificationDate>2023-08-09 10:52:15-07:00</LastModificationDate>
</Properties>