PeptideSequence	PrecursorMz	ProductMz	UniprotID	FullUniModPeptideName	Tr_recalibrated	copies	transition_name	CE	LibraryIntensity	transition_group_id	decoy	ProteinName	Annotation	PrecursorCharge	GroupLabel	FragmentType	FragmentCharge	FragmentSeriesNumber				FullUniModPeptideName	Tr_recalibrated	copies
AAAAAAAAAAAAAAAGAAGK	490.267073	557.3041868	1/P55012	AAAAAAAAAAAAAAAGAAGK	51.81467	10	4_AAAAAAAAAAAAAAAGAAGK_3_light	-1	2329.8	1_AAAAAAAAAAAAAAAGAAGK_3	0	1/P55012	y15^2/0.03	3	light	y	2	15				AAAAAAAAAAAAAAAGAAGK	51.81467	1
AAAAAAAAAAAAAAAGAAGK	492.9384727	561.3112863	1/P55012	AAAAAAAAAAAAAAAGAAGK	53	9	4_AAAAAAAAAAAAAAAGAAGK_3_heavy	-1	2329.8	1_AAAAAAAAAAAAAAAGAAGK_3	0	1/P55012	y15^2/0.03	3	heavy	y	2	15				AAAAADLANR	-14.75615	1
AAAAAAAAAAAAAAAGAAGK	490.267073	545.3041868	1/P55012	AAAAAAAAAAAAAAAGAAGK	51.81467	8	3_AAAAAAAAAAAAAAAGAAGK_3_light	-1	868.6	1_AAAAAAAAAAAAAAAGAAGK_3	0	1/P55012	y7/0.00	3	light	y	1	7				AAAADGEPLHNEEER	-13.66489	1
AAAAAAAAAAAAAAAGAAGK	492.9384727	553.3183858	1/P55012	AAAAAAAAAAAAAAAGAAGK	53	7	3_AAAAAAAAAAAAAAAGAAGK_3_heavy	-1	868.6	1_AAAAAAAAAAAAAAAGAAGK_3	0	1/P55012	y7/0.00	3	heavy	y	1	7				AAAAGALAPGPLPDLAAR	61.3	1
AAAAAAAAAAAAAAAGAAGK	490.267073	616.3413006	1/P55012	AAAAAAAAAAAAAAAGAAGK	51.81467	6	5_AAAAAAAAAAAAAAAGAAGK_3_light	-1	862.4	1_AAAAAAAAAAAAAAAGAAGK_3	0	1/P55012	y8/-0.02	3	light	y	1	8				AAAAIMHMIMNNLDPAVAQFPQELVTYGGNGQVFSNWAQFR	161.52908	1
AAAAAAAAAAAAAAAGAAGK	492.9384727	624.3554996	1/P55012	AAAAAAAAAAAAAAAGAAGK	53	5	5_AAAAAAAAAAAAAAAGAAGK_3_heavy	-1	862.4	1_AAAAAAAAAAAAAAAGAAGK_3	0	1/P55012	y8/-0.02	3	heavy	y	1	8				AAAASAAEAGIATPGTEDSDDALLK	48.59814	1
AAAAAAAAAAAAAAAGAAGK	490.267073	687.3784144	1/P55012	AAAAAAAAAAAAAAAGAAGK	51.81467	4	6_AAAAAAAAAAAAAAAGAAGK_3_light	-1	721	1_AAAAAAAAAAAAAAAGAAGK_3	0	1/P55012	y9/-0.01	3	light	y	1	9				AAADADVSLHNFSAR	19.20063	1
AAAAAAAAAAAAAAAGAAGK	492.9384727	695.3926134	1/P55012	AAAAAAAAAAAAAAAGAAGK	53	3	6_AAAAAAAAAAAAAAAGAAGK_3_heavy	-1	721	1_AAAAAAAAAAAAAAAGAAGK_3	0	1/P55012	y9/-0.01	3	heavy	y	1	9				AAAEDVNVTFEDQQK	21.1	1
AAAAAAAAAAAAAAAGAAGK	490.267073	403.2299592	1/P55012	AAAAAAAAAAAAAAAGAAGK	51.81467	2	1_AAAAAAAAAAAAAAAGAAGK_3_light	-1	566	1_AAAAAAAAAAAAAAAGAAGK_3	0	1/P55012	y5/-0.01	3	light	y	1	5				AAAEELLAR	13.39552	1
AAAAAAAAAAAAAAAGAAGK	492.9384727	411.2441582	1/P55012	AAAAAAAAAAAAAAAGAAGK	53	1	1_AAAAAAAAAAAAAAAGAAGK_3_heavy	-1	566	1_AAAAAAAAAAAAAAAGAAGK_3	0	1/P55012	y5/-0.01	3	heavy	y	1	5				AAAEVNQEYGLDPK	13.7	1
AAAAADLANR	472.251423	659.3471143	4/Q5U2U0/Q5R7N3/Q9JHS4/O76031	AAAAADLANR	-14.75615	10	12_AAAAADLANR_2_light	-1	1124.4	2_AAAAADLANR_2	0	4/Q5U2U0/Q5R7N3/Q9JHS4/O76031	y6/-0.01	2	light	y	1	6				AAAFEQLQK	5.5	1
AAAAADLANR	477.2555575	669.3553833	4/Q5U2U0/Q5R7N3/Q9JHS4/O76031	AAAAADLANR	-17.7	9	12_AAAAADLANR_2_heavy	-1	1124.4	2_AAAAADLANR_2	0	4/Q5U2U0/Q5R7N3/Q9JHS4/O76031	y6/-0.01	2	heavy	y	1	6				AAAGELQEDSGLHVLAR	32.82678	1
AAAAADLANR	472.251423	588.3100005	4/Q5U2U0/Q5R7N3/Q9JHS4/O76031	AAAAADLANR	-14.75615	8	11_AAAAADLANR_2_light	-1	1065.8	2_AAAAADLANR_2	0	4/Q5U2U0/Q5R7N3/Q9JHS4/O76031	y5/-0.01	2	light	y	1	5				AAAHC[+57.0]AHVFTTVSQITAIEAQHLLK	81.35859	1
AAAAADLANR	477.2555575	598.3182695	4/Q5U2U0/Q5R7N3/Q9JHS4/O76031	AAAAADLANR	-17.7	7	11_AAAAADLANR_2_heavy	-1	1065.8	2_AAAAADLANR_2	0	4/Q5U2U0/Q5R7N3/Q9JHS4/O76031	y5/-0.01	2	heavy	y	1	5				AAAHHYGAQC[+57.0]DK	-31.53211	1
AAAAADLANR	472.251423	730.3842281	4/Q5U2U0/Q5R7N3/Q9JHS4/O76031	AAAAADLANR	-14.75615	6	13_AAAAADLANR_2_light	-1	786	2_AAAAADLANR_2	0	4/Q5U2U0/Q5R7N3/Q9JHS4/O76031	y7/0.00	2	light	y	1	7				AAAHHYGAQC[+57.0]DKTNK	-33.28966	1
AAAAADLANR	477.2555575	740.3924971	4/Q5U2U0/Q5R7N3/Q9JHS4/O76031	AAAAADLANR	-17.7	5	13_AAAAADLANR_2_heavy	-1	786	2_AAAAADLANR_2	0	4/Q5U2U0/Q5R7N3/Q9JHS4/O76031	y7/0.00	2	heavy	y	1	7				AAAIVGC[+57.0]IGVIAEVDKAALVK	96	1
AAAAADLANR	472.251423	801.4213419	4/Q5U2U0/Q5R7N3/Q9JHS4/O76031	AAAAADLANR	-14.75615	4	14_AAAAADLANR_2_light	-1	597.3	2_AAAAADLANR_2	0	4/Q5U2U0/Q5R7N3/Q9JHS4/O76031	y8/0.00	2	light	y	1	8				AAALEAMKDYTK	15.80039	1
AAAAADLANR	477.2555575	811.4296109	4/Q5U2U0/Q5R7N3/Q9JHS4/O76031	AAAAADLANR	-17.7	3	14_AAAAADLANR_2_heavy	-1	597.3	2_AAAAADLANR_2	0	4/Q5U2U0/Q5R7N3/Q9JHS4/O76031	y8/0.00	2	heavy	y	1	8				AAALEFLNR	45.9	1
AAAAADLANR	472.251423	360.1989935	4/Q5U2U0/Q5R7N3/Q9JHS4/O76031	AAAAADLANR	-14.75615	2	8_AAAAADLANR_2_light	-1	578.2	2_AAAAADLANR_2	0	4/Q5U2U0/Q5R7N3/Q9JHS4/O76031	y3/0.00	2	light	y	1	3				AAALEFLNRFEEAK	75	1
AAAAADLANR	477.2555575	370.2072625	4/Q5U2U0/Q5R7N3/Q9JHS4/O76031	AAAAADLANR	-17.7	1	8_AAAAADLANR_2_heavy	-1	578.2	2_AAAAADLANR_2	0	4/Q5U2U0/Q5R7N3/Q9JHS4/O76031	y3/0.00	2	heavy	y	1	3				AAALEQFK	4.8	1
AAAADGEPLHNEEER	536.9131356	662.7918375	1/Q80WW9	AAAADGEPLHNEEER	-13.66489	10	20_AAAADGEPLHNEEER_3_light	-1	3569.2	3_AAAADGEPLHNEEER_3	0	1/Q80WW9	y11^2/0.01	3	light	y	2	11				AAALSLSTLASPK	49	1
AAAADGEPLHNEEER	540.2492252	667.795972	1/Q80WW9	AAAADGEPLHNEEER	-13.66489	9	20_AAAADGEPLHNEEER_3_heavy	-1	3569.2	3_AAAADGEPLHNEEER_3	0	1/Q80WW9	y11^2/0.01	3	heavy	y	2	11				AAALVLQTIWGYK	98.2	1
AAAADGEPLHNEEER	536.9131356	676.289659	1/Q80WW9	AAAADGEPLHNEEER	-13.66489	8	21_AAAADGEPLHNEEER_3_light	-1	2181.7	3_AAAADGEPLHNEEER_3	0	1/Q80WW9	y5/0.01,y12-44^2/-0.01	3	light	y	1	5				AAAMANNLQK	-16.42467	1
AAAADGEPLHNEEER	540.2492252	686.297928	1/Q80WW9	AAAADGEPLHNEEER	-13.66489	7	21_AAAADGEPLHNEEER_3_heavy	-1	2181.7	3_AAAADGEPLHNEEER_3	0	1/Q80WW9	y5/0.01,y12-44^2/-0.01	3	heavy	y	1	5				AAANEQLTR	-21.25626	1
AAAADGEPLHNEEER	536.9131356	1023.485399	1/Q80WW9	AAAADGEPLHNEEER	-13.66489	6	28_AAAADGEPLHNEEER_3_light	-1	1907.7	3_AAAADGEPLHNEEER_3	0	1/Q80WW9	[y8/0.0404]	3	light	y	1	8				AAANFFSASC[+57.0]VPC[+57.0]ADQSSFPK	67.1	1
AAAADGEPLHNEEER	540.2492252	1033.493668	1/Q80WW9	AAAADGEPLHNEEER	-13.66489	5	28_AAAADGEPLHNEEER_3_heavy	-1	1907.7	3_AAAADGEPLHNEEER_3	0	1/Q80WW9	[y8/0.0404]	3	heavy	y	1	8				AAAPADVGEER	-18.28157	1
AAAADGEPLHNEEER	536.9131356	733.8289513	1/Q80WW9	AAAADGEPLHNEEER	-13.66489	4	24_AAAADGEPLHNEEER_3_light	-1	1815.4	3_AAAADGEPLHNEEER_3	0	1/Q80WW9	y13^2/0.01	3	light	y	2	13				AAAPAPEEEMDEC[+57.0]EQALAAEPK	52.5	1
AAAADGEPLHNEEER	540.2492252	738.8330858	1/Q80WW9	AAAADGEPLHNEEER	-13.66489	3	24_AAAADGEPLHNEEER_3_heavy	-1	1815.4	3_AAAADGEPLHNEEER_3	0	1/Q80WW9	y13^2/0.01	3	heavy	y	2	13				AAAPC[+57.0]IIFFDELDSLAPSR	144.36244	1
AAAADGEPLHNEEER	536.9131356	813.3485708	1/Q80WW9	AAAADGEPLHNEEER	-13.66489	2	25_AAAADGEPLHNEEER_3_light	-1	1800	3_AAAADGEPLHNEEER_3	0	1/Q80WW9	y6/-0.01	3	light	y	1	6				AAAQC[+57.0]YIDLIIK	84.8	1
AAAADGEPLHNEEER	540.2492252	823.3568398	1/Q80WW9	AAAADGEPLHNEEER	-13.66489	1	25_AAAADGEPLHNEEER_3_heavy	-1	1800	3_AAAADGEPLHNEEER_3	0	1/Q80WW9	y6/-0.01	3	heavy	y	1	6				AAAQTLER	-22.19885	1
AAAAGALAPGPLPDLAAR	806.9558808	1016.576275	1/Q3TW96	AAAAGALAPGPLPDLAAR	61.3	10	13_AAAAGALAPGPLPDLAAR_2_heavy	-1	10000	3_AAAAGALAPGPLPDLAAR_2	0	1/Q3TW96	y10/0.01	2	heavy	y	1	10				AAAQYYLGNVR	25.86226	1
AAAAGALAPGPLPDLAAR	801.9517463	1006.568006	1/Q3TW96	AAAAGALAPGPLPDLAAR	61.3	9	13_AAAAGALAPGPLPDLAAR_2_light	-1	10000	3_AAAAGALAPGPLPDLAAR_2	0	1/Q3TW96	y10/0.01	2	light	y	1	10				AAASTDYYK	-14.5533	1
AAAAGALAPGPLPDLAAR	806.9558808	1087.613388	1/Q3TW96	AAAAGALAPGPLPDLAAR	61.3	8	15_AAAAGALAPGPLPDLAAR_2_heavy	-1	2395.2	3_AAAAGALAPGPLPDLAAR_2	0	1/Q3TW96	y11/-0.00	2	heavy	y	1	11				AAASTDYYKR	-20.54976	1
AAAAGALAPGPLPDLAAR	801.9517463	1077.605119	1/Q3TW96	AAAAGALAPGPLPDLAAR	61.3	7	15_AAAAGALAPGPLPDLAAR_2_light	-1	2395.2	3_AAAAGALAPGPLPDLAAR_2	0	1/Q3TW96	y11/-0.00	2	light	y	1	11				AAATEDATPAALEK	2.8	1
AAAAGALAPGPLPDLAAR	806.9558808	440.2855124	1/Q3TW96	AAAAGALAPGPLPDLAAR	61.3	6	6_AAAAGALAPGPLPDLAAR_2_heavy	-1	1572.2	3_AAAAGALAPGPLPDLAAR_2	0	1/Q3TW96	y4/-0.01	2	heavy	y	1	4				AAATFNPELITHILDGSPENTR	101.8	1
AAAAGALAPGPLPDLAAR	801.9517463	430.2772434	1/Q3TW96	AAAAGALAPGPLPDLAAR	61.3	5	6_AAAAGALAPGPLPDLAAR_2_light	-1	1572.2	3_AAAAGALAPGPLPDLAAR_2	0	1/Q3TW96	y4/-0.01	2	light	y	1	4				AAATFNPELITHILDGSPENTRR	90.4	1
AAAAGALAPGPLPDLAAR	806.9558808	652.3652193	1/Q3TW96	AAAAGALAPGPLPDLAAR	61.3	4	9_AAAAGALAPGPLPDLAAR_2_heavy	-1	1334.1	3_AAAAGALAPGPLPDLAAR_2	0	1/Q3TW96	y6/-0.01	2	heavy	y	1	6				AAATLAAVSGTPGLGAQPAELGTHK	46.36835	1
AAAAGALAPGPLPDLAAR	801.9517463	642.3569503	1/Q3TW96	AAAAGALAPGPLPDLAAR	61.3	3	9_AAAAGALAPGPLPDLAAR_2_light	-1	1334.1	3_AAAAGALAPGPLPDLAAR_2	0	1/Q3TW96	y6/-0.01	2	light	y	1	6				AAATLMTER	-3.77312	1
AAAAGALAPGPLPDLAAR	806.9558808	1200.697452	1/Q3TW96	AAAAGALAPGPLPDLAAR	61.3	2	17_AAAAGALAPGPLPDLAAR_2_heavy	-1	1001.8	3_AAAAGALAPGPLPDLAAR_2	0	1/Q3TW96	y12/0.02	2	heavy	y	1	12				AAATTVQEYLK	28.5	1
AAAAGALAPGPLPDLAAR	801.9517463	1190.689183	1/Q3TW96	AAAAGALAPGPLPDLAAR	61.3	1	17_AAAAGALAPGPLPDLAAR_2_light	-1	1001.8	3_AAAAGALAPGPLPDLAAR_2	0	1/Q3TW96	y12/0.02	2	light	y	1	12				AAAVALPEEELKK	21.0847	1
AAAAIMHMIMNNLDPAVAQFPQELVTYGGNGQVFSNWAQFR	1127.798877	1055.50574	1/Q8VC12	AAAAIMHMIMNNLDPAVAQFPQELVTYGGNGQVFSNWAQFR	161.52908	10	38_AAAAIMHMIMNNLDPAVAQFPQELVTYGGNGQVFSNWAQFR_4_light	-1	7283.8	4_AAAAIMHMIMNNLDPAVAQFPQELVTYGGNGQVFSNWAQFR_4	0	1/Q8VC12	[y8/-0.0362]	4	light	y	1	8				AAAVGIAQVVISR	51.1	1
AAAAIMHMIMNNLDPAVAQFPQELVTYGGNGQVFSNWAQFR	1130.300944	1065.514009	1/Q8VC12	AAAAIMHMIMNNLDPAVAQFPQELVTYGGNGQVFSNWAQFR	161.52908	9	38_AAAAIMHMIMNNLDPAVAQFPQELVTYGGNGQVFSNWAQFR_4_heavy	-1	7283.8	4_AAAAIMHMIMNNLDPAVAQFPQELVTYGGNGQVFSNWAQFR_4	0	1/Q8VC12	[y8/-0.0362]	4	heavy	y	1	8				AAAVPVEFK	19.5	1
AAAAIMHMIMNNLDPAVAQFPQELVTYGGNGQVFSNWAQFR	1127.798877	908.4373263	1/Q8VC12	AAAAIMHMIMNNLDPAVAQFPQELVTYGGNGQVFSNWAQFR	161.52908	8	36_AAAAIMHMIMNNLDPAVAQFPQELVTYGGNGQVFSNWAQFR_4_light	-1	5338.9	4_AAAAIMHMIMNNLDPAVAQFPQELVTYGGNGQVFSNWAQFR_4	0	1/Q8VC12	y7/-0.03	4	light	y	1	7				AAAVSALAK	-12.54283	1
AAAAIMHMIMNNLDPAVAQFPQELVTYGGNGQVFSNWAQFR	1130.300944	918.4455953	1/Q8VC12	AAAAIMHMIMNNLDPAVAQFPQELVTYGGNGQVFSNWAQFR	161.52908	7	36_AAAAIMHMIMNNLDPAVAQFPQELVTYGGNGQVFSNWAQFR_4_heavy	-1	5338.9	4_AAAAIMHMIMNNLDPAVAQFPQELVTYGGNGQVFSNWAQFR_4	0	1/Q8VC12	y7/-0.03	4	heavy	y	1	7				AAAVSDIQDLMR	58.1	1
AAAAIMHMIMNNLDPAVAQFPQELVTYGGNGQVFSNWAQFR	1127.798877	521.2830575	1/Q8VC12	AAAAIMHMIMNNLDPAVAQFPQELVTYGGNGQVFSNWAQFR	161.52908	6	32_AAAAIMHMIMNNLDPAVAQFPQELVTYGGNGQVFSNWAQFR_4_light	-1	4756.6	4_AAAAIMHMIMNNLDPAVAQFPQELVTYGGNGQVFSNWAQFR_4	0	1/Q8VC12	y4/0.00,b10^2/0.03	4	light	y	1	4				AAC[+57.0]DLVR	-12.69885	1
AAAAIMHMIMNNLDPAVAQFPQELVTYGGNGQVFSNWAQFR	1130.300944	531.2913265	1/Q8VC12	AAAAIMHMIMNNLDPAVAQFPQELVTYGGNGQVFSNWAQFR	161.52908	5	32_AAAAIMHMIMNNLDPAVAQFPQELVTYGGNGQVFSNWAQFR_4_heavy	-1	4756.6	4_AAAAIMHMIMNNLDPAVAQFPQELVTYGGNGQVFSNWAQFR_4	0	1/Q8VC12	y4/0.00,b10^2/0.03	4	heavy	y	1	4				AAC[+57.0]ESFHLAK	2.7784	1
AAAAIMHMIMNNLDPAVAQFPQELVTYGGNGQVFSNWAQFR	1127.798877	821.4052979	1/Q8VC12	AAAAIMHMIMNNLDPAVAQFPQELVTYGGNGQVFSNWAQFR	161.52908	4	35_AAAAIMHMIMNNLDPAVAQFPQELVTYGGNGQVFSNWAQFR_4_light	-1	4492.9	4_AAAAIMHMIMNNLDPAVAQFPQELVTYGGNGQVFSNWAQFR_4	0	1/Q8VC12	y6/0.01	4	light	y	1	6				AAC[+57.0]FQLK	5.21674	1
AAAAIMHMIMNNLDPAVAQFPQELVTYGGNGQVFSNWAQFR	1130.300944	831.4135669	1/Q8VC12	AAAAIMHMIMNNLDPAVAQFPQELVTYGGNGQVFSNWAQFR	161.52908	3	35_AAAAIMHMIMNNLDPAVAQFPQELVTYGGNGQVFSNWAQFR_4_heavy	-1	4492.9	4_AAAAIMHMIMNNLDPAVAQFPQELVTYGGNGQVFSNWAQFR_4	0	1/Q8VC12	y6/0.01	4	heavy	y	1	6				AAC[+57.0]IC[+57.0]AEEEKEEL	19.8	1
AAAAIMHMIMNNLDPAVAQFPQELVTYGGNGQVFSNWAQFR	1127.798877	450.2459437	1/Q8VC12	AAAAIMHMIMNNLDPAVAQFPQELVTYGGNGQVFSNWAQFR	161.52908	2	31_AAAAIMHMIMNNLDPAVAQFPQELVTYGGNGQVFSNWAQFR_4_light	-1	3559.4	4_AAAAIMHMIMNNLDPAVAQFPQELVTYGGNGQVFSNWAQFR_4	0	1/Q8VC12	y3/0.02,b13-34^3/0.05	4	light	y	1	3				AAC[+57.0]LC[+57.0]FR	8.69635	1
AAAAIMHMIMNNLDPAVAQFPQELVTYGGNGQVFSNWAQFR	1130.300944	460.2542127	1/Q8VC12	AAAAIMHMIMNNLDPAVAQFPQELVTYGGNGQVFSNWAQFR	161.52908	1	31_AAAAIMHMIMNNLDPAVAQFPQELVTYGGNGQVFSNWAQFR_4_heavy	-1	3559.4	4_AAAAIMHMIMNNLDPAVAQFPQELVTYGGNGQVFSNWAQFR_4	0	1/Q8VC12	y3/0.02,b13-34^3/0.05	4	heavy	y	1	3				AAC[+57.0]LESAQEPAGAWSNK	22.5	1
AAAASAAEAGIATPGTEDSDDALLK	772.7115645	630.8013396	1/O35226	AAAASAAEAGIATPGTEDSDDALLK	48.59814	10	41_AAAASAAEAGIATPGTEDSDDALLK_3_light	-1	10000	5_AAAASAAEAGIATPGTEDSDDALLK_3	0	1/O35226	y12^2/-0.01	3	light	y	2	12				AAC[+57.0]LPLPGYR	39.7	1
AAAASAAEAGIATPGTEDSDDALLK	775.3829642	634.8084391	1/O35226	AAAASAAEAGIATPGTEDSDDALLK	48.59814	9	41_AAAASAAEAGIATPGTEDSDDALLK_3_heavy	-1	10000	5_AAAASAAEAGIATPGTEDSDDALLK_3	0	1/O35226	y12^2/-0.01	3	heavy	y	2	12				AADAEAEVASLNR	8.7	1
AAAASAAEAGIATPGTEDSDDALLK	772.7115645	1260.595403	1/O35226	AAAASAAEAGIATPGTEDSDDALLK	48.59814	8	54_AAAASAAEAGIATPGTEDSDDALLK_3_light	-1	6250	5_AAAASAAEAGIATPGTEDSDDALLK_3	0	1/O35226	y12/0.02	3	light	y	1	12				AADAEAEVASLNRR	3.09414	1
AAAASAAEAGIATPGTEDSDDALLK	775.3829642	1268.609602	1/O35226	AAAASAAEAGIATPGTEDSDDALLK	48.59814	7	54_AAAASAAEAGIATPGTEDSDDALLK_3_heavy	-1	6250	5_AAAASAAEAGIATPGTEDSDDALLK_3	0	1/O35226	y12/0.02	3	heavy	y	1	12				AADAHVDAHYYEQNEQPTGTC[+57.0]AAC[+57.0]ITGGNR	21.43611	1
AAAASAAEAGIATPGTEDSDDALLK	772.7115645	1163.542639	1/O35226	AAAASAAEAGIATPGTEDSDDALLK	48.59814	6	51_AAAASAAEAGIATPGTEDSDDALLK_3_light	-1	3232.8	5_AAAASAAEAGIATPGTEDSDDALLK_3	0	1/O35226	y11/-0.02	3	light	y	1	11				AADAVEDLR	-0.09845	1
AAAASAAEAGIATPGTEDSDDALLK	775.3829642	1171.556838	1/O35226	AAAASAAEAGIATPGTEDSDDALLK	48.59814	5	51_AAAASAAEAGIATPGTEDSDDALLK_3_heavy	-1	3232.8	5_AAAASAAEAGIATPGTEDSDDALLK_3	0	1/O35226	y11/-0.02	3	heavy	y	1	11				AADEEAFEDNSEEYIRR	30	1
AAAASAAEAGIATPGTEDSDDALLK	772.7115645	876.4309035	1/O35226	AAAASAAEAGIATPGTEDSDDALLK	48.59814	4	48_AAAASAAEAGIATPGTEDSDDALLK_3_light	-1	2376.1	5_AAAASAAEAGIATPGTEDSDDALLK_3	0	1/O35226	y8/-0.01	3	light	y	1	8				AADEVAEGK	-36.41938	1
AAAASAAEAGIATPGTEDSDDALLK	775.3829642	884.4451025	1/O35226	AAAASAAEAGIATPGTEDSDDALLK	48.59814	3	48_AAAASAAEAGIATPGTEDSDDALLK_3_heavy	-1	2376.1	5_AAAASAAEAGIATPGTEDSDDALLK_3	0	1/O35226	y8/-0.01	3	heavy	y	1	8				AADEVAEGKLNDHFPLVVWQTGSGTQTNMNVNEVISNR	88.91471	1
AAAASAAEAGIATPGTEDSDDALLK	772.7115645	681.3251788	1/O35226	AAAASAAEAGIATPGTEDSDDALLK	48.59814	2	44_AAAASAAEAGIATPGTEDSDDALLK_3_light	-1	2219.8	5_AAAASAAEAGIATPGTEDSDDALLK_3	0	1/O35226	y13^2/0.00	3	light	y	2	13				AADEVLAEAK	1.03456	1
AAAASAAEAGIATPGTEDSDDALLK	775.3829642	685.3322783	1/O35226	AAAASAAEAGIATPGTEDSDDALLK	48.59814	1	44_AAAASAAEAGIATPGTEDSDDALLK_3_heavy	-1	2219.8	5_AAAASAAEAGIATPGTEDSDDALLK_3	0	1/O35226	y13^2/0.00	3	heavy	y	2	13				AADFQLHTHVNDGTEFGGSIYQK	41.28677	1
