PrecursorMz	ProductMz	Tr_recalibrated	transition_name	CE	LibraryIntensity	transition_group_id	decoy	PeptideSequence	ProteinName	Annotation	FullUniModPeptideName	PrecursorCharge	GroupLabel	UniprotID	FragmentType	FragmentCharge	FragmentSeriesNumber
532.777570381	793.431043588	52.0	9318_AAEMMASLLK_2	-1	10000.0	592_AAEMMASLLK_2	0	AAEMMASLLK	1/P33176	y7/0.001	AAEMMASLLK	2	light	1/P33176	y	1	7
532.777570381	662.39055898	52.0	9317_AAEMMASLLK_2	-1	9591.2	592_AAEMMASLLK_2	0	AAEMMASLLK	1/P33176	y6/0.001	AAEMMASLLK	2	light	1/P33176	y	1	6
532.777570381	922.473636682	52.0	9322_AAEMMASLLK_2	-1	8939.8	592_AAEMMASLLK_2	0	AAEMMASLLK	1/P33176	y8/0.000	AAEMMASLLK	2	light	1/P33176	y	1	8
532.777570381	531.350074372	52.0	9314_AAEMMASLLK_2	-1	7401.0	592_AAEMMASLLK_2	0	AAEMMASLLK	1/P33176	y5/0.001	AAEMMASLLK	2	light	1/P33176	y	1	5
532.777570381	460.312960582	52.0	9311_AAEMMASLLK_2	-1	4939.0	592_AAEMMASLLK_2	0	AAEMMASLLK	1/P33176	y4/0.001	AAEMMASLLK	2	light	1/P33176	y	1	4
532.777570381	403.164581782	52.0	9309_AAEMMASLLK_2	-1	1824.8	592_AAEMMASLLK_2	0	AAEMMASLLK	1/P33176	b4/0.000	AAEMMASLLK	2	light	1/P33176	b	1	4
540.775027691	662.39055898	30.3	9333_AAEM(UniMod:35)MASLLK_2	-1	3635.2	593_AAEM(UniMod:35)MASLLK_2	0	AAEMMASLLK	1/P33176	y6/0.002	AAEM(UniMod:35)MASLLK	2	light	1/P33176	y	1	6
540.775027691	531.350074372	30.3	9330_AAEM(UniMod:35)MASLLK_2	-1	2706.7	593_AAEM(UniMod:35)MASLLK_2	0	AAEMMASLLK	1/P33176	y5/0.001	AAEM(UniMod:35)MASLLK	2	light	1/P33176	y	1	5
540.775027691	809.425958208	30.3	9335_AAEM(UniMod:35)MASLLK_2	-1	2598.6	593_AAEM(UniMod:35)MASLLK_2	0	AAEMMASLLK	1/P33176	y7/0.000	AAEM(UniMod:35)MASLLK	2	light	1/P33176	y	1	7
540.775027691	460.312960582	30.3	9327_AAEM(UniMod:35)MASLLK_2	-1	2332.2	593_AAEM(UniMod:35)MASLLK_2	0	AAEMMASLLK	1/P33176	y4/0.001	AAEM(UniMod:35)MASLLK	2	light	1/P33176	y	1	4
540.775027691	938.468551302	30.3	9338_AAEM(UniMod:35)MASLLK_2	-1	1931.5	593_AAEM(UniMod:35)MASLLK_2	0	AAEMMASLLK	1/P33176	y8/-0.000	AAEM(UniMod:35)MASLLK	2	light	1/P33176	y	1	8
540.775027691	469.737913901	30.3	9328_AAEM(UniMod:35)MASLLK_2	-1	1286.8	593_AAEM(UniMod:35)MASLLK_2	0	AAEMMASLLK	1/P33176	y8^2/0.001	AAEM(UniMod:35)MASLLK	2	light	1/P33176	y	2	8
540.775027691	809.425958208	20.1	9351_AAEMM(UniMod:35)ASLLK_2	-1	4519.8	594_AAEMM(UniMod:35)ASLLK_2	0	AAEMMASLLK	1/P33176	y7/0.002	AAEMM(UniMod:35)ASLLK	2	light	1/P33176	y	1	7
540.775027691	938.468551302	20.1	9356_AAEMM(UniMod:35)ASLLK_2	-1	3795.2	594_AAEMM(UniMod:35)ASLLK_2	0	AAEMMASLLK	1/P33176	y8/0.003	AAEMM(UniMod:35)ASLLK	2	light	1/P33176	y	1	8
540.775027691	678.3854736	20.1	9349_AAEMM(UniMod:35)ASLLK_2	-1	3002.1	594_AAEMM(UniMod:35)ASLLK_2	0	AAEMMASLLK	1/P33176	y6/0.002	AAEMM(UniMod:35)ASLLK	2	light	1/P33176	y	1	6
540.775027691	531.350074372	20.1	9346_AAEMM(UniMod:35)ASLLK_2	-1	2803.6	594_AAEMM(UniMod:35)ASLLK_2	0	AAEMMASLLK	1/P33176	y5/0.002	AAEMM(UniMod:35)ASLLK	2	light	1/P33176	y	1	5
540.775027691	460.312960582	20.1	9343_AAEMM(UniMod:35)ASLLK_2	-1	1701.4	594_AAEMM(UniMod:35)ASLLK_2	0	AAEMMASLLK	1/P33176	y4/0.002	AAEMM(UniMod:35)ASLLK	2	light	1/P33176	y	1	4
540.775027691	469.737913901	20.1	9344_AAEMM(UniMod:35)ASLLK_2	-1	971.3	594_AAEMM(UniMod:35)ASLLK_2	0	AAEMMASLLK	1/P33176	y8^2/0.001	AAEMM(UniMod:35)ASLLK	2	light	1/P33176	y	2	8
548.772485001	825.420872828	-1.2	9368_AAEM(UniMod:35)M(UniMod:35)ASLLK_2	-1	1397.0	595_AAEM(UniMod:35)M(UniMod:35)ASLLK_2	0	AAEMMASLLK	1/P33176	y7/0.002	AAEM(UniMod:35)M(UniMod:35)ASLLK	2	light	1/P33176	y	1	7
548.772485001	678.3854736	-1.2	9366_AAEM(UniMod:35)M(UniMod:35)ASLLK_2	-1	1137.8	595_AAEM(UniMod:35)M(UniMod:35)ASLLK_2	0	AAEMMASLLK	1/P33176	y6/0.001	AAEM(UniMod:35)M(UniMod:35)ASLLK	2	light	1/P33176	y	1	6
548.772485001	460.312960582	-1.2	9361_AAEM(UniMod:35)M(UniMod:35)ASLLK_2	-1	1129.1	595_AAEM(UniMod:35)M(UniMod:35)ASLLK_2	0	AAEMMASLLK	1/P33176	y4/0.003	AAEM(UniMod:35)M(UniMod:35)ASLLK	2	light	1/P33176	y	1	4
548.772485001	531.350074372	-1.2	9364_AAEM(UniMod:35)M(UniMod:35)ASLLK_2	-1	1019.6	595_AAEM(UniMod:35)M(UniMod:35)ASLLK_2	0	AAEMMASLLK	1/P33176	y5/-0.001	AAEM(UniMod:35)M(UniMod:35)ASLLK	2	light	1/P33176	y	1	5
548.772485001	954.463465922	-1.2	9371_AAEM(UniMod:35)M(UniMod:35)ASLLK_2	-1	891.3	595_AAEM(UniMod:35)M(UniMod:35)ASLLK_2	0	AAEMMASLLK	1/P33176	y8/0.001	AAEM(UniMod:35)M(UniMod:35)ASLLK	2	light	1/P33176	y	1	8
548.772485001	477.735371211	-1.2	9362_AAEM(UniMod:35)M(UniMod:35)ASLLK_2	-1	786.4	595_AAEM(UniMod:35)M(UniMod:35)ASLLK_2	0	AAEMMASLLK	1/P33176	y8^2/0.002	AAEM(UniMod:35)M(UniMod:35)ASLLK	2	light	1/P33176	y	2	8
