PrecursorMz	ProductMz	Tr_recalibrated	LibraryIntensity	decoy	ProteinName	FullUniModPeptideName	PrecursorCharge
856.129231468	626.325650546	143.26383	10000	0	2/Q9H0L4/P33240	AALIM(UniMod:35)QVLQLTADQIAMLPPEQR	3
856.129231468	941.487312926	143.26383	3167.4	0	2/Q9H0L4/P33240	AALIM(UniMod:35)QVLQLTADQIAMLPPEQR	3
856.129231468	984.554664204	143.26383	2714.9	0	2/Q9H0L4/P33240	AALIM(UniMod:35)QVLQLTADQIAMLPPEQR	3
856.129231468	870.450199136	143.26383	2262.4	0	2/Q9H0L4/P33240	AALIM(UniMod:35)QVLQLTADQIAMLPPEQR	3
856.129231468	743.412022706	143.26383	1810	0	2/Q9H0L4/P33240	AALIM(UniMod:35)QVLQLTADQIAMLPPEQR	3
856.129231468	1239.67165206	143.26383	1479.2	0	2/Q9H0L4/P33240	AALIM(UniMod:35)QVLQLTADQIAMLPPEQR	3
856.129231468	626.325650546	156.8496	10000	0	2/Q9H0L4/P33240	AALIMQVLQLTADQIAM(UniMod:35)LPPEQR	3
856.129231468	957.482227546	156.8496	3788.5	0	2/Q9H0L4/P33240	AALIMQVLQLTADQIAM(UniMod:35)LPPEQR	3
856.129231468	886.445113756	156.8496	2749	0	2/Q9H0L4/P33240	AALIMQVLQLTADQIAM(UniMod:35)LPPEQR	3
856.129231468	1081.64381357	156.8496	1832.6	0	2/Q9H0L4/P33240	AALIMQVLQLTADQIAM(UniMod:35)LPPEQR	3
856.129231468	739.409714528	156.8496	1832.6	0	2/Q9H0L4/P33240	AALIMQVLQLTADQIAM(UniMod:35)LPPEQR	3
856.129231468	676.38141268	156.8496	1543	0	2/Q9H0L4/P33240	AALIMQVLQLTADQIAM(UniMod:35)LPPEQR	3
