Protein,Peptide,PeptideModifiedSequence,NormalizedArea,CalculatedConcentration,Accuracy,Replicate,FileName
TG|1578-1589|z2,VIFDANAPVAVR,VIFDANAPVAVR,0.0735128484935827,0.57570597226361853,#N/A,Solvent_,2015-08-19 - LCA Skyline Example.wiff
TG|1578-1589|z2,VIFDANAPVAVR,VIFDANAPVAVR,1.5760869648254796,13.241533554036161,#N/A,Double Blank__VIFonly,2015-08-19 - LCA Skyline Example.wiff
TG|1578-1589|z2,VIFDANAPVAVR,VIFDANAPVAVR,0.018130047884580159,#N/A,#N/A,Blank+IS__VIFonly,2015-08-19 - LCA Skyline Example.wiff
TG|1578-1589|z2,VIFDANAPVAVR,VIFDANAPVAVR,0.030189440749964127,0.21051479349164481,10.52573967458224,Cal 1_0_20 ng_mL_VIFonly,2015-08-19 - LCA Skyline Example.wiff
TG|1578-1589|z2,VIFDANAPVAVR,VIFDANAPVAVR,0.022342768317302968,#N/A,#N/A,Cal 2_0_5 ng_mL_VIFonly,2015-08-19 - LCA Skyline Example.wiff
TG|1578-1589|z2,VIFDANAPVAVR,VIFDANAPVAVR,0.0253963199722484,#N/A,#N/A,Cal 3_1 ng_mL_VIFonly,2015-08-19 - LCA Skyline Example.wiff
TG|1578-1589|z2,VIFDANAPVAVR,VIFDANAPVAVR,0.032859993440380736,0.23302600246110911,1.1651300123055455,Cal 4_2 ng_mL_VIFonly,2015-08-19 - LCA Skyline Example.wiff
TG|1578-1589|z2,VIFDANAPVAVR,VIFDANAPVAVR,0.058234623326164747,0.44691940285404019,0.89383880570808039,Cal 5_5 ng_mL_VIFonly,2015-08-19 - LCA Skyline Example.wiff
TG|1578-1589|z2,VIFDANAPVAVR,VIFDANAPVAVR,0.12789225280123315,1.034092784251043,1.034092784251043,Cal 6_10 ng_mL_VIFonly,2015-08-19 - LCA Skyline Example.wiff
TG|1578-1589|z2,VIFDANAPVAVR,VIFDANAPVAVR,0.29979938334876555,2.4831701055799065,0.99326804223196263,Cal 7_25 ng_mL_VIFonly,2015-08-19 - LCA Skyline Example.wiff
TG|1578-1589|z2,VIFDANAPVAVR,VIFDANAPVAVR,1.191868117660654,10.002791704990381,1.0002791704990381,Cal 8_100 ng_mL_VIFonly,2015-08-19 - LCA Skyline Example.wiff
TG|1578-1589|z2,VIFDANAPVAVR,VIFDANAPVAVR,0.021534728313018257,#N/A,#N/A,Blank+IS__VIFonly (2),2015-08-19 - LCA Skyline Example.wiff
TG|1578-1589|z2,VIFDANAPVAVR,VIFDANAPVAVR,0.021667376442886997,#N/A,#N/A,QC1__VIFonly,2015-08-19 - LCA Skyline Example.wiff
TG|1578-1589|z2,VIFDANAPVAVR,VIFDANAPVAVR,0.11096829460613331,0.89143364073834264,#N/A,QC2__VIFonly,2015-08-19 - LCA Skyline Example.wiff
TG|1578-1589|z2,VIFDANAPVAVR,VIFDANAPVAVR,0.25158051577480151,2.076713042169898,#N/A,QC3__VIFonly,2015-08-19 - LCA Skyline Example.wiff
TG|1578-1589|z2,VIFDANAPVAVR,VIFDANAPVAVR,1.0487072230515475,8.7960284659178321,#N/A,QC4__VIFonly,2015-08-19 - LCA Skyline Example.wiff
TG|1578-1589|z2,VIFDANAPVAVR,VIFDANAPVAVR,0.33176154986960138,2.7525926158525307,#N/A,Unknown 1__VIFonly,2015-08-19 - LCA Skyline Example.wiff
TG|1578-1589|z2,VIFDANAPVAVR,VIFDANAPVAVR,0.39662562204227259,3.2993590917694053,#N/A,Unknown 2__VIFonly,2015-08-19 - LCA Skyline Example.wiff
TG|1578-1589|z2,VIFDANAPVAVR,VIFDANAPVAVR,0.2674029907776817,2.2100873217645827,#N/A,Unknown 3__VIFonly,2015-08-19 - LCA Skyline Example.wiff
TG|1578-1589|z2,VIFDANAPVAVR,VIFDANAPVAVR,0.10645105006000505,0.85335589139867218,#N/A,Unknown 4__VIFonly,2015-08-19 - LCA Skyline Example.wiff
TG|1578-1589|z2,VIFDANAPVAVR,VIFDANAPVAVR,0.056890477297346476,0.43558903208517757,#N/A,Unknown 5__VIFonly,2015-08-19 - LCA Skyline Example.wiff
TG|1578-1589|z2,VIFDANAPVAVR,VIFDANAPVAVR,0.2124651784040815,1.7469934539276557,#N/A,Unknown 6__VIFonly,2015-08-19 - LCA Skyline Example.wiff
TG|1578-1589|z2,VIFDANAPVAVR,VIFDANAPVAVR,5.488816914411216,46.223575755369993,#N/A,Unknown 7__VIFonly,2015-08-19 - LCA Skyline Example.wiff
TG|1578-1589|z2,VIFDANAPVAVR,VIFDANAPVAVR,0.079783490028695572,0.62856384040308133,#N/A,Unknown 8__VIFonly,2015-08-19 - LCA Skyline Example.wiff
TG|1578-1589|z2,VIFDANAPVAVR,VIFDANAPVAVR,4.3383217635403977,36.525569476539332,#N/A,Unknown 9__VIFonly,2015-08-19 - LCA Skyline Example.wiff
