Protein,Peptide,PeptideModifiedSequence,NormalizedArea,CalculatedConcentration,Accuracy,Replicate,FileName
TG|1578-1589|z2,VIFDANAPVAVR,VIFDANAPVAVR,0.0735128484935827,0.52180550165805273,#N/A,Solvent_,2015-08-19 - LCA Skyline Example.wiff
TG|1578-1589|z2,VIFDANAPVAVR,VIFDANAPVAVR,1.5760869648254796,13.258972246540132,#N/A,Double Blank__VIFonly,2015-08-19 - LCA Skyline Example.wiff
TG|1578-1589|z2,VIFDANAPVAVR,VIFDANAPVAVR,0.018130047884580159,0.052331178569417131,#N/A,Blank+IS__VIFonly,2015-08-19 - LCA Skyline Example.wiff
TG|1578-1589|z2,VIFDANAPVAVR,VIFDANAPVAVR,0.030189440749964127,0.15455741559752012,7.7278707798760058,Cal 1_0_20 ng_mL_VIFonly,2015-08-19 - LCA Skyline Example.wiff
TG|1578-1589|z2,VIFDANAPVAVR,VIFDANAPVAVR,0.022342768317302968,0.088041977802504612,1.7608395560500922,Cal 2_0_5 ng_mL_VIFonly,2015-08-19 - LCA Skyline Example.wiff
TG|1578-1589|z2,VIFDANAPVAVR,VIFDANAPVAVR,0.0253963199722484,0.11392662214078068,1.1392662214078069,Cal 3_1 ng_mL_VIFonly,2015-08-19 - LCA Skyline Example.wiff
TG|1578-1589|z2,VIFDANAPVAVR,VIFDANAPVAVR,0.032859993440380736,0.17719541697735777,0.88597708488678883,Cal 4_2 ng_mL_VIFonly,2015-08-19 - LCA Skyline Example.wiff
TG|1578-1589|z2,VIFDANAPVAVR,VIFDANAPVAVR,0.058234623326164747,0.39229355319036618,0.78458710638073237,Cal 5_5 ng_mL_VIFonly,2015-08-19 - LCA Skyline Example.wiff
TG|1578-1589|z2,VIFDANAPVAVR,VIFDANAPVAVR,0.12789225280123315,0.98277413716522033,0.98277413716522033,Cal 6_10 ng_mL_VIFonly,2015-08-19 - LCA Skyline Example.wiff
TG|1578-1589|z2,VIFDANAPVAVR,VIFDANAPVAVR,0.29979938334876555,2.4400132594279116,0.97600530377116468,Cal 7_25 ng_mL_VIFonly,2015-08-19 - LCA Skyline Example.wiff
TG|1578-1589|z2,VIFDANAPVAVR,VIFDANAPVAVR,1.191868117660654,10.001988468054916,1.0001988468054916,Cal 8_100 ng_mL_VIFonly,2015-08-19 - LCA Skyline Example.wiff
TG|1578-1589|z2,VIFDANAPVAVR,VIFDANAPVAVR,0.021534728313018257,0.081192305523951791,#N/A,Blank+IS__VIFonly (2),2015-08-19 - LCA Skyline Example.wiff
TG|1578-1589|z2,VIFDANAPVAVR,VIFDANAPVAVR,0.021667376442886997,0.082316750122172,#N/A,QC1__VIFonly,2015-08-19 - LCA Skyline Example.wiff
TG|1578-1589|z2,VIFDANAPVAVR,VIFDANAPVAVR,0.11096829460613331,0.83931147853734778,#N/A,QC2__VIFonly,2015-08-19 - LCA Skyline Example.wiff
TG|1578-1589|z2,VIFDANAPVAVR,VIFDANAPVAVR,0.25158051577480151,2.031266862252981,#N/A,QC3__VIFonly,2015-08-19 - LCA Skyline Example.wiff
TG|1578-1589|z2,VIFDANAPVAVR,VIFDANAPVAVR,1.0487072230515475,8.7884282408668266,#N/A,QC4__VIFonly,2015-08-19 - LCA Skyline Example.wiff
TG|1578-1589|z2,VIFDANAPVAVR,VIFDANAPVAVR,0.33176154986960138,2.710953268362319,#N/A,Unknown 1__VIFonly,2015-08-19 - LCA Skyline Example.wiff
TG|1578-1589|z2,VIFDANAPVAVR,VIFDANAPVAVR,0.39662562204227259,3.26079935850546,#N/A,Unknown 2__VIFonly,2015-08-19 - LCA Skyline Example.wiff
TG|1578-1589|z2,VIFDANAPVAVR,VIFDANAPVAVR,0.2674029907776817,2.1653923607810666,#N/A,Unknown 3__VIFonly,2015-08-19 - LCA Skyline Example.wiff
TG|1578-1589|z2,VIFDANAPVAVR,VIFDANAPVAVR,0.10645105006000505,0.801019259613795,#N/A,Unknown 4__VIFonly,2015-08-19 - LCA Skyline Example.wiff
TG|1578-1589|z2,VIFDANAPVAVR,VIFDANAPVAVR,0.056890477297346476,0.38089936510177824,#N/A,Unknown 5__VIFonly,2015-08-19 - LCA Skyline Example.wiff
TG|1578-1589|z2,VIFDANAPVAVR,VIFDANAPVAVR,0.2124651784040815,1.6996901573451155,#N/A,Unknown 6__VIFonly,2015-08-19 - LCA Skyline Example.wiff
TG|1578-1589|z2,VIFDANAPVAVR,VIFDANAPVAVR,5.488816914411216,46.4267829081736,#N/A,Unknown 7__VIFonly,2015-08-19 - LCA Skyline Example.wiff
TG|1578-1589|z2,VIFDANAPVAVR,VIFDANAPVAVR,0.079783490028695572,0.57496108710437754,#N/A,Unknown 8__VIFonly,2015-08-19 - LCA Skyline Example.wiff
TG|1578-1589|z2,VIFDANAPVAVR,VIFDANAPVAVR,4.3383217635403977,36.6741534594556,#N/A,Unknown 9__VIFonly,2015-08-19 - LCA Skyline Example.wiff
