Protein,Peptide,PeptideModifiedSequence,NormalizedArea,CalculatedConcentration,Accuracy,Replicate,FileName
TG|1578-1589|z2,VIFDANAPVAVR,VIFDANAPVAVR,0.0735128484935827,0.523631463392973,#N/A,Solvent_,2015-08-19 - LCA Skyline Example.wiff
TG|1578-1589|z2,VIFDANAPVAVR,VIFDANAPVAVR,1.5760869648254796,13.035779854737127,#N/A,Double Blank__VIFonly,2015-08-19 - LCA Skyline Example.wiff
TG|1578-1589|z2,VIFDANAPVAVR,VIFDANAPVAVR,0.018130047884580159,0.025928240492792437,#N/A,Blank+IS__VIFonly,2015-08-19 - LCA Skyline Example.wiff
TG|1578-1589|z2,VIFDANAPVAVR,VIFDANAPVAVR,0.030189440749964127,0.1345584901743527,6.7279245087176349,Cal 1_0_20 ng_mL_VIFonly,2015-08-19 - LCA Skyline Example.wiff
TG|1578-1589|z2,VIFDANAPVAVR,VIFDANAPVAVR,0.022342768317302968,0.063892529734792286,1.2778505946958456,Cal 2_0_5 ng_mL_VIFonly,2015-08-19 - LCA Skyline Example.wiff
TG|1578-1589|z2,VIFDANAPVAVR,VIFDANAPVAVR,0.0253963199722484,0.091399602146575679,0.91399602146575676,Cal 3_1 ng_mL_VIFonly,2015-08-19 - LCA Skyline Example.wiff
TG|1578-1589|z2,VIFDANAPVAVR,VIFDANAPVAVR,0.032859993440380736,0.15859520268540681,0.79297601342703394,Cal 4_2 ng_mL_VIFonly,2015-08-19 - LCA Skyline Example.wiff
TG|1578-1589|z2,VIFDANAPVAVR,VIFDANAPVAVR,0.058234623326164747,0.38663293168322616,0.77326586336645231,Cal 5_5 ng_mL_VIFonly,2015-08-19 - LCA Skyline Example.wiff
TG|1578-1589|z2,VIFDANAPVAVR,VIFDANAPVAVR,0.12789225280123315,1.0094093629934453,1.0094093629934453,Cal 6_10 ng_mL_VIFonly,2015-08-19 - LCA Skyline Example.wiff
TG|1578-1589|z2,VIFDANAPVAVR,VIFDANAPVAVR,0.29979938334876555,2.5266866965793744,1.0106746786317498,Cal 7_25 ng_mL_VIFonly,2015-08-19 - LCA Skyline Example.wiff
TG|1578-1589|z2,VIFDANAPVAVR,VIFDANAPVAVR,1.191868117660654,9.99865189563275,0.99986518956327508,Cal 8_100 ng_mL_VIFonly,2015-08-19 - LCA Skyline Example.wiff
TG|1578-1589|z2,VIFDANAPVAVR,VIFDANAPVAVR,0.021534728313018257,0.056611980227093524,#N/A,Blank+IS__VIFonly (2),2015-08-19 - LCA Skyline Example.wiff
TG|1578-1589|z2,VIFDANAPVAVR,VIFDANAPVAVR,0.021667376442886997,0.057807202172389431,#N/A,QC1__VIFonly,2015-08-19 - LCA Skyline Example.wiff
TG|1578-1589|z2,VIFDANAPVAVR,VIFDANAPVAVR,0.11096829460613331,0.85853131711195663,#N/A,QC2__VIFonly,2015-08-19 - LCA Skyline Example.wiff
TG|1578-1589|z2,VIFDANAPVAVR,VIFDANAPVAVR,0.25158051577480151,2.1038665846832467,#N/A,QC3__VIFonly,2015-08-19 - LCA Skyline Example.wiff
TG|1578-1589|z2,VIFDANAPVAVR,VIFDANAPVAVR,1.0487072230515475,8.84100937714702,#N/A,QC4__VIFonly,2015-08-19 - LCA Skyline Example.wiff
TG|1578-1589|z2,VIFDANAPVAVR,VIFDANAPVAVR,0.33176154986960138,2.8057919020967388,#N/A,Unknown 1__VIFonly,2015-08-19 - LCA Skyline Example.wiff
TG|1578-1589|z2,VIFDANAPVAVR,VIFDANAPVAVR,0.39662562204227259,3.3693990625529811,#N/A,Unknown 2__VIFonly,2015-08-19 - LCA Skyline Example.wiff
TG|1578-1589|z2,VIFDANAPVAVR,VIFDANAPVAVR,0.2674029907776817,2.242844520769641,#N/A,Unknown 3__VIFonly,2015-08-19 - LCA Skyline Example.wiff
TG|1578-1589|z2,VIFDANAPVAVR,VIFDANAPVAVR,0.10645105006000505,0.81821327529934107,#N/A,Unknown 4__VIFonly,2015-08-19 - LCA Skyline Example.wiff
TG|1578-1589|z2,VIFDANAPVAVR,VIFDANAPVAVR,0.056890477297346476,0.37456916737885387,#N/A,Unknown 5__VIFonly,2015-08-19 - LCA Skyline Example.wiff
TG|1578-1589|z2,VIFDANAPVAVR,VIFDANAPVAVR,0.2124651784040815,1.7593026972350592,#N/A,Unknown 6__VIFonly,2015-08-19 - LCA Skyline Example.wiff
TG|1578-1589|z2,VIFDANAPVAVR,VIFDANAPVAVR,5.488816914411216,39.7185836307178,#N/A,Unknown 7__VIFonly,2015-08-19 - LCA Skyline Example.wiff
TG|1578-1589|z2,VIFDANAPVAVR,VIFDANAPVAVR,0.079783490028695572,0.57979387495586621,#N/A,Unknown 8__VIFonly,2015-08-19 - LCA Skyline Example.wiff
TG|1578-1589|z2,VIFDANAPVAVR,VIFDANAPVAVR,4.3383217635403977,32.520659455702322,#N/A,Unknown 9__VIFonly,2015-08-19 - LCA Skyline Example.wiff
