Protein,Peptide,PeptideModifiedSequence,NormalizedArea,CalculatedConcentration,Accuracy,Replicate,FileName
TG|1578-1589|z2,VIFDANAPVAVR,VIFDANAPVAVR,0.0735128484935827,0.31751231579633055,#N/A,Solvent_,2015-08-19 - LCA Skyline Example.wiff
TG|1578-1589|z2,VIFDANAPVAVR,VIFDANAPVAVR,1.5760869648254796,38.975324925873963,#N/A,Double Blank__VIFonly,2015-08-19 - LCA Skyline Example.wiff
TG|1578-1589|z2,VIFDANAPVAVR,VIFDANAPVAVR,0.018130047884580159,0.035294320912870977,#N/A,Blank+IS__VIFonly,2015-08-19 - LCA Skyline Example.wiff
TG|1578-1589|z2,VIFDANAPVAVR,VIFDANAPVAVR,0.030189440749964127,0.078564738771548528,3.9282369385774265,Cal 1_0_20 ng_mL_VIFonly,2015-08-19 - LCA Skyline Example.wiff
TG|1578-1589|z2,VIFDANAPVAVR,VIFDANAPVAVR,0.022342768317302968,0.048988782317181088,0.97977564634362169,Cal 2_0_5 ng_mL_VIFonly,2015-08-19 - LCA Skyline Example.wiff
TG|1578-1589|z2,VIFDANAPVAVR,VIFDANAPVAVR,0.0253963199722484,0.059896398377397346,0.59896398377397342,Cal 3_1 ng_mL_VIFonly,2015-08-19 - LCA Skyline Example.wiff
TG|1578-1589|z2,VIFDANAPVAVR,VIFDANAPVAVR,0.032859993440380736,0.089742054308525471,0.44871027154262733,Cal 4_2 ng_mL_VIFonly,2015-08-19 - LCA Skyline Example.wiff
TG|1578-1589|z2,VIFDANAPVAVR,VIFDANAPVAVR,0.058234623326164747,0.22028222774026085,0.4405644554805217,Cal 5_5 ng_mL_VIFonly,2015-08-19 - LCA Skyline Example.wiff
TG|1578-1589|z2,VIFDANAPVAVR,VIFDANAPVAVR,0.12789225280123315,0.75707418138466176,0.75707418138466176,Cal 6_10 ng_mL_VIFonly,2015-08-19 - LCA Skyline Example.wiff
TG|1578-1589|z2,VIFDANAPVAVR,VIFDANAPVAVR,0.29979938334876555,2.8823351252385727,1.152934050095429,Cal 7_25 ng_mL_VIFonly,2015-08-19 - LCA Skyline Example.wiff
TG|1578-1589|z2,VIFDANAPVAVR,VIFDANAPVAVR,1.191868117660654,25.139498390747406,2.5139498390747406,Cal 8_100 ng_mL_VIFonly,2015-08-19 - LCA Skyline Example.wiff
TG|1578-1589|z2,VIFDANAPVAVR,VIFDANAPVAVR,0.021534728313018257,0.046237274866163407,#N/A,Blank+IS__VIFonly (2),2015-08-19 - LCA Skyline Example.wiff
TG|1578-1589|z2,VIFDANAPVAVR,VIFDANAPVAVR,0.021667376442886997,0.046684998198915979,#N/A,QC1__VIFonly,2015-08-19 - LCA Skyline Example.wiff
TG|1578-1589|z2,VIFDANAPVAVR,VIFDANAPVAVR,0.11096829460613331,0.60589967649324039,#N/A,QC2__VIFonly,2015-08-19 - LCA Skyline Example.wiff
TG|1578-1589|z2,VIFDANAPVAVR,VIFDANAPVAVR,0.25158051577480151,2.1889672161306266,#N/A,QC3__VIFonly,2015-08-19 - LCA Skyline Example.wiff
TG|1578-1589|z2,VIFDANAPVAVR,VIFDANAPVAVR,1.0487072230515475,20.565841638541624,#N/A,QC4__VIFonly,2015-08-19 - LCA Skyline Example.wiff
TG|1578-1589|z2,VIFDANAPVAVR,VIFDANAPVAVR,0.33176154986960138,3.3789727235292819,#N/A,Unknown 1__VIFonly,2015-08-19 - LCA Skyline Example.wiff
TG|1578-1589|z2,VIFDANAPVAVR,VIFDANAPVAVR,0.39662562204227259,4.4718622104069565,#N/A,Unknown 2__VIFonly,2015-08-19 - LCA Skyline Example.wiff
TG|1578-1589|z2,VIFDANAPVAVR,VIFDANAPVAVR,0.2674029907776817,2.4088394912050077,#N/A,Unknown 3__VIFonly,2015-08-19 - LCA Skyline Example.wiff
TG|1578-1589|z2,VIFDANAPVAVR,VIFDANAPVAVR,0.10645105006000505,0.56764544400881733,#N/A,Unknown 4__VIFonly,2015-08-19 - LCA Skyline Example.wiff
TG|1578-1589|z2,VIFDANAPVAVR,VIFDANAPVAVR,0.056890477297346476,0.21235597157795497,#N/A,Unknown 5__VIFonly,2015-08-19 - LCA Skyline Example.wiff
TG|1578-1589|z2,VIFDANAPVAVR,VIFDANAPVAVR,0.2124651784040815,1.6790833433978578,#N/A,Unknown 6__VIFonly,2015-08-19 - LCA Skyline Example.wiff
TG|1578-1589|z2,VIFDANAPVAVR,VIFDANAPVAVR,5.488816914411216,276.16649931206666,#N/A,Unknown 7__VIFonly,2015-08-19 - LCA Skyline Example.wiff
TG|1578-1589|z2,VIFDANAPVAVR,VIFDANAPVAVR,0.079783490028695572,0.3610335154364277,#N/A,Unknown 8__VIFonly,2015-08-19 - LCA Skyline Example.wiff
TG|1578-1589|z2,VIFDANAPVAVR,VIFDANAPVAVR,4.3383217635403977,190.92369937955652,#N/A,Unknown 9__VIFonly,2015-08-19 - LCA Skyline Example.wiff
