Protein,Peptide,PeptideModifiedSequence,NormalizedArea,CalculatedConcentration,Accuracy,Replicate,FileName
TG|1578-1589|z2,VIFDANAPVAVR,VIFDANAPVAVR,0.0735128484935827,0.52163011310870144,#N/A,Solvent_,2015-08-19 - LCA Skyline Example.wiff
TG|1578-1589|z2,VIFDANAPVAVR,VIFDANAPVAVR,1.5760869648254796,13.284596073743192,#N/A,Double Blank__VIFonly,2015-08-19 - LCA Skyline Example.wiff
TG|1578-1589|z2,VIFDANAPVAVR,VIFDANAPVAVR,0.018130047884580159,0.05120486666370417,#N/A,Blank+IS__VIFonly,2015-08-19 - LCA Skyline Example.wiff
TG|1578-1589|z2,VIFDANAPVAVR,VIFDANAPVAVR,0.030189440749964127,0.15363816361317506,7.6819081806587528,Cal 1_0_20 ng_mL_VIFonly,2015-08-19 - LCA Skyline Example.wiff
TG|1578-1589|z2,VIFDANAPVAVR,VIFDANAPVAVR,0.022342768317302968,0.086987998357578172,1.7397599671515633,Cal 2_0_5 ng_mL_VIFonly,2015-08-19 - LCA Skyline Example.wiff
TG|1578-1589|z2,VIFDANAPVAVR,VIFDANAPVAVR,0.0253963199722484,0.11292507221470512,1.1292507221470511,Cal 3_1 ng_mL_VIFonly,2015-08-19 - LCA Skyline Example.wiff
TG|1578-1589|z2,VIFDANAPVAVR,VIFDANAPVAVR,0.032859993440380736,0.17632201841500991,0.88161009207504948,Cal 4_2 ng_mL_VIFonly,2015-08-19 - LCA Skyline Example.wiff
TG|1578-1589|z2,VIFDANAPVAVR,VIFDANAPVAVR,0.058234623326164747,0.39185583733008633,0.78371167466017266,Cal 5_5 ng_mL_VIFonly,2015-08-19 - LCA Skyline Example.wiff
TG|1578-1589|z2,VIFDANAPVAVR,VIFDANAPVAVR,0.12789225280123315,0.98353244364559944,0.98353244364559944,Cal 6_10 ng_mL_VIFonly,2015-08-19 - LCA Skyline Example.wiff
TG|1578-1589|z2,VIFDANAPVAVR,VIFDANAPVAVR,0.29979938334876555,2.443723213419164,0.97748928536766555,Cal 7_25 ng_mL_VIFonly,2015-08-19 - LCA Skyline Example.wiff
TG|1578-1589|z2,VIFDANAPVAVR,VIFDANAPVAVR,1.191868117660654,10.021015253004682,1.0021015253004681,Cal 8_100 ng_mL_VIFonly,2015-08-19 - LCA Skyline Example.wiff
TG|1578-1589|z2,VIFDANAPVAVR,VIFDANAPVAVR,0.021534728313018257,0.0801244520223778,#N/A,Blank+IS__VIFonly (2),2015-08-19 - LCA Skyline Example.wiff
TG|1578-1589|z2,VIFDANAPVAVR,VIFDANAPVAVR,0.021667376442886997,0.081251174190592357,#N/A,QC1__VIFonly,2015-08-19 - LCA Skyline Example.wiff
TG|1578-1589|z2,VIFDANAPVAVR,VIFDANAPVAVR,0.11096829460613331,0.83977920045080634,#N/A,QC2__VIFonly,2015-08-19 - LCA Skyline Example.wiff
TG|1578-1589|z2,VIFDANAPVAVR,VIFDANAPVAVR,0.25158051577480151,2.0341488977047377,#N/A,QC3__VIFonly,2015-08-19 - LCA Skyline Example.wiff
TG|1578-1589|z2,VIFDANAPVAVR,VIFDANAPVAVR,1.0487072230515475,8.8049969515244921,#N/A,QC4__VIFonly,2015-08-19 - LCA Skyline Example.wiff
TG|1578-1589|z2,VIFDANAPVAVR,VIFDANAPVAVR,0.33176154986960138,2.7152120131393453,#N/A,Unknown 1__VIFonly,2015-08-19 - LCA Skyline Example.wiff
TG|1578-1589|z2,VIFDANAPVAVR,VIFDANAPVAVR,0.39662562204227259,3.2661718201862806,#N/A,Unknown 2__VIFonly,2015-08-19 - LCA Skyline Example.wiff
TG|1578-1589|z2,VIFDANAPVAVR,VIFDANAPVAVR,0.2674029907776817,2.16854606832001,#N/A,Unknown 3__VIFonly,2015-08-19 - LCA Skyline Example.wiff
TG|1578-1589|z2,VIFDANAPVAVR,VIFDANAPVAVR,0.10645105006000505,0.80140942038375651,#N/A,Unknown 4__VIFonly,2015-08-19 - LCA Skyline Example.wiff
TG|1578-1589|z2,VIFDANAPVAVR,VIFDANAPVAVR,0.056890477297346476,0.38043857023792493,#N/A,Unknown 5__VIFonly,2015-08-19 - LCA Skyline Example.wiff
TG|1578-1589|z2,VIFDANAPVAVR,VIFDANAPVAVR,0.2124651784040815,1.7019005819810815,#N/A,Unknown 6__VIFonly,2015-08-19 - LCA Skyline Example.wiff
TG|1578-1589|z2,VIFDANAPVAVR,VIFDANAPVAVR,5.488816914411216,46.519588355939057,#N/A,Unknown 7__VIFonly,2015-08-19 - LCA Skyline Example.wiff
TG|1578-1589|z2,VIFDANAPVAVR,VIFDANAPVAVR,0.079783490028695572,0.5748933655460331,#N/A,Unknown 8__VIFonly,2015-08-19 - LCA Skyline Example.wiff
TG|1578-1589|z2,VIFDANAPVAVR,VIFDANAPVAVR,4.3383217635403977,36.74720489156433,#N/A,Unknown 9__VIFonly,2015-08-19 - LCA Skyline Example.wiff
Amino Acids,Gly,,315.76150538330251,120383.13057304868,#N/A,01_0_1_1_01_10000001,KIT2-0-8114_1007800073_01_0_1_1_01_10000001.raw
Amino Acids,Gly,,0.0012177171027993969,-42.257030529744462,#N/A,13_0_1_1_10_11000002,KIT2-0-8114_1007800073_13_0_1_1_10_11000002.raw
Amino Acids,Gly,,0.075571454247216632,-13.899830574135498,-0.55599322296541986,49_0_1_1_02_437301,KIT2-0-8114_1007800073_49_0_1_1_02_437301.raw
Amino Acids,Gly,,0.082758175126817268,-11.158942370868004,-0.44635769483472015,49_0_1_2_02_437301,KIT2-0-8114_1007800073_49_0_1_2_02_437301.raw
Amino Acids,Gly,,1.5430447526298063,545.76852437252114,1.0915370487450422,85_0_1_1_15_437331,KIT2-0-8114_1007800073_85_0_1_1_15_437331.raw
Amino Acids,Gly,,1.562160310589175,553.05886000506644,1.1061177200101329,85_0_1_2_15_437331,KIT2-0-8114_1007800073_85_0_1_2_15_437331.raw
Amino Acids,Gly,,5.1871477468825171,1935.5649385883514,0.96778246929417566,26_0_1_1_18_437362,KIT2-0-8114_1007800073_26_0_1_1_18_437362.raw
Amino Acids,Gly,,5.4627282048846935,2040.6664499790638,1.0203332249895318,26_0_1_2_18_437362,KIT2-0-8114_1007800073_26_0_1_2_18_437362.raw
Amino Acids,Gly,,0.5807947286623466,178.78338838754979,0.84731463690781894,38_0_1_1_03_493393,KIT2-0-8114_1007800073_38_0_1_1_03_493393.raw
Amino Acids,Gly,,0.60295568500479024,187.2351850872854,0.88737054543737159,38_0_1_2_03_493393,KIT2-0-8114_1007800073_38_0_1_2_03_493393.raw
Amino Acids,Gly,,0.58283243771900672,179.560534572668,0.8509977941832606,38_0_1_3_03_493393,KIT2-0-8114_1007800073_38_0_1_3_03_493393.raw
Amino Acids,Gly,,1.163828932281368,401.14231919517493,#N/A,74_0_1_1_00_1007791711,KIT2-0-8114_1007800073_74_0_1_1_00_1007791711.raw
Amino Acids,Gly,,1.1346790256768915,390.02506050695405,#N/A,74_0_1_2_00_1007791711,KIT2-0-8114_1007800073_74_0_1_2_00_1007791711.raw
Amino Acids,Gly,,1.1731599642748476,404.70100972228789,#N/A,74_0_1_3_00_1007791711,KIT2-0-8114_1007800073_74_0_1_3_00_1007791711.raw
Amino Acids,Gly,,0.77087245272129956,251.27566968038727,#N/A,15_0_1_1_00_1007791731,KIT2-0-8114_1007800073_15_0_1_1_00_1007791731.raw
Amino Acids,Gly,,0.82747035189842133,272.86110715363395,#N/A,27_0_1_1_00_1007791731,KIT2-0-8114_1007800073_27_0_1_1_00_1007791731.raw
Amino Acids,Gly,,0.86840490007288473,288.47281965466357,#N/A,39_0_1_1_00_1007791731,KIT2-0-8114_1007800073_39_0_1_1_00_1007791731.raw
Amino Acids,His,,5.9184016334362841,378.76479445563768,#N/A,01_0_1_1_01_10000001,KIT2-0-8114_1007800073_01_0_1_1_01_10000001.raw
Amino Acids,His,,0.0010070534044212417,-4.9802723621268008,#N/A,13_0_1_1_10_11000002,KIT2-0-8114_1007800073_13_0_1_1_10_11000002.raw
Amino Acids,His,,0.084219153391180523,0.416060844588898,0.0832121689177796,49_0_1_1_02_437301,KIT2-0-8114_1007800073_49_0_1_1_02_437301.raw
Amino Acids,His,,0.081394300094103172,0.23286813999972841,0.046573627999945681,49_0_1_2_02_437301,KIT2-0-8114_1007800073_49_0_1_2_02_437301.raw
Amino Acids,His,,1.7430296923100028,107.99049288322233,1.0799049288322233,85_0_1_1_15_437331,KIT2-0-8114_1007800073_85_0_1_1_15_437331.raw
Amino Acids,His,,1.6864572501895909,104.32175062040288,1.0432175062040288,85_0_1_2_15_437331,KIT2-0-8114_1007800073_85_0_1_2_15_437331.raw
Amino Acids,His,,6.3862522402636,409.10506667333277,1.0227626666833318,26_0_1_1_18_437362,KIT2-0-8114_1007800073_26_0_1_1_18_437362.raw
Amino Acids,His,,6.0597881857849432,387.93376083845368,0.96983440209613425,26_0_1_2_18_437362,KIT2-0-8114_1007800073_26_0_1_2_18_437362.raw
Amino Acids,His,,1.0535467045510671,63.277284793279463,1.4994617249592288,38_0_1_1_03_493393,KIT2-0-8114_1007800073_38_0_1_1_03_493393.raw
Amino Acids,His,,1.0997140956571385,66.271255931284244,1.5704089083242712,38_0_1_2_03_493393,KIT2-0-8114_1007800073_38_0_1_2_03_493393.raw
Amino Acids,His,,1.0427360550769678,62.576210469322625,1.4828485893204413,38_0_1_3_03_493393,KIT2-0-8114_1007800073_38_0_1_3_03_493393.raw
Amino Acids,His,,1.4994457737075246,92.193992268700583,#N/A,74_0_1_1_00_1007791711,KIT2-0-8114_1007800073_74_0_1_1_00_1007791711.raw
Amino Acids,His,,1.4804000702691813,90.95887187243676,#N/A,74_0_1_2_00_1007791711,KIT2-0-8114_1007800073_74_0_1_2_00_1007791711.raw
Amino Acids,His,,1.4155314045219036,86.7521166637222,#N/A,74_0_1_3_00_1007791711,KIT2-0-8114_1007800073_74_0_1_3_00_1007791711.raw
Amino Acids,His,,1.1325103646016905,68.3981052139009,#N/A,15_0_1_1_00_1007791731,KIT2-0-8114_1007800073_15_0_1_1_00_1007791731.raw
Amino Acids,His,,1.2255281661893689,74.430341530532161,#N/A,27_0_1_1_00_1007791731,KIT2-0-8114_1007800073_27_0_1_1_00_1007791731.raw
Amino Acids,His,,1.2688050396529085,77.2368616086373,#N/A,39_0_1_1_00_1007791731,KIT2-0-8114_1007800073_39_0_1_1_00_1007791731.raw
Amino Acids,Ile,,11.0786503182732,9416.4323674028619,#N/A,01_0_1_1_01_10000001,KIT2-0-8114_1007800073_01_0_1_1_01_10000001.raw
Amino Acids,Ile,,0.00041353393539233835,-4.7502023303127787,#N/A,13_0_1_1_10_11000002,KIT2-0-8114_1007800073_13_0_1_1_10_11000002.raw
Amino Acids,Ile,,0.0071072321164716516,0.94226966304591919,0.18845393260918383,49_0_1_1_02_437301,KIT2-0-8114_1007800073_49_0_1_1_02_437301.raw
Amino Acids,Ile,,0.0074321479996192017,1.2185854626203489,0.24371709252406978,49_0_1_2_02_437301,KIT2-0-8114_1007800073_49_0_1_2_02_437301.raw
Amino Acids,Ile,,0.13116050318479808,106.43997095425021,1.0643997095425022,85_0_1_1_15_437331,KIT2-0-8114_1007800073_85_0_1_1_15_437331.raw
Amino Acids,Ile,,0.12815211505517141,103.88156979695584,1.0388156979695584,85_0_1_2_15_437331,KIT2-0-8114_1007800073_85_0_1_2_15_437331.raw
Amino Acids,Ile,,0.4837117142578759,406.25747705736961,1.015643692643424,26_0_1_1_18_437362,KIT2-0-8114_1007800073_26_0_1_1_18_437362.raw
Amino Acids,Ile,,0.46607654021099759,391.26012706575796,0.97815031766439486,26_0_1_2_18_437362,KIT2-0-8114_1007800073_26_0_1_2_18_437362.raw
Amino Acids,Ile,,0.090377594491752367,71.7572650325688,1.7004091239945212,38_0_1_1_03_493393,KIT2-0-8114_1007800073_38_0_1_1_03_493393.raw
Amino Acids,Ile,,0.084422792155559714,66.693166740748623,1.5804067948044696,38_0_1_2_03_493393,KIT2-0-8114_1007800073_38_0_1_2_03_493393.raw
Amino Acids,Ile,,0.08724576352914136,69.093885304305914,1.6372958602916092,38_0_1_3_03_493393,KIT2-0-8114_1007800073_38_0_1_3_03_493393.raw
Amino Acids,Ile,,0.11189464252877668,90.055848269670292,#N/A,74_0_1_1_00_1007791711,KIT2-0-8114_1007800073_74_0_1_1_00_1007791711.raw
Amino Acids,Ile,,0.11220469546325695,90.319524282278181,#N/A,74_0_1_2_00_1007791711,KIT2-0-8114_1007800073_74_0_1_2_00_1007791711.raw
Amino Acids,Ile,,0.10450112399706006,83.768233256919729,#N/A,74_0_1_3_00_1007791711,KIT2-0-8114_1007800073_74_0_1_3_00_1007791711.raw
Amino Acids,Ile,,0.076216778752883491,59.714587753739615,#N/A,15_0_1_1_00_1007791731,KIT2-0-8114_1007800073_15_0_1_1_00_1007791731.raw
Amino Acids,Ile,,0.083001045445549329,65.4840812532582,#N/A,27_0_1_1_00_1007791731,KIT2-0-8114_1007800073_27_0_1_1_00_1007791731.raw
Amino Acids,Ile,,0.086671445442815437,68.605472242759348,#N/A,39_0_1_1_00_1007791731,KIT2-0-8114_1007800073_39_0_1_1_00_1007791731.raw
Amino Acids,Leu,,#N/A,#N/A,#N/A,01_0_1_1_01_10000001,KIT2-0-8114_1007800073_01_0_1_1_01_10000001.raw
Amino Acids,Leu,,#N/A,#N/A,#N/A,13_0_1_1_10_11000002,KIT2-0-8114_1007800073_13_0_1_1_10_11000002.raw
Amino Acids,Leu,,#N/A,#N/A,#N/A,49_0_1_1_02_437301,KIT2-0-8114_1007800073_49_0_1_1_02_437301.raw
Amino Acids,Leu,,#N/A,#N/A,#N/A,49_0_1_2_02_437301,KIT2-0-8114_1007800073_49_0_1_2_02_437301.raw
Amino Acids,Leu,,#N/A,#N/A,#N/A,85_0_1_1_15_437331,KIT2-0-8114_1007800073_85_0_1_1_15_437331.raw
Amino Acids,Leu,,#N/A,#N/A,#N/A,85_0_1_2_15_437331,KIT2-0-8114_1007800073_85_0_1_2_15_437331.raw
Amino Acids,Leu,,#N/A,#N/A,#N/A,26_0_1_1_18_437362,KIT2-0-8114_1007800073_26_0_1_1_18_437362.raw
Amino Acids,Leu,,#N/A,#N/A,#N/A,26_0_1_2_18_437362,KIT2-0-8114_1007800073_26_0_1_2_18_437362.raw
Amino Acids,Leu,,#N/A,#N/A,#N/A,38_0_1_1_03_493393,KIT2-0-8114_1007800073_38_0_1_1_03_493393.raw
Amino Acids,Leu,,#N/A,#N/A,#N/A,38_0_1_2_03_493393,KIT2-0-8114_1007800073_38_0_1_2_03_493393.raw
Amino Acids,Leu,,#N/A,#N/A,#N/A,38_0_1_3_03_493393,KIT2-0-8114_1007800073_38_0_1_3_03_493393.raw
Amino Acids,Leu,,#N/A,#N/A,#N/A,74_0_1_1_00_1007791711,KIT2-0-8114_1007800073_74_0_1_1_00_1007791711.raw
Amino Acids,Leu,,#N/A,#N/A,#N/A,74_0_1_2_00_1007791711,KIT2-0-8114_1007800073_74_0_1_2_00_1007791711.raw
Amino Acids,Leu,,#N/A,#N/A,#N/A,74_0_1_3_00_1007791711,KIT2-0-8114_1007800073_74_0_1_3_00_1007791711.raw
Amino Acids,Leu,,#N/A,#N/A,#N/A,15_0_1_1_00_1007791731,KIT2-0-8114_1007800073_15_0_1_1_00_1007791731.raw
Amino Acids,Leu,,#N/A,#N/A,#N/A,27_0_1_1_00_1007791731,KIT2-0-8114_1007800073_27_0_1_1_00_1007791731.raw
Amino Acids,Leu,,#N/A,#N/A,#N/A,39_0_1_1_00_1007791731,KIT2-0-8114_1007800073_39_0_1_1_00_1007791731.raw
Amino Acids,Met,,0.0038334781915871563,-11.382713694242113,#N/A,01_0_1_1_01_10000001,KIT2-0-8114_1007800073_01_0_1_1_01_10000001.raw
Amino Acids,Met,,0.00044183985260071672,-11.597309775362463,#N/A,13_0_1_1_10_11000002,KIT2-0-8114_1007800073_13_0_1_1_10_11000002.raw
Amino Acids,Met,,0.095109620392118149,-5.6074804711529138,-1.1214960942305827,49_0_1_1_02_437301,KIT2-0-8114_1007800073_49_0_1_1_02_437301.raw
Amino Acids,Met,,0.09176028208879651,-5.81940014017455,-1.16388002803491,49_0_1_2_02_437301,KIT2-0-8114_1007800073_49_0_1_2_02_437301.raw
Amino Acids,Met,,1.9530547665332605,111.94861114255711,1.1194861114255712,85_0_1_1_15_437331,KIT2-0-8114_1007800073_85_0_1_1_15_437331.raw
Amino Acids,Met,,2.021249708172935,116.26344832902386,1.1626344832902387,85_0_1_2_15_437331,KIT2-0-8114_1007800073_85_0_1_2_15_437331.raw
Amino Acids,Met,,6.2427890543189193,383.36910920235027,0.95842277300587564,26_0_1_1_18_437362,KIT2-0-8114_1007800073_26_0_1_1_18_437362.raw
Amino Acids,Met,,6.6612452556320019,409.84571193739617,1.0246142798434905,26_0_1_2_18_437362,KIT2-0-8114_1007800073_26_0_1_2_18_437362.raw
Amino Acids,Met,,0.40144181664760392,13.774800971349492,0.32641708462913488,38_0_1_1_03_493393,KIT2-0-8114_1007800073_38_0_1_1_03_493393.raw
Amino Acids,Met,,0.39495116705061489,13.364123939123393,0.31668540140102824,38_0_1_2_03_493393,KIT2-0-8114_1007800073_38_0_1_2_03_493393.raw
Amino Acids,Met,,0.38308093553160466,12.613069460026995,0.29888790189637426,38_0_1_3_03_493393,KIT2-0-8114_1007800073_38_0_1_3_03_493393.raw
Amino Acids,Met,,0.266663213087428,5.2470756503973535,#N/A,74_0_1_1_00_1007791711,KIT2-0-8114_1007800073_74_0_1_1_00_1007791711.raw
Amino Acids,Met,,0.27517499096341813,5.7856337137845655,#N/A,74_0_1_2_00_1007791711,KIT2-0-8114_1007800073_74_0_1_2_00_1007791711.raw
Amino Acids,Met,,0.30919811655975077,7.93834832858052,#N/A,74_0_1_3_00_1007791711,KIT2-0-8114_1007800073_74_0_1_3_00_1007791711.raw
Amino Acids,Met,,0.3921924220730858,13.189572350239921,#N/A,15_0_1_1_00_1007791731,KIT2-0-8114_1007800073_15_0_1_1_00_1007791731.raw
Amino Acids,Met,,0.42215642659028646,15.08545784904144,#N/A,27_0_1_1_00_1007791731,KIT2-0-8114_1007800073_27_0_1_1_00_1007791731.raw
Amino Acids,Met,,0.44709086053960956,16.6631118544735,#N/A,39_0_1_1_00_1007791731,KIT2-0-8114_1007800073_39_0_1_1_00_1007791731.raw
Amino Acids,Orn,,82.61320624054099,6040.8355175608594,#N/A,01_0_1_1_01_10000001,KIT2-0-8114_1007800073_01_0_1_1_01_10000001.raw
Amino Acids,Orn,,0.006358002621465071,-21.039680448537741,#N/A,13_0_1_1_10_11000002,KIT2-0-8114_1007800073_13_0_1_1_10_11000002.raw
Amino Acids,Orn,,0.11769680646911158,-12.869390115268883,-2.5738780230537768,49_0_1_1_02_437301,KIT2-0-8114_1007800073_49_0_1_1_02_437301.raw
Amino Acids,Orn,,0.111313096956537,-13.337840990602109,-2.6675681981204216,49_0_1_2_02_437301,KIT2-0-8114_1007800073_49_0_1_2_02_437301.raw
Amino Acids,Orn,,2.0618761478550369,129.79883632627298,1.2979883632627298,85_0_1_1_15_437331,KIT2-0-8114_1007800073_85_0_1_1_15_437331.raw
Amino Acids,Orn,,1.8993733531566463,117.8740179631242,1.178740179631242,85_0_1_2_15_437331,KIT2-0-8114_1007800073_85_0_1_2_15_437331.raw
Amino Acids,Orn,,6.0116986689349829,419.64564307180166,1.0491141076795041,26_0_1_1_18_437362,KIT2-0-8114_1007800073_26_0_1_1_18_437362.raw
Amino Acids,Orn,,5.3200202412450048,368.88873374467232,0.92222183436168081,26_0_1_2_18_437362,KIT2-0-8114_1007800073_26_0_1_2_18_437362.raw
Amino Acids,Orn,,0.914704256970029,45.616798377302672,1.0809667861920065,38_0_1_1_03_493393,KIT2-0-8114_1007800073_38_0_1_1_03_493393.raw
Amino Acids,Orn,,0.86381000858294243,41.882064652437116,0.99246598702457611,38_0_1_2_03_493393,KIT2-0-8114_1007800073_38_0_1_2_03_493393.raw
Amino Acids,Orn,,0.85448069339598476,41.197458647577193,0.97624309591415137,38_0_1_3_03_493393,KIT2-0-8114_1007800073_38_0_1_3_03_493393.raw
Amino Acids,Orn,,1.1906646495317508,65.867388915327169,#N/A,74_0_1_1_00_1007791711,KIT2-0-8114_1007800073_74_0_1_1_00_1007791711.raw
Amino Acids,Orn,,1.1151384157124631,60.325105032644935,#N/A,74_0_1_2_00_1007791711,KIT2-0-8114_1007800073_74_0_1_2_00_1007791711.raw
Amino Acids,Orn,,1.1108231073709021,60.008438059319296,#N/A,74_0_1_3_00_1007791711,KIT2-0-8114_1007800073_74_0_1_3_00_1007791711.raw
Amino Acids,Orn,,1.2987920442344356,73.802018866173057,#N/A,15_0_1_1_00_1007791731,KIT2-0-8114_1007800073_15_0_1_1_00_1007791731.raw
Amino Acids,Orn,,1.3089741936937953,74.549207756522037,#N/A,27_0_1_1_00_1007791731,KIT2-0-8114_1007800073_27_0_1_1_00_1007791731.raw
Amino Acids,Orn,,1.339791783488484,76.810671390878412,#N/A,39_0_1_1_00_1007791731,KIT2-0-8114_1007800073_39_0_1_1_00_1007791731.raw
Amino Acids,Lys,,Infinity,Infinity,#N/A,01_0_1_1_01_10000001,KIT2-0-8114_1007800073_01_0_1_1_01_10000001.raw
Amino Acids,Lys,,1.0034377446875877,4.49103230738844,#N/A,13_0_1_1_10_11000002,KIT2-0-8114_1007800073_13_0_1_1_10_11000002.raw
Amino Acids,Lys,,31.66636116707593,6.550835766336621,0.65508357663366212,49_0_1_1_02_437301,KIT2-0-8114_1007800073_49_0_1_1_02_437301.raw
Amino Acids,Lys,,125.18264832043437,12.83285816495224,1.2832858164952241,49_0_1_2_02_437301,KIT2-0-8114_1007800073_49_0_1_2_02_437301.raw
Amino Acids,Lys,,3107.8819075495744,213.19777988264212,1.0659888994132105,85_0_1_1_15_437331,KIT2-0-8114_1007800073_85_0_1_1_15_437331.raw
Amino Acids,Lys,,2727.028582728864,187.61368977449445,0.9380684488724722,85_0_1_2_15_437331,KIT2-0-8114_1007800073_85_0_1_2_15_437331.raw
Amino Acids,Lys,,17057.441633610186,1150.2692710361703,1.4378365887952129,26_0_1_1_18_437362,KIT2-0-8114_1007800073_26_0_1_1_18_437362.raw
Amino Acids,Lys,,6626.0852520967883,449.5355653754043,0.56191945671925536,26_0_1_2_18_437362,KIT2-0-8114_1007800073_26_0_1_2_18_437362.raw
Amino Acids,Lys,,3294.8224019243394,225.75563914564617,2.6748298476972292,38_0_1_1_03_493393,KIT2-0-8114_1007800073_38_0_1_1_03_493393.raw
Amino Acids,Lys,,4131.6562317095377,281.970540556444,3.3408831819483886,38_0_1_2_03_493393,KIT2-0-8114_1007800073_38_0_1_2_03_493393.raw
Amino Acids,Lys,,10481.154636698393,708.50256416749528,8.3945801441646353,38_0_1_3_03_493393,KIT2-0-8114_1007800073_38_0_1_3_03_493393.raw
Amino Acids,Lys,,11498.41636559596,776.83783667151567,#N/A,74_0_1_1_00_1007791711,KIT2-0-8114_1007800073_74_0_1_1_00_1007791711.raw
Amino Acids,Lys,,10340.191959847059,699.03329715204268,#N/A,74_0_1_2_00_1007791711,KIT2-0-8114_1007800073_74_0_1_2_00_1007791711.raw
Amino Acids,Lys,,8135.872060305619,550.956556680892,#N/A,74_0_1_3_00_1007791711,KIT2-0-8114_1007800073_74_0_1_3_00_1007791711.raw
Amino Acids,Lys,,2138.6736817858541,148.09053526775006,#N/A,15_0_1_1_00_1007791731,KIT2-0-8114_1007800073_15_0_1_1_00_1007791731.raw
Amino Acids,Lys,,6575.0797269265931,446.10923332859346,#N/A,27_0_1_1_00_1007791731,KIT2-0-8114_1007800073_27_0_1_1_00_1007791731.raw
Amino Acids,Lys,,5114.078695296198,347.96546089618823,#N/A,39_0_1_1_00_1007791731,KIT2-0-8114_1007800073_39_0_1_1_00_1007791731.raw
Amino Acids,Pro,,44.77901130439205,1839.33180200935,#N/A,01_0_1_1_01_10000001,KIT2-0-8114_1007800073_01_0_1_1_01_10000001.raw
Amino Acids,Pro,,0.004345349209152115,2.9685953285515181,#N/A,13_0_1_1_10_11000002,KIT2-0-8114_1007800073_13_0_1_1_10_11000002.raw
Amino Acids,Pro,,0.31436718206284242,15.683658076090797,1.5683658076090796,49_0_1_1_02_437301,KIT2-0-8114_1007800073_49_0_1_1_02_437301.raw
Amino Acids,Pro,,0.21394320710326897,11.564925110690583,1.1564925110690583,49_0_1_2_02_437301,KIT2-0-8114_1007800073_49_0_1_2_02_437301.raw
Amino Acids,Pro,,4.6534514965245934,193.64444495809727,0.96822222479048636,85_0_1_1_15_437331,KIT2-0-8114_1007800073_85_0_1_1_15_437331.raw
Amino Acids,Pro,,4.7306735484973981,196.81158717930765,0.98405793589653823,85_0_1_2_15_437331,KIT2-0-8114_1007800073_85_0_1_2_15_437331.raw
Amino Acids,Pro,,21.568527738149537,887.38995898185863,1.1092374487273233,26_0_1_1_18_437362,KIT2-0-8114_1007800073_26_0_1_1_18_437362.raw
Amino Acids,Pro,,17.362966805374914,714.90542569395529,0.8936317821174441,26_0_1_2_18_437362,KIT2-0-8114_1007800073_26_0_1_2_18_437362.raw
Amino Acids,Pro,,4.0320604534704723,168.15905887910847,1.9924059108899106,38_0_1_1_03_493393,KIT2-0-8114_1007800073_38_0_1_1_03_493393.raw
Amino Acids,Pro,,3.3989323671794667,142.19229624720447,1.6847428465308585,38_0_1_2_03_493393,KIT2-0-8114_1007800073_38_0_1_2_03_493393.raw
Amino Acids,Pro,,3.3164169582194036,138.80805523131053,1.6446452041624469,38_0_1_3_03_493393,KIT2-0-8114_1007800073_38_0_1_3_03_493393.raw
Amino Acids,Pro,,4.9097680138597175,204.15686781279638,#N/A,74_0_1_1_00_1007791711,KIT2-0-8114_1007800073_74_0_1_1_00_1007791711.raw
Amino Acids,Pro,,4.8733739610702855,202.66422240587349,#N/A,74_0_1_2_00_1007791711,KIT2-0-8114_1007800073_74_0_1_2_00_1007791711.raw
Amino Acids,Pro,,4.3830649694188537,182.55496256070364,#N/A,74_0_1_3_00_1007791711,KIT2-0-8114_1007800073_74_0_1_3_00_1007791711.raw
Amino Acids,Pro,,3.753871312077893,156.74956440598845,#N/A,15_0_1_1_00_1007791731,KIT2-0-8114_1007800073_15_0_1_1_00_1007791731.raw
Amino Acids,Pro,,4.1313806134133833,172.23252059032203,#N/A,27_0_1_1_00_1007791731,KIT2-0-8114_1007800073_27_0_1_1_00_1007791731.raw
Amino Acids,Pro,,4.386828952870804,182.70933648118438,#N/A,39_0_1_1_00_1007791731,KIT2-0-8114_1007800073_39_0_1_1_00_1007791731.raw
Amino Acids,Ser,,Infinity,Infinity,#N/A,01_0_1_1_01_10000001,KIT2-0-8114_1007800073_01_0_1_1_01_10000001.raw
Amino Acids,Ser,,0.0057366618440690591,-2.0538009965692372,#N/A,13_0_1_1_10_11000002,KIT2-0-8114_1007800073_13_0_1_1_10_11000002.raw
Amino Acids,Ser,,0.088644778453622661,3.108382575731774,0.6216765151463548,49_0_1_1_02_437301,KIT2-0-8114_1007800073_49_0_1_1_02_437301.raw
Amino Acids,Ser,,0.08962776528490507,3.16958718005455,0.63391743601091,49_0_1_2_02_437301,KIT2-0-8114_1007800073_49_0_1_2_02_437301.raw
Amino Acids,Ser,,1.7698508600404335,107.78684797727163,1.0778684797727163,85_0_1_1_15_437331,KIT2-0-8114_1007800073_85_0_1_1_15_437331.raw
Amino Acids,Ser,,1.5984349840923477,97.1138251776097,0.971138251776097,85_0_1_2_15_437331,KIT2-0-8114_1007800073_85_0_1_2_15_437331.raw
Amino Acids,Ser,,6.2350575721440356,385.80808014084636,0.96452020035211594,26_0_1_1_18_437362,KIT2-0-8114_1007800073_26_0_1_1_18_437362.raw
Amino Acids,Ser,,6.6719912064720113,413.01327694848612,1.0325331923712153,26_0_1_2_18_437362,KIT2-0-8114_1007800073_26_0_1_2_18_437362.raw
Amino Acids,Ser,,1.3048850642190275,78.836259168521082,1.8681578002019212,38_0_1_1_03_493393,KIT2-0-8114_1007800073_38_0_1_1_03_493393.raw
Amino Acids,Ser,,1.3125350974117602,79.312580152400869,1.8794450273080774,38_0_1_2_03_493393,KIT2-0-8114_1007800073_38_0_1_2_03_493393.raw
Amino Acids,Ser,,1.2658970758072712,76.408714538071251,1.8106330459258588,38_0_1_3_03_493393,KIT2-0-8114_1007800073_38_0_1_3_03_493393.raw
Amino Acids,Ser,,2.6508901081172982,162.64379707905289,#N/A,74_0_1_1_00_1007791711,KIT2-0-8114_1007800073_74_0_1_1_00_1007791711.raw
Amino Acids,Ser,,2.7479381944866841,168.68639046636383,#N/A,74_0_1_2_00_1007791711,KIT2-0-8114_1007800073_74_0_1_2_00_1007791711.raw
Amino Acids,Ser,,2.8440007478057114,174.66762071179474,#N/A,74_0_1_3_00_1007791711,KIT2-0-8114_1007800073_74_0_1_3_00_1007791711.raw
Amino Acids,Ser,,1.5511994522663861,94.172756240183332,#N/A,15_0_1_1_00_1007791731,KIT2-0-8114_1007800073_15_0_1_1_00_1007791731.raw
Amino Acids,Ser,,1.7582687127078724,107.06569818956524,#N/A,27_0_1_1_00_1007791731,KIT2-0-8114_1007800073_27_0_1_1_00_1007791731.raw
Amino Acids,Ser,,1.7866182577414331,108.83085173108944,#N/A,39_0_1_1_00_1007791731,KIT2-0-8114_1007800073_39_0_1_1_00_1007791731.raw
Amino Acids,Thr,,13.010390934312959,629.19139636551949,#N/A,01_0_1_1_01_10000001,KIT2-0-8114_1007800073_01_0_1_1_01_10000001.raw
Amino Acids,Thr,,0.007898682549036468,1.6581207213298672,#N/A,13_0_1_1_10_11000002,KIT2-0-8114_1007800073_13_0_1_1_10_11000002.raw
Amino Acids,Thr,,0.10341121661474886,6.267798020633979,1.2535596041267958,49_0_1_1_02_437301,KIT2-0-8114_1007800073_49_0_1_1_02_437301.raw
Amino Acids,Thr,,0.10391747684069023,6.2922314239971113,1.2584462847994222,49_0_1_2_02_437301,KIT2-0-8114_1007800073_49_0_1_2_02_437301.raw
Amino Acids,Thr,,1.954583552885367,95.6100731374844,0.95610073137484408,85_0_1_1_15_437331,KIT2-0-8114_1007800073_85_0_1_1_15_437331.raw
Amino Acids,Thr,,2.066661129412239,101.01922142708474,1.0101922142708475,85_0_1_2_15_437331,KIT2-0-8114_1007800073_85_0_1_2_15_437331.raw
Amino Acids,Thr,,8.2083273303832218,397.43161947990251,0.99357904869975622,26_0_1_1_18_437362,KIT2-0-8114_1007800073_26_0_1_1_18_437362.raw
Amino Acids,Thr,,8.3315582520167872,403.37905651089733,1.0084476412772434,26_0_1_2_18_437362,KIT2-0-8114_1007800073_26_0_1_2_18_437362.raw
Amino Acids,Thr,,1.7702105886853092,86.711765957259374,2.0547811838213121,38_0_1_1_03_493393,KIT2-0-8114_1007800073_38_0_1_1_03_493393.raw
Amino Acids,Thr,,1.7950694291930116,87.91151669046198,2.0832112959825113,38_0_1_2_03_493393,KIT2-0-8114_1007800073_38_0_1_2_03_493393.raw
Amino Acids,Thr,,1.8209743292348484,89.161752911620567,2.1128377467208663,38_0_1_3_03_493393,KIT2-0-8114_1007800073_38_0_1_3_03_493393.raw
Amino Acids,Thr,,3.0285603311385247,147.44291814699162,#N/A,74_0_1_1_00_1007791711,KIT2-0-8114_1007800073_74_0_1_1_00_1007791711.raw
Amino Acids,Thr,,2.8761177893480139,140.08565418981848,#N/A,74_0_1_2_00_1007791711,KIT2-0-8114_1007800073_74_0_1_2_00_1007791711.raw
Amino Acids,Thr,,2.9338251404849895,142.87075741361184,#N/A,74_0_1_3_00_1007791711,KIT2-0-8114_1007800073_74_0_1_3_00_1007791711.raw
Amino Acids,Thr,,2.0308552959183488,99.291141029533023,#N/A,15_0_1_1_00_1007791731,KIT2-0-8114_1007800073_15_0_1_1_00_1007791731.raw
Amino Acids,Thr,,2.3145712474189772,112.9839929036454,#N/A,27_0_1_1_00_1007791731,KIT2-0-8114_1007800073_27_0_1_1_00_1007791731.raw
Amino Acids,Thr,,2.3377436534000839,114.10235202652112,#N/A,39_0_1_1_00_1007791731,KIT2-0-8114_1007800073_39_0_1_1_00_1007791731.raw
Amino Acids,Trp,,1.8579827444076766,118.0983887846383,#N/A,01_0_1_1_01_10000001,KIT2-0-8114_1007800073_01_0_1_1_01_10000001.raw
Amino Acids,Trp,,0.00058551182389038055,-7.5677532913778505,#N/A,13_0_1_1_10_11000002,KIT2-0-8114_1007800073_13_0_1_1_10_11000002.raw
Amino Acids,Trp,,0.085037248196858525,-1.8539922738444399,-0.37079845476888795,49_0_1_1_02_437301,KIT2-0-8114_1007800073_49_0_1_1_02_437301.raw
Amino Acids,Trp,,0.087578971263475067,-1.6820266186770747,-0.33640532373541493,49_0_1_2_02_437301,KIT2-0-8114_1007800073_49_0_1_2_02_437301.raw
Amino Acids,Trp,,1.667848667285398,105.23446526306459,1.0523446526306459,85_0_1_1_15_437331,KIT2-0-8114_1007800073_85_0_1_1_15_437331.raw
Amino Acids,Trp,,1.7765363362792934,112.5879596120887,1.1258795961208869,85_0_1_2_15_437331,KIT2-0-8114_1007800073_85_0_1_2_15_437331.raw
Amino Acids,Trp,,6.1169247570835017,406.24612728100846,1.0156153182025212,26_0_1_1_18_437362,KIT2-0-8114_1007800073_26_0_1_1_18_437362.raw
Amino Acids,Trp,,5.8689292576812724,389.46746673635982,0.97366866684089959,26_0_1_2_18_437362,KIT2-0-8114_1007800073_26_0_1_2_18_437362.raw
Amino Acids,Trp,,0.79578497976755314,46.233150233373685,1.0955722804116985,38_0_1_1_03_493393,KIT2-0-8114_1007800073_38_0_1_1_03_493393.raw
Amino Acids,Trp,,0.84308877473324617,49.433588628893567,1.171412052817383,38_0_1_2_03_493393,KIT2-0-8114_1007800073_38_0_1_2_03_493393.raw
Amino Acids,Trp,,0.827139588921579,48.354512696699118,1.1458415330971354,38_0_1_3_03_493393,KIT2-0-8114_1007800073_38_0_1_3_03_493393.raw
Amino Acids,Trp,,0.98939500418453608,59.332246328117122,#N/A,74_0_1_1_00_1007791711,KIT2-0-8114_1007800073_74_0_1_1_00_1007791711.raw
Amino Acids,Trp,,1.0249159752153969,61.7354928248467,#N/A,74_0_1_2_00_1007791711,KIT2-0-8114_1007800073_74_0_1_2_00_1007791711.raw
Amino Acids,Trp,,1.0186714249991622,61.31300455959687,#N/A,74_0_1_3_00_1007791711,KIT2-0-8114_1007800073_74_0_1_3_00_1007791711.raw
Amino Acids,Trp,,0.71838089591904963,40.996213068005574,#N/A,15_0_1_1_00_1007791731,KIT2-0-8114_1007800073_15_0_1_1_00_1007791731.raw
Amino Acids,Trp,,0.81251792458052119,47.3652530401015,#N/A,27_0_1_1_00_1007791731,KIT2-0-8114_1007800073_27_0_1_1_00_1007791731.raw
Amino Acids,Trp,,0.82757801235309691,48.384175162147038,#N/A,39_0_1_1_00_1007791731,KIT2-0-8114_1007800073_39_0_1_1_00_1007791731.raw
Amino Acids,Tyr,,3.2868366806520961,155.47390994151678,#N/A,01_0_1_1_01_10000001,KIT2-0-8114_1007800073_01_0_1_1_01_10000001.raw
Amino Acids,Tyr,,0.00990615915715585,-3.4205332620143936,#N/A,13_0_1_1_10_11000002,KIT2-0-8114_1007800073_13_0_1_1_10_11000002.raw
Amino Acids,Tyr,,0.12781469815480759,2.2967108266478147,0.45934216532956296,49_0_1_1_02_437301,KIT2-0-8114_1007800073_49_0_1_1_02_437301.raw
Amino Acids,Tyr,,0.12804300875089791,2.3077813344920544,0.46155626689841089,49_0_1_2_02_437301,KIT2-0-8114_1007800073_49_0_1_2_02_437301.raw
Amino Acids,Tyr,,2.201034861790689,102.8246778916846,1.0282467789168459,85_0_1_1_15_437331,KIT2-0-8114_1007800073_85_0_1_1_15_437331.raw
Amino Acids,Tyr,,2.2310362106535946,104.27940742948132,1.0427940742948132,85_0_1_2_15_437331,KIT2-0-8114_1007800073_85_0_1_2_15_437331.raw
Amino Acids,Tyr,,8.0497737225048827,386.42303269966953,0.96605758174917389,26_0_1_1_18_437362,KIT2-0-8114_1007800073_26_0_1_1_18_437362.raw
Amino Acids,Tyr,,8.5745413965051,411.8683898180247,1.0296709745450618,26_0_1_2_18_437362,KIT2-0-8114_1007800073_26_0_1_2_18_437362.raw
Amino Acids,Tyr,,1.465063040231652,67.138284166509507,1.5909546011021209,38_0_1_1_03_493393,KIT2-0-8114_1007800073_38_0_1_1_03_493393.raw
Amino Acids,Tyr,,1.4927967237483071,68.483057322808065,1.6228212635736508,38_0_1_2_03_493393,KIT2-0-8114_1007800073_38_0_1_2_03_493393.raw
Amino Acids,Tyr,,1.462616994182149,67.019678317976386,1.5881440359710044,38_0_1_3_03_493393,KIT2-0-8114_1007800073_38_0_1_3_03_493393.raw
Amino Acids,Tyr,,1.4367022172422446,65.763101766963246,#N/A,74_0_1_1_00_1007791711,KIT2-0-8114_1007800073_74_0_1_1_00_1007791711.raw
Amino Acids,Tyr,,1.4455118577322141,66.190270701823167,#N/A,74_0_1_2_00_1007791711,KIT2-0-8114_1007800073_74_0_1_2_00_1007791711.raw
Amino Acids,Tyr,,1.3958217535658624,63.780856958551006,#N/A,74_0_1_3_00_1007791711,KIT2-0-8114_1007800073_74_0_1_3_00_1007791711.raw
Amino Acids,Tyr,,1.1906181579627308,53.830779942011951,#N/A,15_0_1_1_00_1007791731,KIT2-0-8114_1007800073_15_0_1_1_00_1007791731.raw
Amino Acids,Tyr,,1.3712205179418047,62.587972455519115,#N/A,27_0_1_1_00_1007791731,KIT2-0-8114_1007800073_27_0_1_1_00_1007791731.raw
Amino Acids,Tyr,,1.3751326696237274,62.777668013343543,#N/A,39_0_1_1_00_1007791731,KIT2-0-8114_1007800073_39_0_1_1_00_1007791731.raw
Amino Acids,Val,,135.51586765924239,8440.17537699707,#N/A,01_0_1_1_01_10000001,KIT2-0-8114_1007800073_01_0_1_1_01_10000001.raw
Amino Acids,Val,,0.00040245537244404953,-16.6798231392258,#N/A,13_0_1_1_10_11000002,KIT2-0-8114_1007800073_13_0_1_1_10_11000002.raw
Amino Acids,Val,,0.1914625836164317,-4.75669808004449,-0.475669808004449,49_0_1_1_02_437301,KIT2-0-8114_1007800073_49_0_1_1_02_437301.raw
Amino Acids,Val,,0.19107589977530123,-4.7808291210865832,-0.47808291210865833,49_0_1_2_02_437301,KIT2-0-8114_1007800073_49_0_1_2_02_437301.raw
Amino Acids,Val,,3.7978272087598408,220.29882150843616,1.1014941075421809,85_0_1_1_15_437331,KIT2-0-8114_1007800073_85_0_1_1_15_437331.raw
Amino Acids,Val,,3.7704806340633068,218.59225597305331,1.0929612798652666,85_0_1_2_15_437331,KIT2-0-8114_1007800073_85_0_1_2_15_437331.raw
Amino Acids,Val,,12.617453452729103,770.68841691263674,0.963360521140796,26_0_1_1_18_437362,KIT2-0-8114_1007800073_26_0_1_1_18_437362.raw
Amino Acids,Val,,13.4069661924333,819.958032807005,1.0249475410087563,26_0_1_2_18_437362,KIT2-0-8114_1007800073_26_0_1_2_18_437362.raw
Amino Acids,Val,,4.1138427634026558,240.01980156473107,2.8438365114304629,38_0_1_1_03_493393,KIT2-0-8114_1007800073_38_0_1_1_03_493393.raw
Amino Acids,Val,,3.7170032784357279,215.25499662521239,2.5504146519574924,38_0_1_2_03_493393,KIT2-0-8114_1007800073_38_0_1_2_03_493393.raw
Amino Acids,Val,,3.7575863104723166,217.78758451102752,2.580421617429236,38_0_1_3_03_493393,KIT2-0-8114_1007800073_38_0_1_3_03_493393.raw
Amino Acids,Val,,4.1546296277838328,242.56510962695336,#N/A,74_0_1_1_00_1007791711,KIT2-0-8114_1007800073_74_0_1_1_00_1007791711.raw
Amino Acids,Val,,4.0937449880968773,238.76559802899331,#N/A,74_0_1_2_00_1007791711,KIT2-0-8114_1007800073_74_0_1_2_00_1007791711.raw
Amino Acids,Val,,4.4002478384995625,257.89293689312262,#N/A,74_0_1_3_00_1007791711,KIT2-0-8114_1007800073_74_0_1_3_00_1007791711.raw
Amino Acids,Val,,3.2779769653316144,187.85751875517249,#N/A,15_0_1_1_00_1007791731,KIT2-0-8114_1007800073_15_0_1_1_00_1007791731.raw
Amino Acids,Val,,3.6273735084420275,209.66164249903991,#N/A,27_0_1_1_00_1007791731,KIT2-0-8114_1007800073_27_0_1_1_00_1007791731.raw
Amino Acids,Val,,3.4013394043510541,195.55596322683161,#N/A,39_0_1_1_00_1007791731,KIT2-0-8114_1007800073_39_0_1_1_00_1007791731.raw
Biogenic Amines,Ac-Orn,,#N/A,#N/A,#N/A,01_0_1_1_01_10000001,KIT2-0-8114_1007800073_01_0_1_1_01_10000001.raw
Biogenic Amines,Ac-Orn,,#N/A,#N/A,#N/A,13_0_1_1_10_11000002,KIT2-0-8114_1007800073_13_0_1_1_10_11000002.raw
Biogenic Amines,Ac-Orn,,#N/A,#N/A,#N/A,49_0_1_1_02_437301,KIT2-0-8114_1007800073_49_0_1_1_02_437301.raw
Biogenic Amines,Ac-Orn,,#N/A,#N/A,#N/A,49_0_1_2_02_437301,KIT2-0-8114_1007800073_49_0_1_2_02_437301.raw
Biogenic Amines,Ac-Orn,,#N/A,#N/A,#N/A,85_0_1_1_15_437331,KIT2-0-8114_1007800073_85_0_1_1_15_437331.raw
Biogenic Amines,Ac-Orn,,#N/A,#N/A,#N/A,85_0_1_2_15_437331,KIT2-0-8114_1007800073_85_0_1_2_15_437331.raw
Biogenic Amines,Ac-Orn,,#N/A,#N/A,#N/A,26_0_1_1_18_437362,KIT2-0-8114_1007800073_26_0_1_1_18_437362.raw
Biogenic Amines,Ac-Orn,,#N/A,#N/A,#N/A,26_0_1_2_18_437362,KIT2-0-8114_1007800073_26_0_1_2_18_437362.raw
Biogenic Amines,Ac-Orn,,#N/A,#N/A,#N/A,38_0_1_1_03_493393,KIT2-0-8114_1007800073_38_0_1_1_03_493393.raw
Biogenic Amines,Ac-Orn,,#N/A,#N/A,#N/A,38_0_1_2_03_493393,KIT2-0-8114_1007800073_38_0_1_2_03_493393.raw
Biogenic Amines,Ac-Orn,,#N/A,#N/A,#N/A,38_0_1_3_03_493393,KIT2-0-8114_1007800073_38_0_1_3_03_493393.raw
Biogenic Amines,Ac-Orn,,#N/A,#N/A,#N/A,74_0_1_1_00_1007791711,KIT2-0-8114_1007800073_74_0_1_1_00_1007791711.raw
Biogenic Amines,Ac-Orn,,#N/A,#N/A,#N/A,74_0_1_2_00_1007791711,KIT2-0-8114_1007800073_74_0_1_2_00_1007791711.raw
Biogenic Amines,Ac-Orn,,#N/A,#N/A,#N/A,74_0_1_3_00_1007791711,KIT2-0-8114_1007800073_74_0_1_3_00_1007791711.raw
Biogenic Amines,Ac-Orn,,#N/A,#N/A,#N/A,15_0_1_1_00_1007791731,KIT2-0-8114_1007800073_15_0_1_1_00_1007791731.raw
Biogenic Amines,Ac-Orn,,#N/A,#N/A,#N/A,27_0_1_1_00_1007791731,KIT2-0-8114_1007800073_27_0_1_1_00_1007791731.raw
Biogenic Amines,Ac-Orn,,#N/A,#N/A,#N/A,39_0_1_1_00_1007791731,KIT2-0-8114_1007800073_39_0_1_1_00_1007791731.raw
Biogenic Amines,ADMA,,#N/A,#N/A,#N/A,01_0_1_1_01_10000001,KIT2-0-8114_1007800073_01_0_1_1_01_10000001.raw
Biogenic Amines,ADMA,,#N/A,#N/A,#N/A,13_0_1_1_10_11000002,KIT2-0-8114_1007800073_13_0_1_1_10_11000002.raw
Biogenic Amines,ADMA,,#N/A,#N/A,#N/A,49_0_1_1_02_437301,KIT2-0-8114_1007800073_49_0_1_1_02_437301.raw
Biogenic Amines,ADMA,,#N/A,#N/A,#N/A,49_0_1_2_02_437301,KIT2-0-8114_1007800073_49_0_1_2_02_437301.raw
Biogenic Amines,ADMA,,#N/A,#N/A,#N/A,85_0_1_1_15_437331,KIT2-0-8114_1007800073_85_0_1_1_15_437331.raw
Biogenic Amines,ADMA,,#N/A,#N/A,#N/A,85_0_1_2_15_437331,KIT2-0-8114_1007800073_85_0_1_2_15_437331.raw
Biogenic Amines,ADMA,,#N/A,#N/A,#N/A,26_0_1_1_18_437362,KIT2-0-8114_1007800073_26_0_1_1_18_437362.raw
Biogenic Amines,ADMA,,#N/A,#N/A,#N/A,26_0_1_2_18_437362,KIT2-0-8114_1007800073_26_0_1_2_18_437362.raw
Biogenic Amines,ADMA,,#N/A,#N/A,#N/A,38_0_1_1_03_493393,KIT2-0-8114_1007800073_38_0_1_1_03_493393.raw
Biogenic Amines,ADMA,,#N/A,#N/A,#N/A,38_0_1_2_03_493393,KIT2-0-8114_1007800073_38_0_1_2_03_493393.raw
Biogenic Amines,ADMA,,#N/A,#N/A,#N/A,38_0_1_3_03_493393,KIT2-0-8114_1007800073_38_0_1_3_03_493393.raw
Biogenic Amines,ADMA,,#N/A,#N/A,#N/A,74_0_1_1_00_1007791711,KIT2-0-8114_1007800073_74_0_1_1_00_1007791711.raw
Biogenic Amines,ADMA,,#N/A,#N/A,#N/A,74_0_1_2_00_1007791711,KIT2-0-8114_1007800073_74_0_1_2_00_1007791711.raw
Biogenic Amines,ADMA,,#N/A,#N/A,#N/A,74_0_1_3_00_1007791711,KIT2-0-8114_1007800073_74_0_1_3_00_1007791711.raw
Biogenic Amines,ADMA,,#N/A,#N/A,#N/A,15_0_1_1_00_1007791731,KIT2-0-8114_1007800073_15_0_1_1_00_1007791731.raw
Biogenic Amines,ADMA,,#N/A,#N/A,#N/A,27_0_1_1_00_1007791731,KIT2-0-8114_1007800073_27_0_1_1_00_1007791731.raw
Biogenic Amines,ADMA,,#N/A,#N/A,#N/A,39_0_1_1_00_1007791731,KIT2-0-8114_1007800073_39_0_1_1_00_1007791731.raw
Biogenic Amines,SDMA,,#N/A,#N/A,#N/A,01_0_1_1_01_10000001,KIT2-0-8114_1007800073_01_0_1_1_01_10000001.raw
Biogenic Amines,SDMA,,#N/A,#N/A,#N/A,13_0_1_1_10_11000002,KIT2-0-8114_1007800073_13_0_1_1_10_11000002.raw
Biogenic Amines,SDMA,,#N/A,#N/A,#N/A,49_0_1_1_02_437301,KIT2-0-8114_1007800073_49_0_1_1_02_437301.raw
Biogenic Amines,SDMA,,#N/A,#N/A,#N/A,49_0_1_2_02_437301,KIT2-0-8114_1007800073_49_0_1_2_02_437301.raw
Biogenic Amines,SDMA,,#N/A,#N/A,#N/A,85_0_1_1_15_437331,KIT2-0-8114_1007800073_85_0_1_1_15_437331.raw
Biogenic Amines,SDMA,,#N/A,#N/A,#N/A,85_0_1_2_15_437331,KIT2-0-8114_1007800073_85_0_1_2_15_437331.raw
Biogenic Amines,SDMA,,#N/A,#N/A,#N/A,26_0_1_1_18_437362,KIT2-0-8114_1007800073_26_0_1_1_18_437362.raw
Biogenic Amines,SDMA,,#N/A,#N/A,#N/A,26_0_1_2_18_437362,KIT2-0-8114_1007800073_26_0_1_2_18_437362.raw
Biogenic Amines,SDMA,,#N/A,#N/A,#N/A,38_0_1_1_03_493393,KIT2-0-8114_1007800073_38_0_1_1_03_493393.raw
Biogenic Amines,SDMA,,#N/A,#N/A,#N/A,38_0_1_2_03_493393,KIT2-0-8114_1007800073_38_0_1_2_03_493393.raw
Biogenic Amines,SDMA,,#N/A,#N/A,#N/A,38_0_1_3_03_493393,KIT2-0-8114_1007800073_38_0_1_3_03_493393.raw
Biogenic Amines,SDMA,,#N/A,#N/A,#N/A,74_0_1_1_00_1007791711,KIT2-0-8114_1007800073_74_0_1_1_00_1007791711.raw
Biogenic Amines,SDMA,,#N/A,#N/A,#N/A,74_0_1_2_00_1007791711,KIT2-0-8114_1007800073_74_0_1_2_00_1007791711.raw
Biogenic Amines,SDMA,,#N/A,#N/A,#N/A,74_0_1_3_00_1007791711,KIT2-0-8114_1007800073_74_0_1_3_00_1007791711.raw
Biogenic Amines,SDMA,,#N/A,#N/A,#N/A,15_0_1_1_00_1007791731,KIT2-0-8114_1007800073_15_0_1_1_00_1007791731.raw
Biogenic Amines,SDMA,,#N/A,#N/A,#N/A,27_0_1_1_00_1007791731,KIT2-0-8114_1007800073_27_0_1_1_00_1007791731.raw
Biogenic Amines,SDMA,,#N/A,#N/A,#N/A,39_0_1_1_00_1007791731,KIT2-0-8114_1007800073_39_0_1_1_00_1007791731.raw
Biogenic Amines,alpha-AAA,,#N/A,#N/A,#N/A,01_0_1_1_01_10000001,KIT2-0-8114_1007800073_01_0_1_1_01_10000001.raw
Biogenic Amines,alpha-AAA,,#N/A,#N/A,#N/A,13_0_1_1_10_11000002,KIT2-0-8114_1007800073_13_0_1_1_10_11000002.raw
Biogenic Amines,alpha-AAA,,#N/A,#N/A,#N/A,49_0_1_1_02_437301,KIT2-0-8114_1007800073_49_0_1_1_02_437301.raw
Biogenic Amines,alpha-AAA,,#N/A,#N/A,#N/A,49_0_1_2_02_437301,KIT2-0-8114_1007800073_49_0_1_2_02_437301.raw
Biogenic Amines,alpha-AAA,,#N/A,#N/A,#N/A,85_0_1_1_15_437331,KIT2-0-8114_1007800073_85_0_1_1_15_437331.raw
Biogenic Amines,alpha-AAA,,#N/A,#N/A,#N/A,85_0_1_2_15_437331,KIT2-0-8114_1007800073_85_0_1_2_15_437331.raw
Biogenic Amines,alpha-AAA,,#N/A,#N/A,#N/A,26_0_1_1_18_437362,KIT2-0-8114_1007800073_26_0_1_1_18_437362.raw
Biogenic Amines,alpha-AAA,,#N/A,#N/A,#N/A,26_0_1_2_18_437362,KIT2-0-8114_1007800073_26_0_1_2_18_437362.raw
Biogenic Amines,alpha-AAA,,#N/A,#N/A,#N/A,38_0_1_1_03_493393,KIT2-0-8114_1007800073_38_0_1_1_03_493393.raw
Biogenic Amines,alpha-AAA,,#N/A,#N/A,#N/A,38_0_1_2_03_493393,KIT2-0-8114_1007800073_38_0_1_2_03_493393.raw
Biogenic Amines,alpha-AAA,,#N/A,#N/A,#N/A,38_0_1_3_03_493393,KIT2-0-8114_1007800073_38_0_1_3_03_493393.raw
Biogenic Amines,alpha-AAA,,#N/A,#N/A,#N/A,74_0_1_1_00_1007791711,KIT2-0-8114_1007800073_74_0_1_1_00_1007791711.raw
Biogenic Amines,alpha-AAA,,#N/A,#N/A,#N/A,74_0_1_2_00_1007791711,KIT2-0-8114_1007800073_74_0_1_2_00_1007791711.raw
Biogenic Amines,alpha-AAA,,#N/A,#N/A,#N/A,74_0_1_3_00_1007791711,KIT2-0-8114_1007800073_74_0_1_3_00_1007791711.raw
Biogenic Amines,alpha-AAA,,#N/A,#N/A,#N/A,15_0_1_1_00_1007791731,KIT2-0-8114_1007800073_15_0_1_1_00_1007791731.raw
Biogenic Amines,alpha-AAA,,#N/A,#N/A,#N/A,27_0_1_1_00_1007791731,KIT2-0-8114_1007800073_27_0_1_1_00_1007791731.raw
Biogenic Amines,alpha-AAA,,#N/A,#N/A,#N/A,39_0_1_1_00_1007791731,KIT2-0-8114_1007800073_39_0_1_1_00_1007791731.raw
Biogenic Amines,Carnosine,,#N/A,#N/A,#N/A,01_0_1_1_01_10000001,KIT2-0-8114_1007800073_01_0_1_1_01_10000001.raw
Biogenic Amines,Carnosine,,#N/A,#N/A,#N/A,13_0_1_1_10_11000002,KIT2-0-8114_1007800073_13_0_1_1_10_11000002.raw
Biogenic Amines,Carnosine,,#N/A,#N/A,#N/A,49_0_1_1_02_437301,KIT2-0-8114_1007800073_49_0_1_1_02_437301.raw
Biogenic Amines,Carnosine,,#N/A,#N/A,#N/A,49_0_1_2_02_437301,KIT2-0-8114_1007800073_49_0_1_2_02_437301.raw
Biogenic Amines,Carnosine,,#N/A,#N/A,#N/A,85_0_1_1_15_437331,KIT2-0-8114_1007800073_85_0_1_1_15_437331.raw
Biogenic Amines,Carnosine,,#N/A,#N/A,#N/A,85_0_1_2_15_437331,KIT2-0-8114_1007800073_85_0_1_2_15_437331.raw
Biogenic Amines,Carnosine,,#N/A,#N/A,#N/A,26_0_1_1_18_437362,KIT2-0-8114_1007800073_26_0_1_1_18_437362.raw
Biogenic Amines,Carnosine,,#N/A,#N/A,#N/A,26_0_1_2_18_437362,KIT2-0-8114_1007800073_26_0_1_2_18_437362.raw
Biogenic Amines,Carnosine,,#N/A,#N/A,#N/A,38_0_1_1_03_493393,KIT2-0-8114_1007800073_38_0_1_1_03_493393.raw
Biogenic Amines,Carnosine,,#N/A,#N/A,#N/A,38_0_1_2_03_493393,KIT2-0-8114_1007800073_38_0_1_2_03_493393.raw
Biogenic Amines,Carnosine,,#N/A,#N/A,#N/A,38_0_1_3_03_493393,KIT2-0-8114_1007800073_38_0_1_3_03_493393.raw
Biogenic Amines,Carnosine,,#N/A,#N/A,#N/A,74_0_1_1_00_1007791711,KIT2-0-8114_1007800073_74_0_1_1_00_1007791711.raw
Biogenic Amines,Carnosine,,#N/A,#N/A,#N/A,74_0_1_2_00_1007791711,KIT2-0-8114_1007800073_74_0_1_2_00_1007791711.raw
Biogenic Amines,Carnosine,,#N/A,#N/A,#N/A,74_0_1_3_00_1007791711,KIT2-0-8114_1007800073_74_0_1_3_00_1007791711.raw
Biogenic Amines,Carnosine,,#N/A,#N/A,#N/A,15_0_1_1_00_1007791731,KIT2-0-8114_1007800073_15_0_1_1_00_1007791731.raw
Biogenic Amines,Carnosine,,#N/A,#N/A,#N/A,27_0_1_1_00_1007791731,KIT2-0-8114_1007800073_27_0_1_1_00_1007791731.raw
Biogenic Amines,Carnosine,,#N/A,#N/A,#N/A,39_0_1_1_00_1007791731,KIT2-0-8114_1007800073_39_0_1_1_00_1007791731.raw
Biogenic Amines,Creatinine,,#N/A,#N/A,#N/A,,
Biogenic Amines,Histamine,,#N/A,#N/A,#N/A,01_0_1_1_01_10000001,KIT2-0-8114_1007800073_01_0_1_1_01_10000001.raw
Biogenic Amines,Histamine,,#N/A,#N/A,#N/A,13_0_1_1_10_11000002,KIT2-0-8114_1007800073_13_0_1_1_10_11000002.raw
Biogenic Amines,Histamine,,#N/A,#N/A,#N/A,49_0_1_1_02_437301,KIT2-0-8114_1007800073_49_0_1_1_02_437301.raw
Biogenic Amines,Histamine,,#N/A,#N/A,#N/A,49_0_1_2_02_437301,KIT2-0-8114_1007800073_49_0_1_2_02_437301.raw
Biogenic Amines,Histamine,,#N/A,#N/A,#N/A,85_0_1_1_15_437331,KIT2-0-8114_1007800073_85_0_1_1_15_437331.raw
Biogenic Amines,Histamine,,#N/A,#N/A,#N/A,85_0_1_2_15_437331,KIT2-0-8114_1007800073_85_0_1_2_15_437331.raw
Biogenic Amines,Histamine,,#N/A,#N/A,#N/A,26_0_1_1_18_437362,KIT2-0-8114_1007800073_26_0_1_1_18_437362.raw
Biogenic Amines,Histamine,,#N/A,#N/A,#N/A,26_0_1_2_18_437362,KIT2-0-8114_1007800073_26_0_1_2_18_437362.raw
Biogenic Amines,Histamine,,#N/A,#N/A,#N/A,38_0_1_1_03_493393,KIT2-0-8114_1007800073_38_0_1_1_03_493393.raw
Biogenic Amines,Histamine,,#N/A,#N/A,#N/A,38_0_1_2_03_493393,KIT2-0-8114_1007800073_38_0_1_2_03_493393.raw
Biogenic Amines,Histamine,,#N/A,#N/A,#N/A,38_0_1_3_03_493393,KIT2-0-8114_1007800073_38_0_1_3_03_493393.raw
Biogenic Amines,Histamine,,#N/A,#N/A,#N/A,74_0_1_1_00_1007791711,KIT2-0-8114_1007800073_74_0_1_1_00_1007791711.raw
Biogenic Amines,Histamine,,#N/A,#N/A,#N/A,74_0_1_2_00_1007791711,KIT2-0-8114_1007800073_74_0_1_2_00_1007791711.raw
Biogenic Amines,Histamine,,#N/A,#N/A,#N/A,74_0_1_3_00_1007791711,KIT2-0-8114_1007800073_74_0_1_3_00_1007791711.raw
Biogenic Amines,Histamine,,#N/A,#N/A,#N/A,15_0_1_1_00_1007791731,KIT2-0-8114_1007800073_15_0_1_1_00_1007791731.raw
Biogenic Amines,Histamine,,#N/A,#N/A,#N/A,27_0_1_1_00_1007791731,KIT2-0-8114_1007800073_27_0_1_1_00_1007791731.raw
Biogenic Amines,Histamine,,#N/A,#N/A,#N/A,39_0_1_1_00_1007791731,KIT2-0-8114_1007800073_39_0_1_1_00_1007791731.raw
Biogenic Amines,Kynurenine,,#N/A,#N/A,#N/A,01_0_1_1_01_10000001,KIT2-0-8114_1007800073_01_0_1_1_01_10000001.raw
Biogenic Amines,Kynurenine,,#N/A,#N/A,#N/A,13_0_1_1_10_11000002,KIT2-0-8114_1007800073_13_0_1_1_10_11000002.raw
Biogenic Amines,Kynurenine,,#N/A,#N/A,#N/A,49_0_1_1_02_437301,KIT2-0-8114_1007800073_49_0_1_1_02_437301.raw
Biogenic Amines,Kynurenine,,#N/A,#N/A,#N/A,49_0_1_2_02_437301,KIT2-0-8114_1007800073_49_0_1_2_02_437301.raw
Biogenic Amines,Kynurenine,,#N/A,#N/A,#N/A,85_0_1_1_15_437331,KIT2-0-8114_1007800073_85_0_1_1_15_437331.raw
Biogenic Amines,Kynurenine,,#N/A,#N/A,#N/A,85_0_1_2_15_437331,KIT2-0-8114_1007800073_85_0_1_2_15_437331.raw
Biogenic Amines,Kynurenine,,#N/A,#N/A,#N/A,26_0_1_1_18_437362,KIT2-0-8114_1007800073_26_0_1_1_18_437362.raw
Biogenic Amines,Kynurenine,,#N/A,#N/A,#N/A,26_0_1_2_18_437362,KIT2-0-8114_1007800073_26_0_1_2_18_437362.raw
Biogenic Amines,Kynurenine,,#N/A,#N/A,#N/A,38_0_1_1_03_493393,KIT2-0-8114_1007800073_38_0_1_1_03_493393.raw
Biogenic Amines,Kynurenine,,#N/A,#N/A,#N/A,38_0_1_2_03_493393,KIT2-0-8114_1007800073_38_0_1_2_03_493393.raw
Biogenic Amines,Kynurenine,,#N/A,#N/A,#N/A,38_0_1_3_03_493393,KIT2-0-8114_1007800073_38_0_1_3_03_493393.raw
Biogenic Amines,Kynurenine,,#N/A,#N/A,#N/A,74_0_1_1_00_1007791711,KIT2-0-8114_1007800073_74_0_1_1_00_1007791711.raw
Biogenic Amines,Kynurenine,,#N/A,#N/A,#N/A,74_0_1_2_00_1007791711,KIT2-0-8114_1007800073_74_0_1_2_00_1007791711.raw
Biogenic Amines,Kynurenine,,#N/A,#N/A,#N/A,74_0_1_3_00_1007791711,KIT2-0-8114_1007800073_74_0_1_3_00_1007791711.raw
Biogenic Amines,Kynurenine,,#N/A,#N/A,#N/A,15_0_1_1_00_1007791731,KIT2-0-8114_1007800073_15_0_1_1_00_1007791731.raw
Biogenic Amines,Kynurenine,,#N/A,#N/A,#N/A,27_0_1_1_00_1007791731,KIT2-0-8114_1007800073_27_0_1_1_00_1007791731.raw
Biogenic Amines,Kynurenine,,#N/A,#N/A,#N/A,39_0_1_1_00_1007791731,KIT2-0-8114_1007800073_39_0_1_1_00_1007791731.raw
Biogenic Amines,Met-SO,,#N/A,#N/A,#N/A,01_0_1_1_01_10000001,KIT2-0-8114_1007800073_01_0_1_1_01_10000001.raw
Biogenic Amines,Met-SO,,#N/A,#N/A,#N/A,13_0_1_1_10_11000002,KIT2-0-8114_1007800073_13_0_1_1_10_11000002.raw
Biogenic Amines,Met-SO,,#N/A,#N/A,#N/A,49_0_1_1_02_437301,KIT2-0-8114_1007800073_49_0_1_1_02_437301.raw
Biogenic Amines,Met-SO,,#N/A,#N/A,#N/A,49_0_1_2_02_437301,KIT2-0-8114_1007800073_49_0_1_2_02_437301.raw
Biogenic Amines,Met-SO,,#N/A,#N/A,#N/A,85_0_1_1_15_437331,KIT2-0-8114_1007800073_85_0_1_1_15_437331.raw
Biogenic Amines,Met-SO,,#N/A,#N/A,#N/A,85_0_1_2_15_437331,KIT2-0-8114_1007800073_85_0_1_2_15_437331.raw
Biogenic Amines,Met-SO,,#N/A,#N/A,#N/A,26_0_1_1_18_437362,KIT2-0-8114_1007800073_26_0_1_1_18_437362.raw
Biogenic Amines,Met-SO,,#N/A,#N/A,#N/A,26_0_1_2_18_437362,KIT2-0-8114_1007800073_26_0_1_2_18_437362.raw
Biogenic Amines,Met-SO,,#N/A,#N/A,#N/A,38_0_1_1_03_493393,KIT2-0-8114_1007800073_38_0_1_1_03_493393.raw
Biogenic Amines,Met-SO,,#N/A,#N/A,#N/A,38_0_1_2_03_493393,KIT2-0-8114_1007800073_38_0_1_2_03_493393.raw
Biogenic Amines,Met-SO,,#N/A,#N/A,#N/A,38_0_1_3_03_493393,KIT2-0-8114_1007800073_38_0_1_3_03_493393.raw
Biogenic Amines,Met-SO,,#N/A,#N/A,#N/A,74_0_1_1_00_1007791711,KIT2-0-8114_1007800073_74_0_1_1_00_1007791711.raw
Biogenic Amines,Met-SO,,#N/A,#N/A,#N/A,74_0_1_2_00_1007791711,KIT2-0-8114_1007800073_74_0_1_2_00_1007791711.raw
Biogenic Amines,Met-SO,,#N/A,#N/A,#N/A,74_0_1_3_00_1007791711,KIT2-0-8114_1007800073_74_0_1_3_00_1007791711.raw
Biogenic Amines,Met-SO,,#N/A,#N/A,#N/A,15_0_1_1_00_1007791731,KIT2-0-8114_1007800073_15_0_1_1_00_1007791731.raw
Biogenic Amines,Met-SO,,#N/A,#N/A,#N/A,27_0_1_1_00_1007791731,KIT2-0-8114_1007800073_27_0_1_1_00_1007791731.raw
Biogenic Amines,Met-SO,,#N/A,#N/A,#N/A,39_0_1_1_00_1007791731,KIT2-0-8114_1007800073_39_0_1_1_00_1007791731.raw
Biogenic Amines,Nitro-Tyr,,#N/A,#N/A,#N/A,01_0_1_1_01_10000001,KIT2-0-8114_1007800073_01_0_1_1_01_10000001.raw
Biogenic Amines,Nitro-Tyr,,#N/A,#N/A,#N/A,13_0_1_1_10_11000002,KIT2-0-8114_1007800073_13_0_1_1_10_11000002.raw
Biogenic Amines,Nitro-Tyr,,#N/A,#N/A,#N/A,49_0_1_1_02_437301,KIT2-0-8114_1007800073_49_0_1_1_02_437301.raw
Biogenic Amines,Nitro-Tyr,,#N/A,#N/A,#N/A,49_0_1_2_02_437301,KIT2-0-8114_1007800073_49_0_1_2_02_437301.raw
Biogenic Amines,Nitro-Tyr,,#N/A,#N/A,#N/A,85_0_1_1_15_437331,KIT2-0-8114_1007800073_85_0_1_1_15_437331.raw
Biogenic Amines,Nitro-Tyr,,#N/A,#N/A,#N/A,85_0_1_2_15_437331,KIT2-0-8114_1007800073_85_0_1_2_15_437331.raw
Biogenic Amines,Nitro-Tyr,,#N/A,#N/A,#N/A,26_0_1_1_18_437362,KIT2-0-8114_1007800073_26_0_1_1_18_437362.raw
Biogenic Amines,Nitro-Tyr,,#N/A,#N/A,#N/A,26_0_1_2_18_437362,KIT2-0-8114_1007800073_26_0_1_2_18_437362.raw
Biogenic Amines,Nitro-Tyr,,#N/A,#N/A,#N/A,38_0_1_1_03_493393,KIT2-0-8114_1007800073_38_0_1_1_03_493393.raw
Biogenic Amines,Nitro-Tyr,,#N/A,#N/A,#N/A,38_0_1_2_03_493393,KIT2-0-8114_1007800073_38_0_1_2_03_493393.raw
Biogenic Amines,Nitro-Tyr,,#N/A,#N/A,#N/A,38_0_1_3_03_493393,KIT2-0-8114_1007800073_38_0_1_3_03_493393.raw
Biogenic Amines,Nitro-Tyr,,#N/A,#N/A,#N/A,74_0_1_1_00_1007791711,KIT2-0-8114_1007800073_74_0_1_1_00_1007791711.raw
Biogenic Amines,Nitro-Tyr,,#N/A,#N/A,#N/A,74_0_1_2_00_1007791711,KIT2-0-8114_1007800073_74_0_1_2_00_1007791711.raw
Biogenic Amines,Nitro-Tyr,,#N/A,#N/A,#N/A,74_0_1_3_00_1007791711,KIT2-0-8114_1007800073_74_0_1_3_00_1007791711.raw
Biogenic Amines,Nitro-Tyr,,#N/A,#N/A,#N/A,15_0_1_1_00_1007791731,KIT2-0-8114_1007800073_15_0_1_1_00_1007791731.raw
Biogenic Amines,Nitro-Tyr,,#N/A,#N/A,#N/A,27_0_1_1_00_1007791731,KIT2-0-8114_1007800073_27_0_1_1_00_1007791731.raw
Biogenic Amines,Nitro-Tyr,,#N/A,#N/A,#N/A,39_0_1_1_00_1007791731,KIT2-0-8114_1007800073_39_0_1_1_00_1007791731.raw
Biogenic Amines,c4-OH-Pro,,#N/A,#N/A,#N/A,01_0_1_1_01_10000001,KIT2-0-8114_1007800073_01_0_1_1_01_10000001.raw
Biogenic Amines,c4-OH-Pro,,#N/A,#N/A,#N/A,13_0_1_1_10_11000002,KIT2-0-8114_1007800073_13_0_1_1_10_11000002.raw
Biogenic Amines,c4-OH-Pro,,#N/A,#N/A,#N/A,49_0_1_1_02_437301,KIT2-0-8114_1007800073_49_0_1_1_02_437301.raw
Biogenic Amines,c4-OH-Pro,,#N/A,#N/A,#N/A,49_0_1_2_02_437301,KIT2-0-8114_1007800073_49_0_1_2_02_437301.raw
Biogenic Amines,c4-OH-Pro,,#N/A,#N/A,#N/A,85_0_1_1_15_437331,KIT2-0-8114_1007800073_85_0_1_1_15_437331.raw
Biogenic Amines,c4-OH-Pro,,#N/A,#N/A,#N/A,85_0_1_2_15_437331,KIT2-0-8114_1007800073_85_0_1_2_15_437331.raw
Biogenic Amines,c4-OH-Pro,,#N/A,#N/A,#N/A,26_0_1_1_18_437362,KIT2-0-8114_1007800073_26_0_1_1_18_437362.raw
Biogenic Amines,c4-OH-Pro,,#N/A,#N/A,#N/A,26_0_1_2_18_437362,KIT2-0-8114_1007800073_26_0_1_2_18_437362.raw
Biogenic Amines,c4-OH-Pro,,#N/A,#N/A,#N/A,38_0_1_1_03_493393,KIT2-0-8114_1007800073_38_0_1_1_03_493393.raw
Biogenic Amines,c4-OH-Pro,,#N/A,#N/A,#N/A,38_0_1_2_03_493393,KIT2-0-8114_1007800073_38_0_1_2_03_493393.raw
Biogenic Amines,c4-OH-Pro,,#N/A,#N/A,#N/A,38_0_1_3_03_493393,KIT2-0-8114_1007800073_38_0_1_3_03_493393.raw
Biogenic Amines,c4-OH-Pro,,#N/A,#N/A,#N/A,74_0_1_1_00_1007791711,KIT2-0-8114_1007800073_74_0_1_1_00_1007791711.raw
Biogenic Amines,c4-OH-Pro,,#N/A,#N/A,#N/A,74_0_1_2_00_1007791711,KIT2-0-8114_1007800073_74_0_1_2_00_1007791711.raw
Biogenic Amines,c4-OH-Pro,,#N/A,#N/A,#N/A,74_0_1_3_00_1007791711,KIT2-0-8114_1007800073_74_0_1_3_00_1007791711.raw
Biogenic Amines,c4-OH-Pro,,#N/A,#N/A,#N/A,15_0_1_1_00_1007791731,KIT2-0-8114_1007800073_15_0_1_1_00_1007791731.raw
Biogenic Amines,c4-OH-Pro,,#N/A,#N/A,#N/A,27_0_1_1_00_1007791731,KIT2-0-8114_1007800073_27_0_1_1_00_1007791731.raw
Biogenic Amines,c4-OH-Pro,,#N/A,#N/A,#N/A,39_0_1_1_00_1007791731,KIT2-0-8114_1007800073_39_0_1_1_00_1007791731.raw
Biogenic Amines,t4-OH-Pro,,#N/A,#N/A,#N/A,01_0_1_1_01_10000001,KIT2-0-8114_1007800073_01_0_1_1_01_10000001.raw
Biogenic Amines,t4-OH-Pro,,#N/A,#N/A,#N/A,13_0_1_1_10_11000002,KIT2-0-8114_1007800073_13_0_1_1_10_11000002.raw
Biogenic Amines,t4-OH-Pro,,#N/A,#N/A,#N/A,49_0_1_1_02_437301,KIT2-0-8114_1007800073_49_0_1_1_02_437301.raw
Biogenic Amines,t4-OH-Pro,,#N/A,#N/A,#N/A,49_0_1_2_02_437301,KIT2-0-8114_1007800073_49_0_1_2_02_437301.raw
Biogenic Amines,t4-OH-Pro,,#N/A,#N/A,#N/A,85_0_1_1_15_437331,KIT2-0-8114_1007800073_85_0_1_1_15_437331.raw
Biogenic Amines,t4-OH-Pro,,#N/A,#N/A,#N/A,85_0_1_2_15_437331,KIT2-0-8114_1007800073_85_0_1_2_15_437331.raw
Biogenic Amines,t4-OH-Pro,,#N/A,#N/A,#N/A,26_0_1_1_18_437362,KIT2-0-8114_1007800073_26_0_1_1_18_437362.raw
Biogenic Amines,t4-OH-Pro,,#N/A,#N/A,#N/A,26_0_1_2_18_437362,KIT2-0-8114_1007800073_26_0_1_2_18_437362.raw
Biogenic Amines,t4-OH-Pro,,#N/A,#N/A,#N/A,38_0_1_1_03_493393,KIT2-0-8114_1007800073_38_0_1_1_03_493393.raw
Biogenic Amines,t4-OH-Pro,,#N/A,#N/A,#N/A,38_0_1_2_03_493393,KIT2-0-8114_1007800073_38_0_1_2_03_493393.raw
Biogenic Amines,t4-OH-Pro,,#N/A,#N/A,#N/A,38_0_1_3_03_493393,KIT2-0-8114_1007800073_38_0_1_3_03_493393.raw
Biogenic Amines,t4-OH-Pro,,#N/A,#N/A,#N/A,74_0_1_1_00_1007791711,KIT2-0-8114_1007800073_74_0_1_1_00_1007791711.raw
Biogenic Amines,t4-OH-Pro,,#N/A,#N/A,#N/A,74_0_1_2_00_1007791711,KIT2-0-8114_1007800073_74_0_1_2_00_1007791711.raw
Biogenic Amines,t4-OH-Pro,,#N/A,#N/A,#N/A,74_0_1_3_00_1007791711,KIT2-0-8114_1007800073_74_0_1_3_00_1007791711.raw
Biogenic Amines,t4-OH-Pro,,#N/A,#N/A,#N/A,15_0_1_1_00_1007791731,KIT2-0-8114_1007800073_15_0_1_1_00_1007791731.raw
Biogenic Amines,t4-OH-Pro,,#N/A,#N/A,#N/A,27_0_1_1_00_1007791731,KIT2-0-8114_1007800073_27_0_1_1_00_1007791731.raw
Biogenic Amines,t4-OH-Pro,,#N/A,#N/A,#N/A,39_0_1_1_00_1007791731,KIT2-0-8114_1007800073_39_0_1_1_00_1007791731.raw
Biogenic Amines,PEA,,#N/A,#N/A,#N/A,01_0_1_1_01_10000001,KIT2-0-8114_1007800073_01_0_1_1_01_10000001.raw
Biogenic Amines,PEA,,#N/A,#N/A,#N/A,13_0_1_1_10_11000002,KIT2-0-8114_1007800073_13_0_1_1_10_11000002.raw
Biogenic Amines,PEA,,#N/A,#N/A,#N/A,49_0_1_1_02_437301,KIT2-0-8114_1007800073_49_0_1_1_02_437301.raw
Biogenic Amines,PEA,,#N/A,#N/A,#N/A,49_0_1_2_02_437301,KIT2-0-8114_1007800073_49_0_1_2_02_437301.raw
Biogenic Amines,PEA,,#N/A,#N/A,#N/A,85_0_1_1_15_437331,KIT2-0-8114_1007800073_85_0_1_1_15_437331.raw
Biogenic Amines,PEA,,#N/A,#N/A,#N/A,85_0_1_2_15_437331,KIT2-0-8114_1007800073_85_0_1_2_15_437331.raw
Biogenic Amines,PEA,,#N/A,#N/A,#N/A,26_0_1_1_18_437362,KIT2-0-8114_1007800073_26_0_1_1_18_437362.raw
Biogenic Amines,PEA,,#N/A,#N/A,#N/A,26_0_1_2_18_437362,KIT2-0-8114_1007800073_26_0_1_2_18_437362.raw
Biogenic Amines,PEA,,#N/A,#N/A,#N/A,38_0_1_1_03_493393,KIT2-0-8114_1007800073_38_0_1_1_03_493393.raw
Biogenic Amines,PEA,,#N/A,#N/A,#N/A,38_0_1_2_03_493393,KIT2-0-8114_1007800073_38_0_1_2_03_493393.raw
Biogenic Amines,PEA,,#N/A,#N/A,#N/A,38_0_1_3_03_493393,KIT2-0-8114_1007800073_38_0_1_3_03_493393.raw
Biogenic Amines,PEA,,#N/A,#N/A,#N/A,74_0_1_1_00_1007791711,KIT2-0-8114_1007800073_74_0_1_1_00_1007791711.raw
Biogenic Amines,PEA,,#N/A,#N/A,#N/A,74_0_1_2_00_1007791711,KIT2-0-8114_1007800073_74_0_1_2_00_1007791711.raw
Biogenic Amines,PEA,,#N/A,#N/A,#N/A,74_0_1_3_00_1007791711,KIT2-0-8114_1007800073_74_0_1_3_00_1007791711.raw
Biogenic Amines,PEA,,#N/A,#N/A,#N/A,15_0_1_1_00_1007791731,KIT2-0-8114_1007800073_15_0_1_1_00_1007791731.raw
Biogenic Amines,PEA,,#N/A,#N/A,#N/A,27_0_1_1_00_1007791731,KIT2-0-8114_1007800073_27_0_1_1_00_1007791731.raw
Biogenic Amines,PEA,,#N/A,#N/A,#N/A,39_0_1_1_00_1007791731,KIT2-0-8114_1007800073_39_0_1_1_00_1007791731.raw
